time stamp,Node_ID,Temp,Moist
2022-03-09 13:02,9,27.06,41.22
2022-03-09 13:09,3,27.41,38.37
2022-03-09 13:11,10,27.41,42.04
2022-03-09 13:19,1,27.06,56.73
2022-03-09 13:22,9,27.41,41.22
2022-03-09 13:23,4,27.76,46.53
2022-03-09 13:24,4,27.76,46.53
2022-03-09 13:29,3,27.41,38.37
2022-03-09 13:33,5,26.71,37.96
2022-03-09 13:38,5,26.71,37.55
2022-03-09 13:39,1,27.06,56.33
2022-03-09 13:42,9,27.41,41.22
2022-03-09 13:43,6,27.41,40
2022-03-09 13:44,4,27.76,46.53
2022-03-09 13:46,6,27.06,36.73
2022-03-09 13:49,3,27.41,38.37
2022-03-09 13:50,7,27.06,36.73
2022-03-09 13:52,7,27.06,
2022-03-09 13:57,8,27.76,35.1
2022-03-09 13:58,5,27.06,37.55
2022-03-09 13:58,8,27.76,35.1
2022-03-09 13:59,1,27.41,56.33
2022-03-09 14:03,4,28.1,46.53
2022-03-09 14:05,6,27.06,36.33
2022-03-09 14:05,9,27.41,40.41
2022-03-09 14:06,9,27.41,40
2022-03-09 14:09,3,27.76,37.96
2022-03-09 14:11,10,28.1,
2022-03-09 14:12,7,27.06,33.88
2022-03-09 14:12,10,28.1,41.22
2022-03-09 14:13,10,28.1,41.22
2022-03-09 14:17,5,27.06,37.14
2022-03-09 14:18,8,28.1,35.1
2022-03-09 14:19,1,27.41,56.33
2022-03-09 14:21,11,27.41,37.96
2022-03-09 14:23,4,28.1,46.53
2022-03-09 14:25,6,27.06,36.33
2022-03-09 14:25,9,27.76,40.41
2022-03-09 14:29,3,27.76,37.96
2022-03-09 14:30,12,28.1,34.69
2022-03-09 14:31,12,28.1,33.47
2022-03-09 14:32,7,27.06,33.47
2022-03-09 14:32,12,28.1,33.06
2022-03-09 14:33,10,28.45,41.22
2022-03-09 14:37,2,27.41,36.73
2022-03-09 14:37,5,27.06,37.14
2022-03-09 14:38,8,28.1,35.1
2022-03-09 14:39,1,27.41,56.33
2022-03-09 14:41,11,27.41,37.55
2022-03-09 14:42,2,27.41,36.73
2022-03-09 14:43,4,28.45,46.53
2022-03-09 14:45,6,27.06,36.33
2022-03-09 14:45,9,27.76,40.41
2022-03-09 14:47,2,27.41,36.73
2022-03-09 14:49,3,28.1,37.96
2022-03-09 14:52,2,27.41,36.73
2022-03-09 14:52,7,27.41,33.47
2022-03-09 14:52,12,28.1,33.06
2022-03-09 14:53,10,28.8,41.22
2022-03-09 14:57,2,27.41,36.73
2022-03-09 14:57,5,27.41,37.14
2022-03-09 14:58,8,28.45,34.69
2022-03-09 14:59,1,27.41,56.33
2022-03-09 15:01,11,27.41,37.55
2022-03-09 15:02,2,27.76,36.73
2022-03-09 15:03,4,28.45,46.53
2022-03-09 15:05,6,27.41,36.33
2022-03-09 15:05,9,28.1,40
2022-03-09 15:07,2,27.76,36.73
2022-03-09 15:09,3,28.1,37.96
2022-03-09 15:12,2,27.76,36.73
2022-03-09 15:12,7,27.41,33.47
2022-03-09 15:12,12,28.45,33.06
2022-03-09 15:13,10,29.14,41.22
2022-03-09 15:17,2,27.76,36.73
2022-03-09 15:18,8,28.8,34.69
2022-03-09 15:19,1,27.76,55.92
2022-03-09 15:21,11,27.76,37.55
2022-03-09 15:22,2,27.76,36.73
2022-03-09 15:23,4,28.8,46.53
2022-03-09 15:25,6,27.41,36.33
2022-03-09 15:25,9,28.1,40
2022-03-09 15:27,2,27.76,36.73
2022-03-09 15:29,3,28.45,37.96
2022-03-09 15:32,2,27.76,36.73
2022-03-09 15:32,7,27.41,33.06
2022-03-09 15:32,10,29.49,41.22
2022-03-09 15:32,12,28.45,33.06
2022-03-09 15:37,2,27.76,36.73
2022-03-09 15:37,5,27.41,37.14
2022-03-09 15:38,1,27.76,55.92
2022-03-09 15:38,8,29.14,34.69
2022-03-09 15:41,11,27.76,37.14
2022-03-09 15:42,2,27.76,36.73
2022-03-09 15:43,4,29.14,46.12
2022-03-09 15:45,6,27.41,36.33
2022-03-09 15:47,2,27.76,36.73
2022-03-09 15:49,3,28.45,37.96
2022-03-09 15:51,7,27.76,33.06
2022-03-09 15:52,2,27.76,36.73
2022-03-09 15:52,10,30.18,41.22
2022-03-09 15:52,12,28.8,33.06
2022-03-09 15:57,2,27.76,36.73
2022-03-09 15:57,5,27.76,37.14
2022-03-09 15:58,1,27.76,55.92
2022-03-09 15:58,8,29.49,34.69
2022-03-09 16:01,11,28.1,37.14
2022-03-09 16:02,2,28.1,36.73
2022-03-09 16:03,4,29.14,46.12
2022-03-09 16:05,6,27.76,35.92
2022-03-09 16:05,9,28.45,40
2022-03-09 16:07,2,28.1,36.73
2022-03-09 16:09,3,28.8,37.96
2022-03-09 16:11,7,27.76,33.06
2022-03-09 16:12,2,28.1,36.73
2022-03-09 16:12,10,30.53,41.22
2022-03-09 16:12,12,28.8,33.06
2022-03-09 16:17,2,28.1,36.73
2022-03-09 16:17,5,27.76,36.73
2022-03-09 16:18,1,28.1,55.92
2022-03-09 16:18,8,29.49,34.69
2022-03-09 16:21,11,28.1,37.14
2022-03-09 16:22,2,28.1,36.73
2022-03-09 16:23,4,29.49,46.12
2022-03-09 16:25,6,27.76,35.92
2022-03-09 16:25,9,28.45,40
2022-03-09 16:27,2,28.1,36.73
2022-03-09 16:29,3,28.8,37.55
2022-03-09 16:31,7,28.1,32.65
2022-03-09 16:32,2,28.1,36.73
2022-03-09 16:32,10,30.88,40.82
2022-03-09 16:32,12,28.8,33.06
2022-03-09 16:37,2,28.1,36.73
2022-03-09 16:37,5,28.1,36.73
2022-03-09 16:38,1,28.1,56.33
2022-03-09 16:38,8,29.84,34.69
2022-03-09 16:40,11,28.45,37.14
2022-03-09 16:42,2,28.1,36.73
2022-03-09 16:43,4,29.49,46.12
2022-03-09 16:45,6,27.76,35.92
2022-03-09 16:45,9,28.8,40
2022-03-09 16:47,2,28.1,36.73
2022-03-09 16:48,3,29.14,37.55
2022-03-09 16:51,7,28.1,32.65
2022-03-09 16:52,2,28.1,36.73
2022-03-09 16:52,12,29.14,33.06
2022-03-09 16:57,2,28.45,36.73
2022-03-09 16:57,5,28.1,36.73
2022-03-09 16:58,1,28.1,56.33
2022-03-09 16:58,8,30.18,34.69
2022-03-09 17:00,11,28.8,37.14
2022-03-09 17:02,2,28.45,36.73
2022-03-09 17:03,4,29.84,46.12
2022-03-09 17:05,9,28.8,40
2022-03-09 17:07,2,28.45,36.73
2022-03-09 17:08,3,29.14,37.55
2022-03-09 17:11,7,28.1,32.65
2022-03-09 17:12,2,28.45,36.73
2022-03-09 17:12,10,31.92,40.82
2022-03-09 17:12,12,29.49,33.06
2022-03-09 17:17,2,28.45,36.73
2022-03-09 17:17,5,28.1,36.73
2022-03-09 17:18,1,28.45,55.92
2022-03-09 17:18,8,30.18,34.29
2022-03-09 17:20,11,29.14,36.73
2022-03-09 17:23,2,28.45,36.33
2022-03-09 17:23,4,29.84,45.71
2022-03-09 17:25,6,28.1,35.92
2022-03-09 17:28,2,28.45,36.33
2022-03-09 17:28,3,29.14,37.55
2022-03-09 17:31,7,28.45,32.65
2022-03-09 17:32,12,29.84,33.06
2022-03-09 17:33,2,28.45,36.33
2022-03-09 17:37,5,28.45,36.33
2022-03-09 17:38,1,28.45,56.33
2022-03-09 17:38,2,28.45,36.33
2022-03-09 17:38,8,30.53,34.29
2022-03-09 17:40,11,29.14,36.73
2022-03-09 17:43,2,28.45,36.33
2022-03-09 17:43,4,30.18,45.71
2022-03-09 17:44,9,29.14,40
2022-03-09 17:45,6,28.45,35.92
2022-03-09 17:48,2,28.8,36.73
2022-03-09 17:48,3,29.14,37.55
2022-03-09 17:51,7,28.45,32.24
2022-03-09 17:52,10,32.96,40.82
2022-03-09 17:52,12,29.84,33.06
2022-03-09 17:53,2,28.8,36.33
2022-03-09 17:57,5,28.45,36.33
2022-03-09 17:57,8,30.53,34.29
2022-03-09 17:58,1,28.45,55.51
2022-03-09 17:58,2,28.8,36.33
2022-03-09 18:00,11,29.49,36.73
2022-03-09 18:03,2,28.8,36.33
2022-03-09 18:03,4,30.18,45.71
2022-03-09 18:04,9,29.49,40
2022-03-09 18:05,6,28.45,35.51
2022-03-09 18:08,2,28.8,36.33
2022-03-09 18:08,3,29.14,37.55
2022-03-09 18:11,7,28.45,32.24
2022-03-09 18:12,10,33.31,40.82
2022-03-09 18:12,12,30.18,33.06
2022-03-09 18:13,2,28.8,36.33
2022-03-09 18:16,5,28.45,36.73
2022-03-09 18:17,8,30.53,34.29
2022-03-09 18:18,1,28.8,55.51
2022-03-09 18:18,2,28.8,36.33
2022-03-09 18:20,11,29.49,36.33
2022-03-09 18:23,2,28.8,36.33
2022-03-09 18:23,4,30.18,45.71
2022-03-09 18:24,9,29.49,40
2022-03-09 18:25,6,28.8,35.51
2022-03-09 18:28,2,28.8,36.33
2022-03-09 18:28,3,29.49,37.14
2022-03-09 18:31,7,28.8,32.24
2022-03-09 18:31,12,30.53,33.06
2022-03-09 18:33,2,28.8,36.33
2022-03-09 18:36,5,28.45,36.73
2022-03-09 18:37,8,30.53,34.29
2022-03-09 18:38,1,28.8,55.51
2022-03-09 18:38,2,29.14,36.33
2022-03-09 18:40,11,29.49,36.33
2022-03-09 18:42,4,30.53,45.31
2022-03-09 18:43,2,29.14,36.33
2022-03-09 18:44,6,28.8,35.51
2022-03-09 18:44,9,29.84,40
2022-03-09 18:48,2,29.14,36.33
2022-03-09 18:48,3,29.49,37.14
2022-03-09 18:51,7,28.8,32.24
2022-03-09 18:51,12,30.88,33.06
2022-03-09 18:52,10,33.65,40.41
2022-03-09 18:53,2,29.14,36.33
2022-03-09 18:56,5,28.8,36.73
2022-03-09 18:57,8,30.53,34.29
2022-03-09 18:58,1,29.14,55.51
2022-03-09 18:58,2,29.14,36.33
2022-03-09 19:00,11,29.49,36.33
2022-03-09 19:02,4,30.53,45.31
2022-03-09 19:03,2,29.14,36.33
2022-03-09 19:04,6,29.14,35.51
2022-03-09 19:04,9,29.84,40
2022-03-09 19:08,2,29.14,36.33
2022-03-09 19:08,3,29.49,37.14
2022-03-09 19:11,7,28.8,32.24
2022-03-09 19:11,12,31.22,33.06
2022-03-09 19:12,10,33.65,40.41
2022-03-09 19:13,2,29.14,36.33
2022-03-09 19:16,5,28.8,36.33
2022-03-09 19:17,1,29.14,55.1
2022-03-09 19:17,8,30.53,34.29
2022-03-09 19:18,2,29.49,36.33
2022-03-09 19:20,11,29.49,36.33
2022-03-09 19:22,4,30.53,45.31
2022-03-09 19:23,2,29.49,36.33
2022-03-09 19:24,6,29.14,35.1
2022-03-09 19:24,9,30.18,40
2022-03-09 19:28,2,29.49,36.33
2022-03-09 19:28,3,29.49,37.14
2022-03-09 19:30,7,29.14,32.24
2022-03-09 19:31,12,31.57,32.65
2022-03-09 19:33,2,29.49,36.33
2022-03-09 19:36,5,29.14,36.33
2022-03-09 19:37,1,29.14,55.1
2022-03-09 19:37,8,30.53,33.88
2022-03-09 19:38,2,29.49,36.33
2022-03-09 19:40,11,29.49,36.33
2022-03-09 19:42,4,30.53,45.31
2022-03-09 19:43,2,29.49,36.33
2022-03-09 19:44,6,29.14,35.1
2022-03-09 19:44,9,30.53,40
2022-03-09 19:48,2,29.49,36.33
2022-03-09 19:48,3,29.49,37.14
2022-03-09 19:50,7,29.14,31.84
2022-03-09 19:51,10,33.31,40.41
2022-03-09 19:51,12,31.92,32.65
2022-03-09 19:53,2,29.49,36.33
2022-03-09 19:56,5,29.14,35.92
2022-03-09 19:57,1,29.14,54.69
2022-03-09 19:57,8,30.53,33.88
2022-03-09 19:58,2,29.49,36.33
2022-03-09 20:00,11,29.49,35.92
2022-03-09 20:02,4,30.53,45.31
2022-03-09 20:03,2,29.49,36.33
2022-03-09 20:04,9,30.53,40
2022-03-09 20:08,2,29.84,36.33
2022-03-09 20:08,3,29.84,37.14
2022-03-09 20:10,7,29.14,31.84
2022-03-09 20:11,12,32.27,32.65
2022-03-09 20:13,2,29.84,36.33
2022-03-09 20:17,1,29.14,54.69
2022-03-09 20:17,8,30.53,33.88
2022-03-09 20:18,2,29.84,36.33
2022-03-09 20:19,11,29.49,35.92
2022-03-09 20:22,4,30.53,44.9
2022-03-09 20:23,2,29.84,35.92
2022-03-09 20:24,6,29.49,34.69
2022-03-09 20:24,9,30.53,39.59
2022-03-09 20:28,2,29.84,35.92
2022-03-09 20:28,3,29.84,36.73
2022-03-09 20:30,7,29.14,31.84
2022-03-09 20:31,12,32.27,32.65
2022-03-09 20:33,2,29.84,35.92
2022-03-09 20:36,5,29.14,35.92
2022-03-09 20:37,1,29.49,54.69
2022-03-09 20:37,8,30.53,33.88
2022-03-09 20:38,2,29.84,35.92
2022-03-09 20:39,11,29.49,35.92
2022-03-09 20:42,4,30.88,44.9
2022-03-09 20:43,2,29.84,35.92
2022-03-09 20:44,6,29.49,34.29
2022-03-09 20:44,9,30.88,39.59
2022-03-09 20:47,3,29.84,36.73
2022-03-09 20:48,2,29.84,35.92
2022-03-09 20:50,7,29.49,31.43
2022-03-09 20:51,10,33.31,40.41
2022-03-09 20:51,12,32.27,32.65
2022-03-09 20:53,2,29.84,35.92
2022-03-09 20:56,5,29.14,35.92
2022-03-09 20:57,1,29.49,54.69
2022-03-09 20:57,8,30.53,33.88
2022-03-09 20:58,2,29.84,35.92
2022-03-09 20:59,11,29.49,35.92
2022-03-09 21:02,4,30.53,44.9
2022-03-09 21:03,2,29.84,35.92
2022-03-09 21:03,9,30.88,39.59
2022-03-09 21:04,6,29.49,34.69
2022-03-09 21:07,3,29.84,36.73
2022-03-09 21:08,2,29.84,35.92
2022-03-09 21:10,7,29.49,31.43
2022-03-09 21:11,12,32.27,32.24
2022-03-09 21:13,2,29.84,35.92
2022-03-09 21:16,5,29.49,35.92
2022-03-09 21:17,1,29.14,54.69
2022-03-09 21:17,8,30.53,33.88
2022-03-09 21:18,2,29.84,35.51
2022-03-09 21:19,11,29.49,35.92
2022-03-09 21:22,4,30.53,44.9
2022-03-09 21:23,2,29.84,35.51
2022-03-09 21:23,9,30.88,39.18
2022-03-09 21:24,6,29.49,34.29
2022-03-09 21:27,3,29.84,36.73
2022-03-09 21:28,2,29.84,35.92
2022-03-09 21:30,7,29.49,31.43
2022-03-09 21:30,12,32.27,32.24
2022-03-09 21:33,2,29.84,35.92
2022-03-09 21:35,5,29.14,35.92
2022-03-09 21:36,8,30.53,33.88
2022-03-09 21:37,1,29.14,54.69
2022-03-09 21:38,2,29.84,35.92
2022-03-09 21:39,11,29.49,35.92
2022-03-09 21:42,4,30.53,44.49
2022-03-09 21:43,2,29.84,35.92
2022-03-09 21:43,9,30.88,39.18
2022-03-09 21:44,6,29.49,34.29
2022-03-09 21:47,3,29.84,36.73
2022-03-09 21:48,2,29.84,35.92
2022-03-09 21:50,7,29.49,31.43
2022-03-09 21:50,12,32.27,32.24
2022-03-09 21:51,10,32.96,40.41
2022-03-09 21:53,2,29.84,35.92
2022-03-09 21:55,5,29.14,35.92
2022-03-09 21:56,8,30.53,33.88
2022-03-09 21:57,1,29.14,54.69
2022-03-09 21:58,2,29.84,35.92
2022-03-09 21:59,11,29.49,35.51
2022-03-09 22:01,4,30.53,44.49
2022-03-09 22:03,2,29.84,35.92
2022-03-09 22:03,6,29.49,34.29
2022-03-09 22:03,9,30.53,39.18
2022-03-09 22:07,3,29.49,36.73
2022-03-09 22:08,2,29.84,35.92
2022-03-09 22:10,7,29.49,31.43
2022-03-09 22:10,12,31.92,32.24
2022-03-09 22:13,2,29.84,35.92
2022-03-09 22:15,5,29.14,35.92
2022-03-09 22:16,1,29.14,54.69
2022-03-09 22:16,8,30.18,33.47
2022-03-09 22:18,2,29.84,35.51
2022-03-09 22:19,11,29.49,35.51
2022-03-09 22:21,4,30.18,44.49
2022-03-09 22:23,2,29.84,35.51
2022-03-09 22:23,6,29.49,34.29
2022-03-09 22:23,9,30.53,39.18
2022-03-09 22:27,3,29.49,36.73
2022-03-09 22:28,2,29.84,35.92
2022-03-09 22:29,7,29.49,31.43
2022-03-09 22:30,12,31.92,32.24
2022-03-09 22:31,10,32.61,40
2022-03-09 22:33,2,29.49,35.51
2022-03-09 22:35,5,29.14,35.51
2022-03-09 22:36,1,29.14,54.69
2022-03-09 22:36,8,30.18,33.88
2022-03-09 22:38,2,29.49,35.92
2022-03-09 22:39,11,29.49,35.51
2022-03-09 22:41,4,30.18,44.49
2022-03-09 22:43,2,29.49,35.92
2022-03-09 22:43,6,29.49,34.29
2022-03-09 22:43,9,30.53,39.18
2022-03-09 22:47,3,29.49,36.73
2022-03-09 22:48,2,29.49,35.51
2022-03-09 22:49,7,29.49,31.43
2022-03-09 22:50,12,31.92,32.24
2022-03-09 22:51,10,32.27,40
2022-03-09 22:53,2,29.49,35.51
2022-03-09 22:55,5,29.14,35.51
2022-03-09 22:56,1,29.14,55.1
2022-03-09 22:56,8,30.18,33.88
2022-03-09 22:58,2,29.49,35.51
2022-03-09 22:59,11,29.49,35.51
2022-03-09 23:01,4,30.18,44.49
2022-03-09 23:03,2,29.49,35.51
2022-03-09 23:03,6,29.14,34.29
2022-03-09 23:03,9,30.18,39.18
2022-03-09 23:07,3,29.49,36.73
2022-03-09 23:08,2,29.49,35.51
2022-03-09 23:09,7,29.49,31.43
2022-03-09 23:10,10,32.27,40
2022-03-09 23:10,12,31.57,32.24
2022-03-09 23:13,2,29.49,35.51
2022-03-09 23:16,1,29.14,55.1
2022-03-09 23:16,8,29.84,33.88
2022-03-09 23:18,2,29.49,35.51
2022-03-09 23:18,11,29.14,35.51
2022-03-09 23:21,4,30.18,44.49
2022-03-09 23:23,2,29.49,35.51
2022-03-09 23:23,6,29.14,34.29
2022-03-09 23:23,9,30.18,39.18
2022-03-09 23:27,3,29.49,36.33
2022-03-09 23:28,2,29.49,35.51
2022-03-09 23:29,7,29.49,31.43
2022-03-09 23:30,10,31.92,40
2022-03-09 23:33,2,29.49,35.51
2022-03-09 23:35,5,29.14,35.51
2022-03-09 23:36,1,29.14,54.69
2022-03-09 23:36,8,29.84,33.47
2022-03-09 23:38,2,29.49,35.51
2022-03-09 23:38,11,29.14,35.51
2022-03-09 23:41,4,29.84,44.49
2022-03-09 23:42,9,30.18,38.78
2022-03-09 23:43,2,29.49,35.92
2022-03-09 23:43,6,29.14,34.29
2022-03-09 23:47,3,29.14,36.33
2022-03-09 23:48,2,29.49,35.51
2022-03-09 23:49,7,29.14,31.43
2022-03-09 23:50,10,31.92,40
2022-03-09 23:50,12,31.22,32.24
2022-03-09 23:53,2,29.49,35.92
2022-03-09 23:55,5,28.8,35.51
2022-03-09 23:56,1,29.14,54.69
2022-03-09 23:56,8,29.84,33.88
2022-03-09 23:58,2,29.49,35.51
2022-03-09 23:58,11,29.14,35.51
2022-03-10 00:01,4,29.84,44.49
2022-03-10 00:02,9,29.84,38.78
2022-03-10 00:03,2,29.49,35.51
2022-03-10 00:03,6,29.14,34.29
2022-03-10 00:06,3,29.14,36.33
2022-03-10 00:09,7,29.14,31.43
2022-03-10 00:10,10,31.57,40
2022-03-10 00:10,12,31.22,32.24
2022-03-10 00:13,2,29.14,35.51
2022-03-10 00:15,5,28.8,35.51
2022-03-10 00:16,1,28.8,54.69
2022-03-10 00:16,8,29.49,33.88
2022-03-10 00:18,2,29.14,35.51
2022-03-10 00:18,11,29.14,35.51
2022-03-10 00:21,4,29.84,44.49
2022-03-10 00:22,9,29.84,38.78
2022-03-10 00:23,2,29.14,35.51
2022-03-10 00:23,6,29.14,34.29
2022-03-10 00:28,2,29.14,35.51
2022-03-10 00:29,7,29.14,31.43
2022-03-10 00:30,10,31.57,40
2022-03-10 00:30,12,30.88,32.24
2022-03-10 00:33,2,29.14,35.51
2022-03-10 00:35,5,28.8,35.51
2022-03-10 00:36,1,28.8,54.69
2022-03-10 00:36,8,29.49,33.88
2022-03-10 00:38,2,29.14,35.51
2022-03-10 00:38,11,29.14,35.51
2022-03-10 00:41,4,29.49,44.49
2022-03-10 00:42,9,29.84,38.78
2022-03-10 00:43,2,29.14,35.51
2022-03-10 00:43,6,28.8,34.29
2022-03-10 02:48,7,28.8,31.43
2022-03-10 02:49,2,28.8,35.1
2022-03-10 02:49,10,30.53,40
2022-03-10 02:49,12,30.18,32.24
2022-03-10 02:54,2,28.8,35.1
2022-03-10 02:54,5,28.45,35.51
2022-03-10 02:55,1,28.45,54.69
2022-03-10 02:55,8,29.14,33.88
2022-03-10 02:57,11,28.45,35.51
2022-03-10 02:59,2,28.8,35.51
2022-03-10 03:00,4,29.14,44.49
2022-03-10 03:01,9,29.14,39.59
2022-03-10 03:02,6,28.45,34.69
2022-03-10 03:04,2,28.8,35.1
2022-03-10 03:06,3,28.8,36.73
2022-03-10 03:08,7,28.8,31.43
2022-03-10 03:09,2,28.8,35.1
2022-03-10 03:09,10,30.18,40
2022-03-10 03:09,12,29.84,31.84
2022-03-10 03:14,2,28.8,35.1
2022-03-10 03:15,1,28.45,54.69
2022-03-10 03:15,8,28.8,33.88
2022-03-10 03:17,11,28.45,35.51
2022-03-10 03:19,2,28.8,35.1
2022-03-10 03:20,4,29.14,44.49
2022-03-10 03:21,9,29.14,39.59
2022-03-10 03:22,6,28.45,34.69
2022-03-10 03:24,2,28.8,35.1
2022-03-10 03:25,3,28.45,36.73
2022-03-10 03:28,7,28.8,31.43
2022-03-10 03:29,2,28.8,35.1
2022-03-10 03:29,10,30.18,40
2022-03-10 03:29,12,29.84,31.84
2022-03-10 03:34,2,28.8,35.1
2022-03-10 03:34,5,28.1,35.51
2022-03-10 03:35,1,28.45,54.69
2022-03-10 03:35,8,28.8,33.88
2022-03-10 03:37,11,28.45,35.51
2022-03-10 03:39,2,28.8,35.1
2022-03-10 03:40,4,29.14,44.49
2022-03-10 03:41,9,29.14,39.59
2022-03-10 03:42,6,28.45,34.29
2022-03-10 03:44,2,28.8,35.1
2022-03-10 03:45,3,28.45,36.73
2022-03-10 03:48,7,28.8,31.43
2022-03-10 03:49,2,28.8,35.1
2022-03-10 03:49,10,30.18,40
2022-03-10 03:49,12,29.84,31.84
2022-03-10 03:54,2,28.8,35.1
2022-03-10 03:54,5,28.1,35.51
2022-03-10 03:55,1,28.45,54.69
2022-03-10 03:55,8,28.8,33.88
2022-03-10 03:57,11,28.45,35.92
2022-03-10 03:59,2,28.45,35.1
2022-03-10 04:00,4,28.8,44.9
2022-03-10 04:01,9,28.8,39.59
2022-03-10 04:02,6,28.1,34.69
2022-03-10 04:04,2,28.45,35.1
2022-03-10 04:05,3,28.45,36.73
2022-03-10 04:08,7,28.45,31.43
2022-03-10 04:09,2,28.45,35.1
2022-03-10 04:09,10,29.84,40
2022-03-10 04:09,12,29.49,32.24
2022-03-10 04:13,5,28.1,35.51
2022-03-10 04:14,2,28.45,35.1
2022-03-10 04:15,1,28.45,54.69
2022-03-10 04:15,8,28.8,33.88
2022-03-10 04:17,11,28.45,35.92
2022-03-10 04:19,2,28.45,35.1
2022-03-10 04:20,4,28.8,44.49
2022-03-10 04:21,9,28.8,38.37
2022-03-10 04:22,6,28.1,34.69
2022-03-10 04:24,2,28.45,35.1
2022-03-10 04:25,3,28.45,36.73
2022-03-10 04:28,7,28.45,31.43
2022-03-10 04:28,12,29.49,31.84
2022-03-10 04:29,2,28.45,35.1
2022-03-10 04:29,10,29.84,40
2022-03-10 04:33,5,28.1,35.51
2022-03-10 04:34,1,28.45,54.29
2022-03-10 04:34,2,28.45,35.1
2022-03-10 04:34,8,28.8,33.88
2022-03-10 04:37,11,28.1,35.92
2022-03-10 04:39,2,28.45,35.1
2022-03-10 04:40,4,28.8,44.9
2022-03-10 04:41,9,28.8,38.37
2022-03-10 04:42,6,28.1,34.69
2022-03-10 04:44,2,28.45,35.1
2022-03-10 04:45,3,28.45,36.73
2022-03-10 04:47,7,28.45,31.43
2022-03-10 04:48,12,29.49,31.84
2022-03-10 04:49,2,28.45,35.1
2022-03-10 04:49,10,29.84,40
2022-03-10 04:54,1,28.1,54.69
2022-03-10 04:54,2,28.45,35.1
2022-03-10 04:57,11,28.1,35.92
2022-03-10 04:59,2,28.45,35.1
2022-03-10 05:00,4,28.8,44.9
2022-03-10 05:01,9,28.8,38.37
2022-03-10 05:02,6,28.1,34.69
2022-03-10 05:04,2,28.45,35.1
2022-03-10 05:05,3,28.45,36.73
2022-03-10 05:07,7,28.45,31.84
2022-03-10 05:08,12,29.49,31.84
2022-03-10 05:09,2,28.45,35.1
2022-03-10 05:13,5,27.76,35.51
2022-03-10 05:14,1,28.1,54.29
2022-03-10 05:14,2,28.45,35.1
2022-03-10 05:14,8,28.45,33.47
2022-03-10 05:17,11,28.1,35.92
2022-03-10 05:19,2,28.45,35.1
2022-03-10 05:19,4,28.8,44.9
2022-03-10 05:21,9,28.8,38.37
2022-03-10 05:22,6,28.1,34.69
2022-03-10 05:24,2,28.45,35.1
2022-03-10 05:25,3,28.1,36.73
2022-03-10 05:27,7,28.45,31.43
2022-03-10 05:28,12,29.49,32.24
2022-03-10 05:29,2,28.45,35.1
2022-03-10 05:29,10,29.49,40
2022-03-10 05:33,5,27.76,35.92
2022-03-10 05:34,1,28.1,54.29
2022-03-10 05:34,2,28.45,35.1
2022-03-10 05:34,8,28.45,33.88
2022-03-10 05:37,11,28.1,35.92
2022-03-10 05:39,2,28.45,35.1
2022-03-10 05:39,4,28.8,44.9
2022-03-10 05:41,9,28.45,38.37
2022-03-10 05:42,6,28.1,34.69
2022-03-10 05:44,2,28.45,35.1
2022-03-10 05:47,7,28.45,31.43
2022-03-10 05:48,12,29.14,31.84
2022-03-10 05:49,2,28.45,35.1
2022-03-10 05:49,10,29.49,40
2022-03-10 05:53,5,27.76,35.51
2022-03-10 05:54,1,28.1,54.69
2022-03-10 05:54,2,28.1,35.1
2022-03-10 05:57,11,28.1,35.92
2022-03-10 05:59,2,28.1,35.1
2022-03-10 05:59,4,28.45,44.9
2022-03-10 06:01,6,28.1,34.69
2022-03-10 06:01,9,28.45,38.37
2022-03-10 06:04,2,28.1,35.1
2022-03-10 06:05,3,28.1,37.14
2022-03-10 06:07,7,28.1,31.43
2022-03-10 06:08,12,29.14,32.24
2022-03-10 06:09,2,28.1,35.1
2022-03-10 06:09,10,29.49,40
2022-03-10 06:13,5,27.76,35.51
2022-03-10 06:14,1,28.1,54.29
2022-03-10 06:14,2,28.1,35.1
2022-03-10 06:14,8,28.45,33.88
2022-03-10 06:16,11,28.1,35.92
2022-03-10 06:19,2,28.1,35.1
2022-03-10 06:19,4,28.45,44.9
2022-03-10 06:20,9,28.45,38.37
2022-03-10 06:21,6,27.76,34.69
2022-03-10 06:24,2,28.1,35.1
2022-03-10 06:25,3,28.1,36.73
2022-03-10 06:27,7,28.1,31.84
2022-03-10 06:28,12,29.14,32.24
2022-03-10 06:29,2,28.1,35.1
2022-03-10 06:33,5,27.76,35.51
2022-03-10 06:34,1,28.1,54.29
2022-03-10 06:34,2,28.1,35.1
2022-03-10 06:36,11,27.76,35.92
2022-03-10 06:39,2,28.1,35.1
2022-03-10 06:39,4,28.45,44.9
2022-03-10 06:40,9,28.45,38.78
2022-03-10 06:41,6,27.76,35.1
2022-03-10 06:44,2,28.1,35.1
2022-03-10 06:45,3,28.1,36.73
2022-03-10 06:47,7,28.1,31.84
2022-03-10 06:48,12,29.14,32.24
2022-03-10 06:49,2,28.1,35.1
2022-03-10 06:53,5,27.76,35.51
2022-03-10 06:54,1,28.1,54.29
2022-03-10 06:54,2,28.1,35.1
2022-03-10 06:56,11,27.76,35.92
2022-03-10 06:59,2,28.1,35.51
2022-03-10 06:59,4,28.45,44.9
2022-03-10 07:00,9,28.45,38.78
2022-03-10 07:01,6,27.76,34.69
2022-03-10 07:04,2,28.1,35.1
2022-03-10 07:04,3,28.1,36.73
2022-03-10 07:07,7,28.1,31.84
2022-03-10 07:08,12,29.14,32.24
2022-03-10 07:09,2,28.1,35.51
2022-03-10 07:13,5,27.41,35.51
2022-03-10 07:14,1,27.76,54.29
2022-03-10 07:14,2,28.1,35.1
2022-03-10 07:14,8,28.1,33.88
2022-03-10 07:16,11,27.76,35.92
2022-03-10 07:19,2,28.1,35.1
2022-03-10 07:19,4,28.45,45.31
2022-03-10 07:20,9,28.45,38.78
2022-03-10 07:21,6,27.76,34.69
2022-03-10 07:24,2,28.1,35.1
2022-03-10 07:24,3,28.1,36.73
2022-03-10 07:27,7,28.1,31.84
2022-03-10 07:28,10,29.14,40
2022-03-10 07:28,12,28.8,32.24
2022-03-10 07:29,2,28.1,35.1
2022-03-10 07:34,1,27.76,54.29
2022-03-10 07:34,2,28.1,35.51
2022-03-10 07:34,8,28.1,33.88
2022-03-10 07:36,11,27.76,35.92
2022-03-10 07:39,2,28.1,35.51
2022-03-10 07:39,4,28.45,44.9
2022-03-10 07:40,9,28.1,38.78
2022-03-10 07:41,6,27.76,35.1
2022-03-10 07:44,2,28.1,35.51
2022-03-10 07:44,3,28.1,36.73
2022-03-10 07:47,7,28.1,31.43
2022-03-10 07:48,12,28.8,32.24
2022-03-10 07:49,2,28.1,35.51
2022-03-10 07:52,5,27.41,35.51
2022-03-10 07:53,1,27.76,54.29
2022-03-10 07:54,2,28.1,35.51
2022-03-10 07:54,8,28.1,33.88
2022-03-10 07:56,11,27.76,35.92
2022-03-10 07:59,2,28.1,35.51
2022-03-10 07:59,4,28.1,44.9
2022-03-10 08:00,9,28.1,38.78
2022-03-10 08:01,6,27.76,34.69
2022-03-10 08:04,2,28.1,35.51
2022-03-10 08:04,3,27.76,37.14
2022-03-10 08:07,7,28.1,31.84
2022-03-10 08:07,12,28.8,32.24
2022-03-10 08:08,10,28.8,40
2022-03-10 08:09,2,28.1,35.51
2022-03-10 08:12,5,27.41,35.92
2022-03-10 08:13,1,27.76,54.29
2022-03-10 08:14,2,28.1,35.51
2022-03-10 08:16,11,27.76,35.92
2022-03-10 08:19,2,28.1,35.51
2022-03-10 08:19,4,28.1,44.9
2022-03-10 08:20,9,28.1,38.78
2022-03-10 08:21,6,27.76,35.1
2022-03-10 08:24,2,27.76,35.1
2022-03-10 08:24,3,27.76,37.14
2022-03-10 08:27,12,28.8,32.24
2022-03-10 08:29,2,27.76,35.1
2022-03-10 08:32,5,27.41,35.92
2022-03-10 08:33,1,27.76,54.29
2022-03-10 08:33,8,28.1,33.88
2022-03-10 08:34,2,27.76,35.92
2022-03-10 08:36,11,27.76,35.92
2022-03-10 08:39,2,27.76,35.1
2022-03-10 08:39,4,28.1,44.9
2022-03-10 08:40,9,28.1,38.78
2022-03-10 08:41,6,27.41,35.1
2022-03-10 08:44,2,27.76,35.1
2022-03-10 08:44,3,27.76,37.14
2022-03-10 08:46,7,27.76,31.84
2022-03-10 08:47,12,28.8,31.84
2022-03-10 08:48,10,28.8,40
2022-03-10 08:49,2,27.76,35.1
2022-03-10 08:52,5,27.41,35.51
2022-03-10 08:53,1,27.76,54.29
2022-03-10 08:53,8,27.76,33.88
2022-03-10 08:54,2,27.76,35.1
2022-03-10 08:56,11,27.41,35.92
2022-03-10 08:58,4,28.1,44.9
2022-03-10 08:59,2,27.76,35.1
2022-03-10 09:00,9,28.1,38.78
2022-03-10 09:01,6,27.41,35.1
2022-03-10 09:04,2,27.76,35.1
2022-03-10 09:04,3,27.76,37.14
2022-03-10 09:06,7,27.76,31.84
2022-03-10 09:07,12,28.45,32.24
2022-03-10 09:08,10,28.8,40
2022-03-10 09:10,2,27.76,35.1
2022-03-10 09:12,5,27.41,35.92
2022-03-10 09:13,1,27.76,54.29
2022-03-10 09:13,8,27.76,33.88
2022-03-10 09:15,2,27.76,35.1
2022-03-10 09:16,11,27.41,35.92
2022-03-10 09:18,4,28.1,44.9
2022-03-10 09:20,2,27.76,35.1
2022-03-10 09:20,9,28.1,38.78
2022-03-10 09:21,6,27.41,35.1
2022-03-10 09:24,3,27.76,37.14
2022-03-10 09:25,2,27.76,35.1
2022-03-10 09:26,7,27.76,31.84
2022-03-10 09:27,12,28.45,32.24
2022-03-10 09:28,10,28.45,40
2022-03-10 09:30,2,27.76,35.1
2022-03-10 09:32,5,27.41,35.92
2022-03-10 09:33,1,27.76,54.29
2022-03-10 09:33,8,27.76,33.88
2022-03-10 09:35,2,27.76,35.1
2022-03-10 09:36,11,27.41,35.92
2022-03-10 09:38,4,28.1,44.9
2022-03-10 09:39,9,27.76,38.37
2022-03-10 09:40,2,27.76,35.1
2022-03-10 09:41,6,27.41,35.1
2022-03-10 09:45,2,27.76,35.1
2022-03-10 09:46,7,27.76,31.84
2022-03-10 09:47,12,28.45,32.24
2022-03-10 09:48,10,28.45,40
2022-03-10 09:50,2,27.76,35.1
2022-03-10 09:52,5,27.06,35.92
2022-03-10 09:53,1,27.76,54.29
2022-03-10 09:53,8,27.76,33.88
2022-03-10 09:55,2,27.76,35.1
2022-03-10 09:55,11,27.41,35.92
2022-03-10 09:58,4,28.1,44.9
2022-03-10 09:59,9,27.76,38.37
2022-03-10 10:00,2,27.76,35.1
2022-03-10 10:00,6,27.41,35.1
2022-03-10 10:04,3,27.76,37.14
2022-03-10 10:05,2,27.76,35.1
2022-03-10 10:06,7,27.76,31.84
2022-03-10 10:07,12,28.45,32.24
2022-03-10 10:08,10,28.45,40
2022-03-10 10:10,2,27.76,35.1
2022-03-10 10:12,5,27.06,35.92
2022-03-10 10:13,1,27.41,54.29
2022-03-10 10:13,8,27.76,33.88
2022-03-10 10:15,2,27.76,35.1
2022-03-10 10:15,11,27.41,35.92
2022-03-10 10:18,4,27.76,44.9
2022-03-10 10:19,9,27.76,38.37
2022-03-10 10:20,2,27.76,35.1
2022-03-10 10:20,6,27.41,35.1
2022-03-10 10:24,3,27.76,37.14
2022-03-10 10:25,2,27.76,35.1
2022-03-10 10:26,7,27.76,31.84
2022-03-10 10:27,12,28.45,32.24
2022-03-10 10:28,10,28.45,40
2022-03-10 10:30,2,27.76,35.1
2022-03-10 10:32,5,27.06,35.92
2022-03-10 10:33,1,27.41,54.29
2022-03-10 10:33,8,27.76,33.88
2022-03-10 10:35,2,27.76,35.1
2022-03-10 10:38,4,27.76,44.9
2022-03-10 10:39,9,27.76,38.78
2022-03-10 10:40,2,27.76,35.1
2022-03-10 10:40,6,27.41,35.1
2022-03-10 10:43,3,27.76,36.73
2022-03-10 10:45,2,27.76,35.1
2022-03-10 10:46,7,27.41,31.84
2022-03-10 10:47,12,28.1,32.24
2022-03-10 10:48,10,28.45,40
2022-03-10 10:50,2,27.76,35.1
2022-03-10 10:52,1,27.41,54.29
2022-03-10 10:52,5,27.06,35.92
2022-03-10 10:53,8,27.76,34.29
2022-03-10 10:55,2,27.76,35.1
2022-03-10 10:55,11,27.41,35.92
2022-03-10 10:58,4,27.76,44.9
2022-03-10 10:59,9,27.76,38.78
2022-03-10 11:00,2,27.76,35.1
2022-03-10 11:00,6,27.41,35.1
2022-03-10 11:03,3,27.41,36.73
2022-03-10 11:05,2,27.76,35.1
2022-03-10 11:06,7,27.41,31.84
2022-03-10 11:07,12,28.1,32.24
2022-03-10 11:10,2,27.76,35.1
2022-03-10 11:12,1,27.41,54.29
2022-03-10 11:12,5,27.06,35.92
2022-03-10 11:15,2,27.76,35.51
2022-03-10 11:15,11,27.41,36.33
2022-03-10 11:18,4,27.76,44.9
2022-03-10 11:19,9,27.76,38.78
2022-03-10 11:20,2,27.76,35.1
2022-03-10 11:20,6,27.41,35.1
2022-03-10 11:23,3,27.41,36.73
2022-03-10 11:25,2,27.41,35.1
2022-03-10 11:26,7,27.41,31.84
2022-03-10 11:27,12,28.1,32.24
2022-03-10 11:28,10,28.1,40
2022-03-10 11:30,2,27.41,35.1
2022-03-10 11:31,5,27.06,35.92
2022-03-10 11:32,1,27.41,54.29
2022-03-10 11:35,2,27.41,35.51
2022-03-10 11:35,11,27.41,35.92
2022-03-10 11:38,4,27.76,44.9
2022-03-10 11:39,9,27.76,38.37
2022-03-10 11:40,2,27.41,35.51
2022-03-10 11:40,6,27.41,35.1
2022-03-10 11:43,3,27.41,37.14
2022-03-10 11:45,2,27.41,35.51
2022-03-10 11:46,7,27.41,31.84
2022-03-10 11:47,10,28.1,40
2022-03-10 11:47,12,28.1,32.24
2022-03-10 11:51,5,27.06,35.92
2022-03-10 11:52,1,27.41,54.29
2022-03-10 11:53,8,27.76,33.88
2022-03-10 11:55,2,27.41,35.51
2022-03-10 11:55,11,27.41,35.92
2022-03-10 11:58,4,27.76,44.9
2022-03-10 11:59,9,27.76,38.37
2022-03-10 12:00,2,27.41,35.51
2022-03-10 12:00,6,27.41,35.1
2022-03-10 12:03,3,27.76,37.14
2022-03-10 12:05,2,27.41,35.1
2022-03-10 12:05,7,27.41,32.24
2022-03-10 12:06,12,28.1,32.24
2022-03-10 12:07,10,28.1,40
2022-03-10 12:10,2,27.41,35.1
2022-03-10 12:11,5,27.06,35.92
2022-03-10 12:12,1,27.41,54.29
2022-03-10 12:12,8,27.76,34.29
2022-03-10 12:15,2,27.76,35.51
2022-03-10 12:15,11,27.41,36.33
2022-03-10 12:18,4,28.1,44.9
2022-03-10 12:19,9,27.76,38.37
2022-03-10 12:20,2,27.41,35.51
2022-03-10 12:23,3,27.76,37.14
2022-03-10 12:25,2,27.76,35.51
2022-03-10 12:25,7,27.41,32.24
2022-03-10 12:26,12,28.45,32.24
2022-03-10 12:27,10,28.45,40
2022-03-10 12:30,2,27.76,35.51
2022-03-10 12:31,5,27.06,35.92
2022-03-10 12:32,1,27.41,54.29
2022-03-10 12:32,8,27.76,34.29
2022-03-10 12:35,2,27.41,35.51
2022-03-10 12:35,11,27.41,36.33
2022-03-10 12:38,4,28.1,44.9
2022-03-10 12:39,9,27.76,38.78
2022-03-10 12:40,2,27.76,35.51
2022-03-10 12:40,6,27.41,35.1
2022-03-10 12:43,3,27.76,37.14
2022-03-10 12:45,2,27.76,35.51
2022-03-10 12:45,7,27.41,32.24
2022-03-10 12:46,12,28.45,32.24
2022-03-10 12:47,10,28.45,40
2022-03-10 12:50,2,27.76,35.51
2022-03-10 12:51,5,27.06,35.92
2022-03-10 12:52,1,27.41,54.29
2022-03-10 12:52,8,27.76,34.29
2022-03-10 12:55,2,27.76,35.51
2022-03-10 12:55,11,27.41,36.33
2022-03-10 12:58,4,28.1,44.9
2022-03-10 12:59,9,27.76,38.78
2022-03-10 13:00,2,27.76,35.51
2022-03-10 13:00,6,27.41,35.1
2022-03-10 13:03,3,27.76,37.14
2022-03-10 13:05,2,27.76,35.51
2022-03-10 13:05,7,27.41,32.24
2022-03-10 13:06,12,28.45,32.24
2022-03-10 13:07,10,28.45,40
2022-03-10 13:10,2,27.76,35.51
2022-03-10 13:11,5,27.06,35.92
2022-03-10 13:12,1,27.41,54.69
2022-03-10 13:12,8,27.76,33.88
2022-03-10 13:15,2,27.76,35.51
2022-03-10 13:15,11,27.41,36.33
2022-03-10 13:18,4,28.1,44.9
2022-03-10 13:19,9,27.76,38.78
2022-03-10 13:20,2,27.76,35.51
2022-03-10 13:20,6,27.41,35.1
2022-03-10 13:23,3,27.76,37.14
2022-03-10 13:25,2,27.76,35.51
2022-03-10 13:25,7,27.41,32.24
2022-03-10 13:26,12,28.45,32.24
2022-03-10 13:30,2,27.76,35.51
2022-03-10 13:31,5,27.06,35.92
2022-03-10 13:32,1,27.41,54.29
2022-03-10 13:32,8,28.1,34.29
2022-03-10 13:35,2,27.76,35.51
2022-03-10 13:35,11,27.41,36.33
2022-03-10 13:37,4,28.1,44.9
2022-03-10 13:39,9,28.1,38.78
2022-03-10 13:40,2,27.76,35.51
2022-03-10 13:40,6,27.41,35.1
2022-03-10 13:43,3,27.76,37.14
2022-03-10 13:45,2,27.76,35.51
2022-03-10 13:45,7,27.41,32.24
2022-03-10 13:46,12,28.45,32.24
2022-03-10 13:47,10,28.8,40
2022-03-10 13:50,2,27.76,35.51
2022-03-10 13:51,5,27.41,35.92
2022-03-10 13:52,1,27.76,54.29
2022-03-10 13:55,2,27.76,35.51
2022-03-10 13:55,11,27.41,35.92
2022-03-10 13:57,4,28.45,44.9
2022-03-10 13:59,9,28.1,38.78
2022-03-10 14:00,2,27.76,35.51
2022-03-10 14:00,6,27.41,35.1
2022-03-10 14:03,3,28.1,37.14
2022-03-10 14:05,2,27.76,35.51
2022-03-10 14:05,7,27.76,31.84
2022-03-10 14:06,12,28.8,32.24
2022-03-10 14:07,10,28.8,40
2022-03-10 14:10,2,27.76,35.51
2022-03-10 14:11,5,27.41,35.92
2022-03-10 14:12,1,27.76,54.29
2022-03-10 14:12,8,28.1,33.88
2022-03-10 14:14,11,27.41,36.33
2022-03-10 14:15,2,27.76,35.51
2022-03-10 14:17,4,28.45,44.9
2022-03-10 14:19,9,28.1,38.78
2022-03-10 14:20,2,27.76,35.51
2022-03-10 14:20,6,27.41,35.1
2022-03-10 14:23,3,28.1,37.14
2022-03-10 14:25,2,27.76,35.51
2022-03-10 14:25,7,27.76,31.84
2022-03-10 14:26,12,28.8,32.24
2022-03-10 14:30,2,27.76,35.51
2022-03-10 14:31,5,27.41,35.92
2022-03-10 14:32,1,27.76,54.29
2022-03-10 14:32,8,28.45,33.88
2022-03-10 14:34,11,27.76,36.33
2022-03-10 14:35,2,27.76,35.51
2022-03-10 14:37,4,28.45,44.9
2022-03-10 14:38,9,28.45,38.78
2022-03-10 14:40,2,27.76,35.51
2022-03-10 14:40,6,27.76,35.1
2022-03-10 14:43,3,28.45,36.73
2022-03-10 14:45,2,28.1,35.51
2022-03-10 14:45,7,27.76,31.84
2022-03-10 14:46,12,28.8,32.24
2022-03-10 14:50,2,28.1,35.51
2022-03-10 14:51,5,27.41,35.51
2022-03-10 14:52,1,27.76,54.29
2022-03-10 14:52,8,28.8,33.88
2022-03-10 14:54,11,27.76,35.92
2022-03-10 14:55,2,28.1,35.51
2022-03-10 14:57,4,28.8,44.9
2022-03-10 14:58,9,28.45,38.78
2022-03-10 15:00,2,28.1,35.51
2022-03-10 15:00,6,27.76,34.69
2022-03-10 15:03,3,28.45,37.14
2022-03-10 15:05,2,28.1,35.51
2022-03-10 15:05,7,27.76,31.84
2022-03-10 15:06,12,29.14,31.84
2022-03-10 15:07,10,29.84,40
2022-03-10 15:10,2,28.1,35.51
2022-03-10 15:11,1,27.76,53.88
2022-03-10 15:11,5,27.76,35.51
2022-03-10 15:12,8,29.14,33.88
2022-03-10 15:14,11,28.1,35.92
2022-03-10 15:15,2,28.1,35.51
2022-03-10 15:17,4,28.8,44.49
2022-03-10 15:18,9,28.45,38.78
2022-03-10 15:19,6,27.76,34.69
2022-03-10 15:20,2,28.1,35.51
2022-03-10 15:25,2,28.1,35.51
2022-03-10 15:25,7,28.1,31.84
2022-03-10 15:26,12,29.14,31.84
2022-03-10 15:27,10,30.18,40
2022-03-10 15:30,2,28.1,35.51
2022-03-10 15:31,1,28.1,53.88
2022-03-10 15:31,5,27.76,35.51
2022-03-10 15:34,11,28.1,35.92
2022-03-10 15:35,2,28.1,35.51
2022-03-10 15:37,4,29.14,44.49
2022-03-10 15:38,9,28.8,38.78
2022-03-10 15:39,6,27.76,34.69
2022-03-10 15:41,2,28.1,35.51
2022-03-10 15:42,3,28.8,36.73
2022-03-10 15:45,7,28.1,31.43
2022-03-10 15:46,2,28.45,35.51
2022-03-10 15:46,12,29.49,31.84
2022-03-10 15:47,10,30.53,40
2022-03-10 15:51,1,28.1,53.88
2022-03-10 15:51,2,28.45,35.51
2022-03-10 15:51,5,28.1,35.51
2022-03-10 15:52,8,29.84,33.47
2022-03-10 15:54,11,28.45,35.92
2022-03-10 15:56,2,28.45,35.51
2022-03-10 15:57,4,29.49,44.49
2022-03-10 15:58,9,28.8,38.78
2022-03-10 15:59,6,28.1,34.69
2022-03-10 16:01,2,28.45,35.51
2022-03-10 16:02,3,29.14,36.73
2022-03-10 16:05,7,28.1,31.43
2022-03-10 16:06,2,28.45,35.51
2022-03-10 16:06,12,29.49,31.84
2022-03-10 16:07,10,31.22,40
2022-03-10 16:10,5,28.1,35.51
2022-03-10 16:11,1,28.45,53.47
2022-03-10 16:11,2,28.45,35.51
2022-03-10 16:14,11,28.45,35.51
2022-03-10 16:16,2,28.45,35.51
2022-03-10 16:17,4,29.49,44.49
2022-03-10 16:18,9,29.14,38.78
2022-03-10 16:19,6,28.1,34.69
2022-03-10 16:21,2,28.45,35.51
2022-03-10 16:22,3,29.14,36.73
2022-03-10 16:24,7,28.1,31.43
2022-03-10 16:26,12,29.84,31.84
2022-03-10 16:27,10,31.57,40
2022-03-10 16:30,5,28.1,35.51
2022-03-10 16:31,1,28.45,53.47
2022-03-10 16:31,2,28.45,35.1
2022-03-10 16:32,8,30.18,33.06
2022-03-10 16:34,11,28.45,35.51
2022-03-10 16:36,2,28.45,35.51
2022-03-10 16:37,4,29.84,44.49
2022-03-10 16:38,9,29.14,38.78
2022-03-10 16:39,6,28.1,34.29
2022-03-10 16:41,2,28.45,35.1
2022-03-10 16:42,3,29.14,36.73
2022-03-10 16:44,7,28.45,31.43
2022-03-10 16:45,12,29.84,31.84
2022-03-10 16:46,2,28.8,35.1
2022-03-10 16:47,10,31.92,39.59
2022-03-10 16:50,5,28.45,35.1
2022-03-10 16:51,1,28.45,53.47
2022-03-10 16:51,2,28.8,35.1
2022-03-10 16:51,8,30.53,33.06
2022-03-10 16:54,11,28.8,35.51
2022-03-10 16:56,2,28.8,35.1
2022-03-10 16:57,4,29.84,44.08
2022-03-10 16:58,9,29.49,38.37
2022-03-10 16:59,6,28.1,34.29
2022-03-10 17:01,2,28.8,35.1
2022-03-10 17:02,3,29.49,36.33
2022-03-10 17:04,7,28.45,31.02
2022-03-10 17:05,12,30.18,31.43
2022-03-10 17:06,2,28.8,35.1
2022-03-10 17:06,10,32.27,39.59
2022-03-10 17:10,5,28.45,35.1
2022-03-10 17:11,1,28.45,53.47
2022-03-10 17:11,2,28.8,35.1
2022-03-10 17:11,8,30.53,33.06
2022-03-10 17:14,11,28.8,35.1
2022-03-10 17:16,2,28.8,34.69
2022-03-10 17:17,4,29.84,44.08
2022-03-10 17:18,9,29.49,38.37
2022-03-10 17:19,6,28.45,34.29
2022-03-10 17:21,2,28.8,34.69
2022-03-10 17:22,3,29.49,36.33
2022-03-10 17:24,7,28.45,31.02
2022-03-10 17:25,12,30.18,31.43
2022-03-10 17:26,2,28.8,34.69
2022-03-10 17:26,10,32.61,39.18
2022-03-10 17:30,5,28.45,35.1
2022-03-10 17:31,1,28.8,53.06
2022-03-10 17:31,2,28.8,34.69
2022-03-10 17:31,8,30.53,33.06
2022-03-10 17:34,11,29.14,35.1
2022-03-10 17:36,2,28.8,34.69
2022-03-10 17:36,4,29.84,43.67
2022-03-10 17:37,9,29.49,38.37
2022-03-10 17:39,6,28.45,33.88
2022-03-10 17:41,2,28.8,34.69
2022-03-10 17:42,3,29.49,35.92
2022-03-10 17:44,7,28.45,30.61
2022-03-10 17:45,12,30.53,31.43
2022-03-10 17:46,10,32.61,39.18
2022-03-10 17:50,5,28.8,34.69
2022-03-10 17:51,1,28.8,53.06
2022-03-10 17:51,2,28.8,34.69
2022-03-10 17:51,8,30.53,33.06
2022-03-10 17:53,11,29.14,35.1
2022-03-10 17:56,4,29.84,43.67
2022-03-10 17:57,9,29.49,38.37
2022-03-10 17:59,6,28.45,33.88
2022-03-10 18:01,2,28.8,34.69
2022-03-10 18:02,3,29.49,36.33
2022-03-10 18:04,7,28.8,31.02
2022-03-10 18:05,12,30.18,31.43
2022-03-10 18:06,2,28.8,34.69
2022-03-10 18:06,10,32.61,39.18
2022-03-10 18:10,1,28.8,53.06
2022-03-10 18:10,5,28.8,34.69
2022-03-10 18:11,2,28.8,34.69
2022-03-10 18:11,8,30.53,33.06
2022-03-10 18:13,11,29.14,35.1
2022-03-10 18:16,2,28.8,34.69
2022-03-10 18:16,4,29.84,43.67
2022-03-10 18:17,9,29.49,37.96
2022-03-10 18:19,6,28.45,33.88
2022-03-10 18:21,2,28.8,34.69
2022-03-10 18:22,3,29.14,35.92
2022-03-10 18:24,7,28.8,31.02
2022-03-10 18:25,12,30.18,31.43
2022-03-10 18:26,2,28.8,34.69
2022-03-10 18:26,10,32.27,39.18
2022-03-10 18:30,1,28.8,53.06
2022-03-10 18:30,5,28.8,34.69
2022-03-10 18:31,2,28.8,34.69
2022-03-10 18:31,8,30.53,33.06
2022-03-10 18:33,11,29.14,35.1
2022-03-10 18:36,2,28.8,34.69
2022-03-10 18:36,4,29.84,43.67
2022-03-10 18:37,9,29.49,38.37
2022-03-10 18:39,6,28.45,33.88
2022-03-10 18:41,2,28.8,34.69
2022-03-10 18:42,3,29.14,35.92
2022-03-10 18:44,7,28.45,31.02
2022-03-10 18:45,12,30.18,31.43
2022-03-10 18:46,2,28.8,34.69
2022-03-10 18:46,10,32.27,39.59
2022-03-10 18:50,1,28.8,53.06
2022-03-10 18:50,5,28.8,34.69
2022-03-10 18:51,8,30.18,33.06
2022-03-10 18:53,11,28.8,35.1
2022-03-10 18:56,2,28.8,34.69
2022-03-10 18:56,4,29.84,44.08
2022-03-10 18:57,9,29.49,38.37
2022-03-10 18:59,6,28.45,33.88
2022-03-10 19:01,2,28.8,34.69
2022-03-10 19:04,7,28.45,31.02
2022-03-10 19:06,2,28.8,34.69
2022-03-10 19:06,10,32.27,39.59
2022-03-10 19:10,1,28.8,53.06
2022-03-10 19:10,5,28.45,35.1
2022-03-10 19:11,2,28.8,34.69
2022-03-10 19:11,8,30.18,33.06
2022-03-10 19:13,11,28.8,35.1
2022-03-10 19:16,2,28.8,34.69
2022-03-10 19:16,4,29.84,44.08
2022-03-10 19:17,9,29.49,38.37
2022-03-10 19:19,6,28.45,33.88
2022-03-10 19:21,2,28.8,34.69
2022-03-10 19:21,3,29.14,36.33
2022-03-10 19:24,7,28.8,31.02
2022-03-10 19:25,12,30.18,31.43
2022-03-10 19:26,2,28.8,34.69
2022-03-10 19:29,5,28.45,35.1
2022-03-10 19:30,1,28.8,53.06
2022-03-10 19:31,2,28.8,34.69
2022-03-10 19:31,8,30.18,33.06
2022-03-10 19:33,11,28.8,35.1
2022-03-10 19:36,2,28.8,34.69
2022-03-10 19:36,4,29.84,43.67
2022-03-10 19:37,9,29.49,38.37
2022-03-10 19:38,6,28.45,33.88
2022-03-10 19:41,2,28.8,34.69
2022-03-10 19:41,3,29.49,35.92
2022-03-10 19:43,7,28.8,31.02
2022-03-10 19:44,12,30.53,31.43
2022-03-10 19:46,2,28.8,34.69
2022-03-10 19:46,10,31.92,39.18
2022-03-10 19:49,5,28.8,34.69
2022-03-10 19:50,1,28.8,53.06
2022-03-10 19:51,2,28.8,34.69
2022-03-10 19:51,8,30.18,33.06
2022-03-10 19:53,11,29.14,35.1
2022-03-10 19:56,2,28.8,34.69
2022-03-10 19:56,4,29.84,43.67
2022-03-10 19:57,9,29.49,38.37
2022-03-10 19:58,6,28.45,33.47
2022-03-10 20:01,2,28.8,34.69
2022-03-10 20:01,3,29.49,36.33
2022-03-10 20:03,7,28.8,31.02
2022-03-10 20:04,12,30.53,31.43
2022-03-10 20:06,2,29.14,34.29
2022-03-10 20:06,10,31.92,39.18
2022-03-10 20:09,5,28.8,34.69
2022-03-10 20:10,1,28.8,53.06
2022-03-10 20:10,8,30.18,33.06
2022-03-10 20:11,2,29.14,34.29
2022-03-10 20:13,11,28.8,34.69
2022-03-10 20:16,2,29.14,34.29
2022-03-10 20:16,4,29.84,43.67
2022-03-10 20:17,9,29.49,37.96
2022-03-10 20:18,6,28.45,33.47
2022-03-10 20:21,2,29.14,34.29
2022-03-10 20:21,3,29.14,36.33
2022-03-10 20:23,7,28.8,30.61
2022-03-10 20:24,12,30.53,31.02
2022-03-10 20:26,2,28.8,34.29
2022-03-10 20:29,5,28.8,34.69
2022-03-10 20:30,1,28.8,53.06
2022-03-10 20:30,8,30.18,33.06
2022-03-10 20:31,2,28.8,34.29
2022-03-10 20:33,11,28.8,34.69
2022-03-10 20:36,2,28.8,35.92
2022-03-10 20:36,4,29.84,45.31
2022-03-10 20:36,9,29.49,38.78
2022-03-10 20:38,6,28.45,33.47
2022-03-10 20:41,2,28.8,37.96
2022-03-10 20:41,3,29.14,35.92
2022-03-10 20:43,7,28.8,31.02
2022-03-10 20:44,12,30.18,31.43
2022-03-10 20:45,10,31.57,39.18
2022-03-10 20:46,2,28.8,38.37
2022-03-10 20:49,5,28.8,34.69
2022-03-10 20:50,1,28.8,54.29
2022-03-10 20:50,8,29.84,33.06
2022-03-10 20:51,2,28.8,38.78
2022-03-10 20:53,11,28.8,34.69
2022-03-10 20:56,2,28.8,38.78
2022-03-10 20:56,4,29.49,46.53
2022-03-10 20:58,6,28.45,33.47
2022-03-10 21:01,2,28.8,38.78
2022-03-10 21:01,3,29.14,35.92
2022-03-10 21:03,7,28.8,30.61
2022-03-10 21:04,12,30.18,31.43
2022-03-10 21:06,2,28.8,38.78
2022-03-10 21:09,5,28.8,34.69
2022-03-10 21:10,1,28.8,57.55
2022-03-10 21:10,8,29.84,33.06
2022-03-10 21:11,2,28.8,38.78
2022-03-10 21:12,11,28.8,34.69
2022-03-10 21:15,4,29.49,46.94
2022-03-10 21:16,2,28.8,38.78
2022-03-10 21:16,9,29.49,39.18
2022-03-10 21:18,6,28.45,33.47
2022-03-10 21:21,3,29.14,36.33
2022-03-10 21:23,7,28.8,30.61
2022-03-10 21:24,12,30.18,31.43
2022-03-10 21:25,10,31.22,39.18
2022-03-10 21:26,2,28.8,38.78
2022-03-10 21:29,1,28.45,59.18
2022-03-10 21:29,5,28.45,34.69
2022-03-10 21:30,8,29.84,33.06
2022-03-10 21:31,2,28.8,38.78
2022-03-10 21:32,11,28.8,34.69
2022-03-10 21:35,4,29.49,46.94
2022-03-10 21:36,2,28.8,38.78
2022-03-10 21:36,9,29.49,39.18
2022-03-10 21:38,6,28.45,33.47
2022-03-10 21:41,2,28.8,38.78
2022-03-10 21:41,3,29.14,36.73
2022-03-10 21:43,7,28.8,31.02
2022-03-10 21:44,12,29.84,31.43
2022-03-10 21:46,2,28.8,38.78
2022-03-10 21:49,1,28.45,60
2022-03-10 21:49,5,28.45,34.69
2022-03-10 21:50,8,29.49,33.06
2022-03-10 21:51,2,28.8,38.78
2022-03-10 21:52,11,28.8,34.69
2022-03-10 21:55,4,29.49,47.35
2022-03-10 21:56,2,28.8,38.78
2022-03-10 21:56,9,29.14,39.18
2022-03-10 21:58,6,28.45,33.47
2022-03-10 22:01,2,28.8,39.18
2022-03-10 22:01,3,29.14,37.14
2022-03-10 22:03,7,28.45,31.02
2022-03-10 22:04,12,29.84,31.43
2022-03-10 22:05,10,30.88,39.18
2022-03-10 22:06,2,28.8,39.18
2022-03-10 22:09,1,28.45,60.82
2022-03-10 22:09,5,28.45,34.69
2022-03-10 22:10,8,29.49,33.06
2022-03-10 22:11,2,28.8,39.18
2022-03-10 22:12,11,28.8,34.69
2022-03-10 22:15,4,29.14,47.76
2022-03-10 22:16,2,28.8,39.18
2022-03-10 22:16,9,29.14,39.18
2022-03-10 22:18,6,28.45,33.47
2022-03-10 22:20,3,28.8,37.55
2022-03-10 22:21,2,28.8,39.18
2022-03-10 22:23,7,28.45,31.02
2022-03-10 22:24,12,29.84,31.43
2022-03-10 22:25,10,30.88,39.18
2022-03-10 22:26,2,28.8,39.18
2022-03-10 22:28,5,28.45,34.69
2022-03-10 22:29,1,28.45,61.63
2022-03-10 22:30,8,29.49,33.06
2022-03-10 22:31,2,28.8,39.18
2022-03-10 22:32,11,28.8,34.69
2022-03-10 22:35,4,29.14,48.98
2022-03-10 22:36,2,28.45,42.04
2022-03-10 22:36,9,29.14,40.41
2022-03-10 22:38,6,28.1,33.47
2022-03-10 22:41,2,28.45,44.08
2022-03-10 22:42,7,28.45,31.02
2022-03-10 22:44,12,29.49,31.43
2022-03-10 22:45,10,30.53,39.18
2022-03-10 22:46,2,28.45,45.31
2022-03-10 22:48,5,28.45,35.1
2022-03-10 22:49,1,28.45,64.9
2022-03-10 22:50,8,29.14,33.06
2022-03-10 22:51,2,28.45,45.31
2022-03-10 22:52,11,28.45,34.69
2022-03-10 22:55,4,29.14,53.06
2022-03-10 22:56,2,28.45,45.71
2022-03-10 22:56,9,28.8,40.82
2022-03-10 22:57,6,28.1,33.47
2022-03-10 23:00,3,28.8,40.41
2022-03-10 23:01,2,28.45,46.12
2022-03-10 23:02,7,28.45,31.02
2022-03-10 23:03,12,29.49,31.84
2022-03-10 23:05,10,30.53,39.18
2022-03-10 23:06,2,28.45,46.12
2022-03-10 23:08,5,28.1,35.51
2022-03-10 23:09,1,28.45,65.31
2022-03-10 23:10,8,29.14,33.06
2022-03-10 23:11,2,28.45,46.53
2022-03-10 23:12,11,28.45,34.69
2022-03-10 23:15,4,28.8,60.82
2022-03-10 23:18,6,28.1,33.88
2022-03-10 23:20,3,28.45,51.43
2022-03-10 23:22,2,27.76,67.35
2022-03-10 23:23,12,29.14,34.69
2022-03-10 23:25,10,29.49,50.61
2022-03-10 23:27,2,27.41,74.29
2022-03-10 23:28,5,28.1,36.73
2022-03-10 23:29,1,27.06,95.1
2022-03-10 23:29,8,28.8,60.82
2022-03-10 23:31,2,27.06,71.43
2022-03-10 23:32,11,28.1,47.76
2022-03-10 23:35,4,24.63,84.9
2022-03-10 23:36,2,26.71,66.94
2022-03-10 23:36,9,28.45,66.94
2022-03-10 23:37,6,27.76,38.78
2022-03-10 23:41,2,26.71,64.08
2022-03-10 23:42,7,28.1,62.45
2022-03-10 23:43,12,29.14,41.63
2022-03-10 23:45,10,28.8,58.78
2022-03-10 23:47,2,26.71,62.86
2022-03-10 23:48,5,27.76,38.78
2022-03-10 23:49,1,26.71,89.8
2022-03-10 23:49,8,28.1,61.22
2022-03-10 23:52,2,26.71,62.04
2022-03-10 23:52,11,27.76,49.39
2022-03-10 23:55,4,24.29,82.04
2022-03-10 23:55,9,27.76,66.94
2022-03-10 23:57,2,26.71,61.22
2022-03-10 23:57,6,27.76,41.22
2022-03-11 00:00,3,27.06,59.59
2022-03-11 00:02,2,26.71,60.82
2022-03-11 00:02,7,27.76,61.63
2022-03-11 00:03,12,28.8,43.27
2022-03-11 00:05,10,28.8,60.82
2022-03-11 00:07,2,26.71,60.41
2022-03-11 00:08,1,26.71,86.53
2022-03-11 00:08,5,27.76,41.63
2022-03-11 00:09,8,27.76,59.59
2022-03-11 00:12,2,26.71,59.59
2022-03-11 00:12,11,27.41,49.39
2022-03-11 00:15,4,24.29,80.41
2022-03-11 00:15,9,27.76,65.31
2022-03-11 00:17,2,26.71,59.59
2022-03-11 00:17,6,27.41,42.45
2022-03-11 00:21,3,27.06,57.96
2022-03-11 00:22,2,26.71,59.18
2022-03-11 00:22,7,27.76,60.82
2022-03-11 00:23,12,28.45,44.08
2022-03-11 00:24,10,28.8,61.22
2022-03-11 00:27,2,27.06,58.78
2022-03-11 00:28,1,26.71,85.31
2022-03-11 00:28,5,27.41,42.04
2022-03-11 00:29,8,27.41,58.78
2022-03-11 00:31,11,27.41,49.39
2022-03-11 00:32,2,27.06,58.78
2022-03-11 00:35,4,24.63,79.18
2022-03-11 00:37,2,27.06,58.37
2022-03-11 00:37,6,27.41,42.86
2022-03-11 00:40,3,27.06,57.14
2022-03-11 00:42,2,27.06,58.37
2022-03-11 00:42,7,27.41,59.18
2022-03-11 00:43,12,28.45,44.49
2022-03-11 00:44,10,28.8,61.22
2022-03-11 00:47,2,27.06,57.96
2022-03-11 00:48,1,26.71,84.49
2022-03-11 00:48,5,27.41,42.86
2022-03-11 00:49,8,27.41,57.96
2022-03-11 00:51,11,27.41,49.8
2022-03-11 00:54,4,24.98,77.96
2022-03-11 00:55,9,27.41,63.27
2022-03-11 00:57,2,27.06,57.55
2022-03-11 01:00,3,27.06,56.73
2022-03-11 01:02,2,27.06,57.55
2022-03-11 01:02,7,27.41,58.37
2022-03-11 01:04,10,28.45,61.22
2022-03-11 01:07,2,27.06,57.14
2022-03-11 01:08,1,26.71,84.08
2022-03-11 01:08,5,27.41,45.31
2022-03-11 01:09,8,27.41,57.14
2022-03-11 01:11,11,27.06,50.2
2022-03-11 01:12,2,27.06,57.14
2022-03-11 01:14,4,24.98,77.96
2022-03-11 01:15,9,27.41,62.86
2022-03-11 01:17,2,27.06,56.73
2022-03-11 01:17,6,27.41,43.27
2022-03-11 01:20,3,27.06,56.33
2022-03-11 01:22,2,27.06,57.14
2022-03-11 01:22,7,27.41,57.96
2022-03-11 01:23,12,28.1,45.31
2022-03-11 01:24,10,28.45,61.22
2022-03-11 01:27,2,27.06,56.73
2022-03-11 01:28,1,26.71,83.27
2022-03-11 01:28,5,27.06,47.76
2022-03-11 01:29,8,27.06,56.73
2022-03-11 01:31,11,27.06,49.8
2022-03-11 01:32,2,27.06,56.33
2022-03-11 01:34,4,25.33,76.33
2022-03-11 01:35,9,27.41,62.04
2022-03-11 01:37,2,27.06,56.33
2022-03-11 01:40,3,27.06,55.92
2022-03-11 01:42,2,27.06,56.33
2022-03-11 01:42,7,27.41,57.96
2022-03-11 01:43,12,28.1,45.71
2022-03-11 01:44,10,28.45,61.22
2022-03-11 01:47,2,27.06,56.33
2022-03-11 01:48,1,26.71,82.86
2022-03-11 01:48,5,27.06,48.57
2022-03-11 01:49,8,27.06,56.73
2022-03-11 01:51,11,27.06,50.2
2022-03-11 01:52,2,27.06,55.92
2022-03-11 01:54,4,25.33,77.55
2022-03-11 01:55,9,27.41,61.63
2022-03-11 01:57,2,27.06,55.92
2022-03-11 01:57,6,27.06,44.49
2022-03-11 01:59,3,27.06,56.33
2022-03-11 02:01,7,27.41,57.55
2022-03-11 02:02,2,27.06,55.92
2022-03-11 02:03,12,27.76,46.53
2022-03-11 02:04,10,28.45,62.45
2022-03-11 02:07,2,27.06,56.33
2022-03-11 02:07,5,27.06,49.39
2022-03-11 02:08,1,26.71,84.08
2022-03-11 02:09,8,27.06,58.37
2022-03-11 02:11,11,27.06,50.61
2022-03-11 02:12,2,27.06,56.73
2022-03-11 02:14,4,25.67,80.41
2022-03-11 02:15,9,27.41,62.86
2022-03-11 02:17,2,27.06,57.14
2022-03-11 02:17,6,27.06,44.49
2022-03-11 02:19,3,27.06,57.14
2022-03-11 02:21,7,27.06,58.78
2022-03-11 02:22,2,27.06,57.55
2022-03-11 02:23,12,27.76,48.98
2022-03-11 02:24,10,28.45,64.49
2022-03-11 02:27,2,27.06,58.37
2022-03-11 02:27,5,27.06,51.43
2022-03-11 02:28,1,26.71,86.94
2022-03-11 02:31,11,27.06,51.84
2022-03-11 02:32,2,27.06,59.18
2022-03-11 02:34,4,25.67,83.27
2022-03-11 02:35,9,27.06,64.9
2022-03-11 02:37,2,27.06,59.59
2022-03-11 02:37,6,27.06,44.9
2022-03-11 02:39,3,27.06,57.55
2022-03-11 02:41,7,27.06,60.41
2022-03-11 02:42,2,27.06,60
2022-03-11 02:42,12,27.76,52.24
2022-03-11 02:44,10,28.1,66.94
2022-03-11 02:47,2,27.06,60.41
2022-03-11 02:47,5,26.71,54.69
2022-03-11 02:48,1,26.71,87.76
2022-03-11 02:49,8,27.06,60.82
2022-03-11 02:51,11,27.06,52.24
2022-03-11 02:52,2,27.06,60.41
2022-03-11 02:54,4,25.67,83.27
2022-03-11 02:55,9,27.06,65.71
2022-03-11 02:56,6,27.06,45.31
2022-03-11 02:57,2,27.06,60.41
2022-03-11 03:01,7,27.06,61.22
2022-03-11 03:02,2,27.06,60.41
2022-03-11 03:02,12,27.76,54.29
2022-03-11 03:04,10,28.1,68.57
2022-03-11 03:07,2,27.06,60.82
2022-03-11 03:07,5,26.71,57.14
2022-03-11 03:08,1,26.71,87.35
2022-03-11 03:09,8,26.71,60.82
2022-03-11 03:11,11,27.06,52.24
2022-03-11 03:12,2,27.06,60.41
2022-03-11 03:14,4,25.67,82.86
2022-03-11 03:14,9,27.06,65.71
2022-03-11 03:16,6,27.06,45.71
2022-03-11 03:17,2,27.06,60.41
2022-03-11 03:19,3,27.06,57.96
2022-03-11 03:21,7,27.06,60.82
2022-03-11 03:22,2,27.06,60.41
2022-03-11 03:22,12,27.41,54.69
2022-03-11 03:24,10,28.1,69.39
2022-03-11 03:27,1,26.71,86.94
2022-03-11 03:27,2,27.06,60
2022-03-11 03:27,5,26.71,58.37
2022-03-11 03:28,8,26.71,60.82
2022-03-11 03:31,11,26.71,52.65
2022-03-11 03:32,2,27.06,60
2022-03-11 03:34,4,26.02,82.86
2022-03-11 03:36,6,27.06,46.12
2022-03-11 03:37,2,27.06,59.59
2022-03-11 03:39,3,27.06,57.96
2022-03-11 03:41,7,27.06,60.41
2022-03-11 03:42,2,27.06,59.59
2022-03-11 03:42,12,27.41,55.1
2022-03-11 03:44,10,27.76,69.8
2022-03-11 03:47,1,26.71,86.53
2022-03-11 03:47,2,27.06,59.18
2022-03-11 03:47,5,26.71,58.78
2022-03-11 03:48,8,26.71,60.41
2022-03-11 03:50,11,26.71,52.65
2022-03-11 03:52,2,27.06,59.18
2022-03-11 03:54,4,26.02,82.86
2022-03-11 03:54,9,27.06,64.9
2022-03-11 03:56,6,27.06,46.12
2022-03-11 03:57,2,27.06,59.18
2022-03-11 03:59,3,27.06,57.55
2022-03-11 04:01,7,27.06,60
2022-03-11 04:02,2,27.06,59.18
2022-03-11 04:02,12,27.41,54.29
2022-03-11 04:04,10,27.76,70.61
2022-03-11 04:07,1,26.71,86.12
2022-03-11 04:07,2,27.06,58.78
2022-03-11 04:07,5,26.71,59.18
2022-03-11 04:08,8,26.71,60
2022-03-11 04:10,11,26.71,52.24
2022-03-11 04:12,2,27.06,58.78
2022-03-11 04:14,4,26.02,82.04
2022-03-11 04:14,9,27.06,64.08
2022-03-11 04:16,6,26.71,46.12
2022-03-11 04:17,2,27.06,58.37
2022-03-11 04:19,3,26.71,57.14
2022-03-11 04:21,7,27.06,59.59
2022-03-11 04:22,2,27.06,58.37
2022-03-11 04:22,12,27.41,53.88
2022-03-11 04:24,10,27.76,70.61
2022-03-11 04:27,1,26.71,85.71
2022-03-11 04:27,2,27.06,58.37
2022-03-11 04:27,5,26.37,58.78
2022-03-11 04:28,8,26.71,59.18
2022-03-11 04:30,11,26.71,52.24
2022-03-11 04:32,2,27.06,57.96
2022-03-11 04:33,4,26.02,81.22
2022-03-11 04:34,9,26.71,63.67
2022-03-11 04:36,6,26.71,46.12
2022-03-11 04:37,2,27.06,57.96
2022-03-11 04:39,3,26.71,57.14
2022-03-11 04:41,7,27.06,59.18
2022-03-11 04:42,2,27.06,57.96
2022-03-11 04:42,12,27.41,53.47
2022-03-11 04:43,10,27.76,70.61
2022-03-11 04:47,1,26.71,85.31
2022-03-11 04:47,2,27.06,57.96
2022-03-11 04:47,5,26.37,58.78
2022-03-11 04:48,8,26.71,58.78
2022-03-11 04:50,11,26.71,52.24
2022-03-11 04:52,2,27.06,57.55
2022-03-11 04:53,4,26.02,80.41
2022-03-11 04:54,9,26.71,62.86
2022-03-11 04:56,6,26.71,46.12
2022-03-11 04:57,2,27.06,57.55
2022-03-11 04:59,3,26.71,56.73
2022-03-11 05:01,7,26.71,58.78
2022-03-11 05:02,2,27.06,57.55
2022-03-11 05:02,12,27.06,53.06
2022-03-11 05:03,10,27.76,70.61
2022-03-11 05:07,1,26.71,84.9
2022-03-11 05:07,2,27.06,57.55
2022-03-11 05:07,5,26.37,58.78
2022-03-11 05:08,8,26.71,58.78
2022-03-11 05:10,11,26.71,51.84
2022-03-11 05:12,2,27.06,57.55
2022-03-11 05:13,4,26.02,81.22
2022-03-11 05:14,9,26.71,62.86
2022-03-11 05:16,6,26.71,46.53
2022-03-11 05:17,2,27.06,57.55
2022-03-11 05:19,3,26.71,56.73
2022-03-11 05:21,7,26.71,58.78
2022-03-11 05:22,12,27.06,53.47
2022-03-11 05:23,10,27.76,71.43
2022-03-11 05:27,1,26.71,85.71
2022-03-11 05:27,5,26.37,59.18
2022-03-11 05:28,8,26.71,58.78
2022-03-11 05:30,11,26.71,52.24
2022-03-11 05:33,4,26.02,81.63
2022-03-11 05:34,9,26.71,62.86
2022-03-11 05:36,6,26.71,46.53
2022-03-11 05:37,2,26.71,57.96
2022-03-11 05:38,3,26.71,56.73
2022-03-11 05:40,7,26.71,59.18
2022-03-11 05:42,2,26.71,57.96
2022-03-11 05:42,12,27.06,53.88
2022-03-11 05:43,10,27.41,71.84
2022-03-11 05:46,5,26.37,59.18
2022-03-11 05:47,1,26.71,86.53
2022-03-11 05:47,2,26.71,58.37
2022-03-11 05:48,8,26.71,59.18
2022-03-11 05:50,11,26.71,52.24
2022-03-11 05:53,4,26.02,82.86
2022-03-11 05:54,9,26.71,63.27
2022-03-11 05:56,6,26.71,46.53
2022-03-11 05:57,2,26.71,59.18
2022-03-11 05:58,3,26.71,57.55
2022-03-11 06:00,7,26.71,60
2022-03-11 06:02,2,26.71,59.59
2022-03-11 06:02,12,27.06,55.1
2022-03-11 06:03,10,27.41,73.88
2022-03-11 06:06,5,26.37,60
2022-03-11 06:07,1,26.71,87.76
2022-03-11 06:10,11,26.37,53.06
2022-03-11 06:12,2,26.71,60.41
2022-03-11 06:13,4,26.02,83.67
2022-03-11 06:14,9,26.71,64.08
2022-03-11 06:16,6,26.71,46.94
2022-03-11 06:18,3,26.71,58.37
2022-03-11 06:20,7,26.71,60.41
2022-03-11 06:21,12,27.06,55.51
2022-03-11 06:22,2,26.71,60.41
2022-03-11 06:23,10,27.41,74.29
2022-03-11 06:26,5,26.37,61.22
2022-03-11 06:27,1,26.71,88.57
2022-03-11 06:28,8,26.37,60.41
2022-03-11 06:30,11,26.37,53.06
2022-03-11 06:32,2,26.71,61.22
2022-03-11 06:33,4,26.02,84.08
2022-03-11 06:33,9,26.71,64.49
2022-03-11 06:36,6,26.71,47.35
2022-03-11 06:38,3,26.71,58.78
2022-03-11 06:40,7,26.71,61.22
2022-03-11 06:41,12,27.06,56.73
2022-03-11 06:43,10,27.41,75.1
2022-03-11 06:46,5,26.37,62.45
2022-03-11 06:47,1,26.71,88.98
2022-03-11 06:47,2,26.71,61.63
2022-03-11 06:48,8,26.37,60.82
2022-03-11 06:50,11,26.37,53.47
2022-03-11 06:52,2,26.71,61.63
2022-03-11 06:53,4,26.02,84.49
2022-03-11 06:53,9,26.71,65.31
2022-03-11 06:56,6,26.71,47.35
2022-03-11 06:57,2,26.71,62.04
2022-03-11 06:58,3,26.71,58.78
2022-03-11 07:00,7,26.71,61.63
2022-03-11 07:01,12,26.71,56.33
2022-03-11 07:02,2,26.71,61.63
2022-03-11 07:03,10,27.06,74.69
2022-03-11 07:06,1,26.37,88.98
2022-03-11 07:06,5,26.37,62.86
2022-03-11 07:07,2,26.71,61.63
2022-03-11 07:08,8,26.37,60.41
2022-03-11 07:10,11,26.37,53.47
2022-03-11 07:13,4,26.02,84.49
2022-03-11 07:13,9,26.71,64.9
2022-03-11 07:15,6,26.37,47.76
2022-03-11 07:17,2,26.71,61.22
2022-03-11 07:18,3,26.71,58.37
2022-03-11 07:20,7,26.71,60.82
2022-03-11 07:21,12,26.71,56.33
2022-03-11 07:23,10,27.06,73.88
2022-03-11 07:26,1,26.37,88.16
2022-03-11 07:26,5,26.02,62.04
2022-03-11 07:27,2,26.71,60.41
2022-03-11 07:27,8,26.37,59.59
2022-03-11 07:29,11,26.37,53.06
2022-03-11 07:33,4,26.02,83.67
2022-03-11 07:33,9,26.71,64.08
2022-03-11 07:35,6,26.37,47.76
2022-03-11 07:38,2,26.71,60.41
2022-03-11 07:38,3,26.71,58.37
2022-03-11 07:40,7,26.71,60.41
2022-03-11 07:41,12,26.71,55.51
2022-03-11 07:43,2,26.71,60.41
2022-03-11 07:43,10,27.06,73.47
2022-03-11 07:46,1,26.37,88.57
2022-03-11 07:46,5,26.02,62.04
2022-03-11 07:49,11,26.37,53.06
2022-03-11 07:53,4,26.02,83.67
2022-03-11 07:53,9,26.37,64.08
2022-03-11 07:55,6,26.37,48.16
2022-03-11 07:58,2,26.71,60.82
2022-03-11 07:58,3,26.71,58.37
2022-03-11 08:01,12,26.71,55.92
2022-03-11 08:03,2,26.71,60.82
2022-03-11 08:03,10,27.06,73.88
2022-03-11 08:06,1,26.37,88.98
2022-03-11 08:06,5,26.02,62.04
2022-03-11 08:07,8,26.37,59.59
2022-03-11 08:09,11,26.37,53.47
2022-03-11 08:13,4,26.02,84.49
2022-03-11 08:13,9,26.37,64.08
2022-03-11 08:15,6,26.37,48.16
2022-03-11 08:18,2,26.71,60.82
2022-03-11 08:18,3,26.71,58.78
2022-03-11 08:20,7,26.71,61.63
2022-03-11 08:21,12,26.71,56.33
2022-03-11 08:23,2,26.71,60.82
2022-03-11 08:23,10,27.06,73.88
2022-03-11 08:26,1,26.37,89.8
2022-03-11 08:26,5,26.02,62.04
2022-03-11 08:27,8,26.37,60
2022-03-11 08:29,11,26.37,53.47
2022-03-11 08:32,4,26.02,84.49
2022-03-11 08:33,9,26.37,64.08
2022-03-11 08:35,6,26.37,48.16
2022-03-11 08:38,2,26.71,60.82
2022-03-11 08:38,3,26.71,58.78
2022-03-11 08:41,12,26.71,55.51
2022-03-11 08:43,2,26.71,60.41
2022-03-11 08:43,10,27.06,73.47
2022-03-11 08:46,1,26.37,89.39
2022-03-11 08:46,5,26.02,61.63
2022-03-11 08:47,8,26.37,60
2022-03-11 08:49,11,26.37,53.47
2022-03-11 08:52,4,26.02,84.08
2022-03-11 08:53,2,26.37,60.41
2022-03-11 08:53,9,26.37,64.08
2022-03-11 08:55,6,26.37,48.16
2022-03-11 08:58,2,26.37,60.41
2022-03-11 08:58,3,26.37,58.78
2022-03-11 08:59,7,26.37,60.82
2022-03-11 09:01,12,26.71,55.1
2022-03-11 09:02,10,26.71,73.47
2022-03-11 09:03,2,26.37,60.41
2022-03-11 09:06,1,26.37,89.39
2022-03-11 09:06,5,26.02,61.22
2022-03-11 09:07,8,26.37,60
2022-03-11 09:08,2,26.37,60.82
2022-03-11 09:09,11,26.37,53.47
2022-03-11 09:12,4,26.02,84.49
2022-03-11 09:13,2,26.37,61.22
2022-03-11 09:13,9,26.37,64.49
2022-03-11 09:15,6,26.37,48.16
2022-03-11 09:17,3,26.37,59.18
2022-03-11 09:18,2,26.37,61.63
2022-03-11 09:19,7,26.37,61.63
2022-03-11 09:21,12,26.71,55.92
2022-03-11 09:22,10,26.71,73.47
2022-03-11 09:23,2,26.37,61.63
2022-03-11 09:25,5,26.02,61.63
2022-03-11 09:26,1,26.37,90.2
2022-03-11 09:27,8,26.37,60
2022-03-11 09:28,2,26.37,62.04
2022-03-11 09:29,11,26.02,53.47
2022-03-11 09:32,4,26.02,85.31
2022-03-11 09:33,2,26.37,62.04
2022-03-11 09:33,9,26.37,64.9
2022-03-11 09:35,6,26.37,48.57
2022-03-11 09:37,3,26.37,59.18
2022-03-11 09:38,2,26.37,62.04
2022-03-11 09:41,12,26.37,55.92
2022-03-11 09:42,10,26.71,73.47
2022-03-11 09:43,2,26.37,62.04
2022-03-11 09:45,5,26.02,61.22
2022-03-11 09:46,1,26.37,90.2
2022-03-11 09:47,8,26.37,60.82
2022-03-11 09:49,11,26.02,53.88
2022-03-11 09:52,4,26.02,84.9
2022-03-11 09:53,2,26.37,61.63
2022-03-11 09:53,9,26.37,64.9
2022-03-11 09:57,3,26.37,59.18
2022-03-11 09:58,2,26.37,61.63
2022-03-11 10:00,12,26.37,55.51
2022-03-11 10:02,10,26.71,73.06
2022-03-11 10:03,2,26.37,61.63
2022-03-11 10:05,5,26.02,60.82
2022-03-11 10:06,1,26.37,89.8
2022-03-11 10:07,8,26.02,60
2022-03-11 10:08,2,26.37,61.22
2022-03-11 10:09,11,26.02,53.88
2022-03-11 10:12,4,26.02,84.49
2022-03-11 10:12,9,26.37,64.08
2022-03-11 10:13,2,26.37,61.22
2022-03-11 10:15,6,26.37,48.57
2022-03-11 10:17,3,26.37,59.18
2022-03-11 10:18,2,26.37,61.22
2022-03-11 10:19,7,26.37,61.63
2022-03-11 10:20,12,26.37,55.1
2022-03-11 10:23,2,26.37,60.82
2022-03-11 10:25,5,26.02,60.41
2022-03-11 10:27,8,26.02,59.59
2022-03-11 10:28,2,26.37,60.82
2022-03-11 10:29,11,26.02,53.88
2022-03-11 10:32,4,26.02,84.49
2022-03-11 10:32,9,26.37,64.08
2022-03-11 10:33,2,26.37,60.82
2022-03-11 10:35,6,26.37,48.98
2022-03-11 10:37,3,26.37,59.18
2022-03-11 10:38,2,26.37,60.82
2022-03-11 10:39,7,26.37,61.22
2022-03-11 10:40,12,26.37,54.69
2022-03-11 10:42,10,26.71,72.65
2022-03-11 10:43,2,26.37,60.82
2022-03-11 10:45,1,26.37,89.39
2022-03-11 10:45,5,26.02,60.41
2022-03-11 10:47,8,26.02,59.59
2022-03-11 10:48,2,26.37,60.82
2022-03-11 10:49,11,26.02,53.47
2022-03-11 10:52,4,26.02,84.49
2022-03-11 10:52,9,26.37,63.67
2022-03-11 10:55,6,26.02,48.98
2022-03-11 10:57,3,26.37,58.78
2022-03-11 10:58,2,26.37,60.41
2022-03-11 10:59,7,26.37,60.82
2022-03-11 11:00,12,26.37,54.29
2022-03-11 11:02,10,26.71,71.84
2022-03-11 11:03,2,26.37,60.41
2022-03-11 11:05,1,26.37,88.98
2022-03-11 11:05,5,26.02,59.59
2022-03-11 11:06,8,26.02,58.78
2022-03-11 11:08,2,26.37,60.41
2022-03-11 11:08,11,26.02,53.47
2022-03-11 11:12,4,26.02,83.27
2022-03-11 11:12,9,26.37,63.27
2022-03-11 11:13,2,26.37,60.41
2022-03-11 11:15,6,26.02,48.98
2022-03-11 11:17,3,26.37,58.37
2022-03-11 11:18,2,26.37,60.41
2022-03-11 21:54,2,26.37,54.29
2022-03-11 21:54,3,26.37,54.69
2022-03-11 21:57,12,26.37,47.76
2022-03-11 22:02,1,26.02,80.41
2022-03-11 22:02,5,25.67,53.06
2022-03-11 22:04,2,26.37,53.88
2022-03-11 22:04,8,26.02,54.29
2022-03-11 22:05,11,26.02,51.02
2022-03-11 22:09,2,26.37,53.88
2022-03-11 22:09,4,26.37,78.37
2022-03-11 22:09,9,26.37,57.14
2022-03-11 22:12,6,26.02,48.57
2022-03-11 22:14,2,26.37,53.88
2022-03-11 22:14,3,26.37,54.69
2022-03-11 22:16,7,26.02,55.92
2022-03-11 22:17,12,26.37,48.16
2022-03-11 22:19,2,26.37,53.88
2022-03-11 22:19,10,26.71,65.31
2022-03-11 22:22,1,26.02,80.82
2022-03-11 22:22,5,25.67,53.06
2022-03-11 22:23,8,26.02,54.29
2022-03-11 22:24,2,26.37,54.29
2022-03-11 22:29,2,26.37,54.29
2022-03-11 22:29,4,26.37,78.78
2022-03-11 22:29,9,26.37,57.55
2022-03-11 22:32,6,26.02,48.16
2022-03-11 22:34,2,26.37,54.29
2022-03-11 22:34,3,26.37,54.69
2022-03-11 22:35,7,26.02,56.33
2022-03-11 22:37,12,26.37,48.16
2022-03-11 22:39,10,26.71,65.31
2022-03-11 22:42,1,26.02,80.82
2022-03-11 22:42,5,25.67,53.47
2022-03-11 22:43,8,26.02,54.29
2022-03-11 22:45,11,26.02,51.02
2022-03-11 22:49,4,26.37,78.78
2022-03-11 22:52,6,26.02,48.16
2022-03-11 22:54,3,26.37,54.69
2022-03-11 22:55,7,26.02,56.33
2022-03-11 22:57,12,26.37,48.16
2022-03-11 22:59,2,26.37,54.29
2022-03-11 22:59,10,26.71,65.31
2022-03-11 23:01,1,26.02,81.22
2022-03-11 23:02,5,25.67,53.47
2022-03-11 23:03,8,26.02,54.29
2022-03-11 23:04,2,26.37,54.29
2022-03-11 23:05,11,26.02,51.02
2022-03-11 23:09,2,26.37,54.29
2022-03-11 23:09,4,26.37,78.78
2022-03-11 23:09,9,26.37,57.55
2022-03-11 23:12,6,26.02,48.16
2022-03-11 23:14,3,26.37,54.69
2022-03-11 23:15,7,26.02,56.73
2022-03-11 23:17,12,26.37,48.16
2022-03-11 23:19,2,26.37,54.29
2022-03-11 23:19,10,26.71,65.31
2022-03-11 23:21,5,25.67,53.47
2022-03-11 23:23,8,26.02,54.29
2022-03-11 23:24,2,26.37,54.29
2022-03-11 23:25,11,26.02,51.43
2022-03-11 23:28,9,26.37,57.55
2022-03-11 23:29,4,26.37,79.18
2022-03-11 23:32,6,25.67,48.16
2022-03-11 23:34,3,26.37,54.69
2022-03-11 23:35,7,26.02,56.73
2022-03-11 23:37,12,26.37,48.16
2022-03-11 23:39,10,26.37,65.31
2022-03-11 23:41,1,26.02,80.82
2022-03-11 23:41,5,25.67,53.06
2022-03-11 23:43,8,26.02,54.29
2022-03-11 23:44,2,26.02,54.29
2022-03-11 23:45,11,26.02,51.02
2022-03-11 23:48,4,26.37,78.37
2022-03-11 23:51,6,25.67,48.16
2022-03-11 23:53,3,26.37,54.69
2022-03-11 23:54,2,26.02,53.88
2022-03-11 23:55,7,26.02,55.92
2022-03-11 23:56,12,26.37,48.16
2022-03-11 23:59,2,26.02,53.88
2022-03-11 23:59,10,26.37,64.9
2022-03-12 00:01,1,26.02,80.41
2022-03-12 00:01,5,25.67,53.06
2022-03-12 00:03,8,26.02,54.29
2022-03-12 00:04,2,26.02,53.88
2022-03-12 00:05,11,25.67,51.02
2022-03-12 00:08,4,26.37,77.96
2022-03-12 00:08,9,26.37,57.14
2022-03-12 00:09,2,26.02,53.88
2022-03-12 00:11,6,25.67,48.57
2022-03-12 00:13,3,26.37,54.69
2022-03-12 00:14,2,26.02,53.88
2022-03-12 00:15,7,26.02,55.92
2022-03-12 00:16,12,26.02,47.76
2022-03-12 00:19,2,26.02,53.88
2022-03-12 00:19,10,26.37,64.49
2022-03-12 00:21,1,26.02,80
2022-03-12 00:21,5,25.67,52.65
2022-03-12 00:23,8,26.02,54.29
2022-03-12 00:24,2,26.02,53.88
2022-03-12 00:25,11,25.67,51.02
2022-03-12 00:28,4,26.02,77.55
2022-03-12 00:28,9,26.02,56.73
2022-03-12 00:29,2,26.02,53.88
2022-03-12 00:31,6,25.67,48.16
2022-03-12 00:33,3,26.37,54.29
2022-03-12 00:34,2,26.02,53.47
2022-03-12 00:35,7,26.02,55.92
2022-03-12 00:36,12,26.02,47.76
2022-03-12 00:39,10,26.37,64.49
2022-03-12 00:41,1,26.02,80
2022-03-12 00:41,5,25.67,53.06
2022-03-12 00:43,8,26.02,53.88
2022-03-12 00:44,2,26.02,53.47
2022-03-12 00:44,11,25.67,51.02
2022-03-12 00:48,4,26.02,77.55
2022-03-12 00:48,9,26.02,56.73
2022-03-12 00:49,2,26.02,53.47
2022-03-12 00:51,6,25.67,48.57
2022-03-12 00:53,3,26.02,54.29
2022-03-12 00:54,2,26.02,53.47
2022-03-12 00:55,7,26.02,55.92
2022-03-12 00:56,12,26.02,47.76
2022-03-12 00:59,2,26.02,53.47
2022-03-12 00:59,10,26.37,64.49
2022-03-12 01:01,1,26.02,79.59
2022-03-12 01:01,5,25.67,52.65
2022-03-12 01:03,8,26.02,53.88
2022-03-12 01:04,2,26.02,53.47
2022-03-12 01:04,11,25.67,51.02
2022-03-12 01:08,4,26.02,77.96
2022-03-12 01:08,9,26.02,56.73
2022-03-12 01:09,2,26.02,53.88
2022-03-12 01:11,6,25.67,48.16
2022-03-12 01:14,2,26.02,53.88
2022-03-12 01:15,7,26.02,55.92
2022-03-12 01:16,12,26.02,47.35
2022-03-12 01:19,2,26.02,53.47
2022-03-12 01:19,10,26.37,64.08
2022-03-12 01:21,1,26.02,79.59
2022-03-12 01:23,8,26.02,53.88
2022-03-12 01:24,2,26.02,53.06
2022-03-12 01:24,11,25.67,50.61
2022-03-12 01:28,4,26.02,77.55
2022-03-12 01:28,9,26.02,56.73
2022-03-12 01:29,2,26.02,53.06
2022-03-12 01:31,6,25.67,48.16
2022-03-12 01:33,3,26.02,53.88
2022-03-12 01:34,2,26.02,53.06
2022-03-12 01:35,7,26.02,55.92
2022-03-12 01:36,12,26.02,47.35
2022-03-12 01:39,2,26.02,53.06
2022-03-12 01:39,10,26.02,64.08
2022-03-12 01:41,1,25.67,78.78
2022-03-12 01:41,5,25.67,52.24
2022-03-12 01:43,8,25.67,53.47
2022-03-12 01:44,2,26.02,53.06
2022-03-12 01:44,11,25.67,50.61
2022-03-12 01:48,4,26.02,77.14
2022-03-12 01:48,9,26.02,56.33
2022-03-12 01:49,2,26.02,53.06
2022-03-12 01:53,3,26.02,53.88
2022-03-12 01:54,2,26.02,53.06
2022-03-12 01:55,7,26.02,55.51
2022-03-12 01:56,12,26.02,46.94
2022-03-12 01:58,10,26.02,63.67
2022-03-12 01:59,2,26.02,52.65
2022-03-12 02:01,1,25.67,78.78
2022-03-12 02:01,5,25.67,52.24
2022-03-12 02:02,8,25.67,53.47
2022-03-12 02:04,2,26.02,52.65
2022-03-12 02:04,11,25.67,50.61
2022-03-12 02:08,4,26.02,77.14
2022-03-12 02:09,2,26.02,52.65
2022-03-12 02:11,6,25.67,48.16
2022-03-12 02:13,3,26.02,54.29
2022-03-12 02:14,2,26.02,52.65
2022-03-12 02:14,7,26.02,55.1
2022-03-12 02:16,12,26.02,46.94
2022-03-12 02:18,10,26.02,63.67
2022-03-12 02:19,2,26.02,52.65
2022-03-12 02:20,1,25.67,78.37
2022-03-12 02:21,5,25.33,51.84
2022-03-12 02:24,2,26.02,52.65
2022-03-12 02:24,11,25.67,50.61
2022-03-12 02:28,4,26.02,75.92
2022-03-12 02:28,9,26.02,55.92
2022-03-12 02:29,2,26.02,52.65
2022-03-12 02:31,6,25.67,48.16
2022-03-12 02:33,3,26.02,53.88
2022-03-12 02:34,2,26.02,52.65
2022-03-12 02:34,7,26.02,54.69
2022-03-12 02:36,12,26.02,46.94
2022-03-12 02:38,10,26.02,63.27
2022-03-12 02:39,2,26.02,52.65
2022-03-12 02:40,1,25.67,78.37
2022-03-12 02:41,5,25.33,51.84
2022-03-12 02:42,8,25.67,53.06
2022-03-12 02:44,2,26.02,52.65
2022-03-12 02:44,11,25.67,50.61
2022-03-12 02:47,9,26.02,55.92
2022-03-12 02:48,4,26.02,76.33
2022-03-12 02:49,2,26.02,52.24
2022-03-12 02:51,6,25.67,48.16
2022-03-12 02:53,3,26.02,53.88
2022-03-12 02:54,7,25.67,54.69
2022-03-12 02:55,2,26.02,52.24
2022-03-12 02:56,12,25.67,46.94
2022-03-12 02:58,10,26.02,63.27
2022-03-12 03:00,1,25.67,77.96
2022-03-12 03:00,2,26.02,52.24
2022-03-12 03:00,5,25.33,51.84
2022-03-12 03:02,8,25.67,53.47
2022-03-12 03:04,11,25.67,50.61
2022-03-12 03:05,2,26.02,52.24
2022-03-12 03:07,9,26.02,55.92
2022-03-12 03:08,4,26.02,75.92
2022-03-12 03:10,2,26.02,52.24
2022-03-12 03:11,6,25.67,48.16
2022-03-12 03:12,3,26.02,53.47
2022-03-12 03:14,7,25.67,55.1
2022-03-12 03:15,2,26.02,52.24
2022-03-12 03:16,12,25.67,46.94
2022-03-12 03:18,10,26.02,63.27
2022-03-12 03:20,1,25.67,77.55
2022-03-12 03:20,2,26.02,52.24
2022-03-12 03:20,5,25.33,51.84
2022-03-12 03:22,8,25.67,53.06
2022-03-12 03:24,11,25.67,50.61
2022-03-12 03:25,2,26.02,52.24
2022-03-12 03:27,4,26.02,75.92
2022-03-12 03:27,9,25.67,55.92
2022-03-12 03:30,2,26.02,52.24
2022-03-12 03:31,6,25.67,47.76
2022-03-12 03:32,3,26.02,53.47
2022-03-12 03:34,7,25.67,55.1
2022-03-12 03:35,2,25.67,52.24
2022-03-12 03:35,12,25.67,46.94
2022-03-12 03:38,10,26.02,62.86
2022-03-12 03:40,1,25.67,77.55
2022-03-12 03:40,5,25.33,51.84
2022-03-12 03:42,8,25.67,53.06
2022-03-12 03:44,11,25.67,50.61
2022-03-12 03:45,2,25.67,52.24
2022-03-12 03:47,4,26.02,75.92
2022-03-12 03:47,9,25.67,55.51
2022-03-12 03:50,2,25.67,52.24
2022-03-12 03:51,6,25.33,48.16
2022-03-12 03:52,3,26.02,53.88
2022-03-12 03:54,7,25.67,54.69
2022-03-12 03:55,2,25.67,51.84
2022-03-12 03:55,12,25.67,46.53
2022-03-12 03:58,10,25.67,62.86
2022-03-12 04:00,1,25.67,77.14
2022-03-12 04:00,2,25.67,51.84
2022-03-12 04:00,5,25.33,51.43
2022-03-12 04:02,8,25.67,53.06
2022-03-12 04:04,11,25.67,50.61
2022-03-12 04:07,4,26.02,76.33
2022-03-12 04:07,9,25.67,55.51
2022-03-12 04:10,2,25.67,51.84
2022-03-12 04:10,6,25.33,48.16
2022-03-12 04:12,3,26.02,53.06
2022-03-12 04:14,7,25.67,54.69
2022-03-12 04:15,2,25.67,51.84
2022-03-12 04:15,12,25.67,46.53
2022-03-12 04:18,10,25.67,62.86
2022-03-12 04:20,1,25.67,77.14
2022-03-12 04:20,2,25.67,51.84
2022-03-12 04:20,5,25.33,51.43
2022-03-12 04:23,11,25.67,50.61
2022-03-12 04:25,2,25.67,51.84
2022-03-12 04:27,4,26.02,75.92
2022-03-12 04:27,9,25.67,55.51
2022-03-12 04:30,2,25.67,51.84
2022-03-12 04:30,6,25.33,47.76
2022-03-12 04:32,3,26.02,53.06
2022-03-12 04:34,7,25.67,54.69
2022-03-12 04:35,2,25.67,51.84
2022-03-12 04:35,12,25.67,46.53
2022-03-12 04:38,10,25.67,62.45
2022-03-12 04:40,1,25.67,76.73
2022-03-12 04:40,2,25.67,51.84
2022-03-12 04:40,5,25.33,51.43
2022-03-12 04:42,8,25.67,52.65
2022-03-12 04:43,11,25.33,50.61
2022-03-12 04:45,2,25.67,51.43
2022-03-12 04:47,4,26.02,75.1
2022-03-12 04:47,9,25.67,55.51
2022-03-12 04:50,2,25.67,51.84
2022-03-12 04:50,6,25.33,47.76
2022-03-12 04:52,3,26.02,53.06
2022-03-12 04:54,7,25.67,54.29
2022-03-12 04:55,2,25.67,51.43
2022-03-12 04:55,12,25.67,46.12
2022-03-12 04:58,10,25.67,62.45
2022-03-12 05:00,1,25.67,76.33
2022-03-12 05:00,2,25.67,51.43
2022-03-12 05:00,5,25.33,51.43
2022-03-12 05:02,8,25.67,53.06
2022-03-12 05:03,11,25.33,50.61
2022-03-12 05:05,2,25.67,51.43
2022-03-12 05:07,4,26.02,75.51
2022-03-12 05:07,9,25.67,55.1
2022-03-12 05:10,2,25.67,51.43
2022-03-12 05:10,6,25.33,47.35
2022-03-12 05:12,3,25.67,53.06
2022-03-12 05:14,7,25.67,54.29
2022-03-12 05:15,2,25.67,51.43
2022-03-12 05:15,12,25.67,46.12
2022-03-12 05:19,1,25.67,76.33
2022-03-12 05:20,2,25.67,51.43
2022-03-12 05:20,5,25.33,51.02
2022-03-12 05:22,8,25.33,52.65
2022-03-12 05:23,11,25.33,50.61
2022-03-12 05:25,2,25.67,51.43
2022-03-12 05:27,4,25.67,74.69
2022-03-12 05:27,9,25.67,55.1
2022-03-12 05:30,2,25.67,51.43
2022-03-12 05:30,6,25.33,47.35
2022-03-12 05:32,3,25.67,52.65
2022-03-12 05:33,7,25.67,54.29
2022-03-12 05:35,2,25.67,51.43
2022-03-12 05:35,12,25.67,46.12
2022-03-12 05:38,10,25.67,62.04
2022-03-12 05:39,1,25.67,75.92
2022-03-12 05:40,2,25.67,51.43
2022-03-12 05:40,5,25.33,51.02
2022-03-12 05:43,11,25.33,50.2
2022-03-12 05:45,2,25.67,51.43
2022-03-12 05:47,4,25.67,74.69
2022-03-12 05:47,9,25.67,55.1
2022-03-12 05:50,2,25.67,51.43
2022-03-12 05:50,6,25.33,47.76
2022-03-12 05:52,3,25.67,52.65
2022-03-12 05:53,7,25.67,54.29
2022-03-12 05:57,10,25.67,62.04
2022-03-12 05:59,1,25.67,75.92
2022-03-12 06:00,2,25.67,51.43
2022-03-12 06:00,5,25.33,51.02
2022-03-12 06:03,11,25.33,50.2
2022-03-12 06:05,2,25.67,51.02
2022-03-12 06:06,9,25.67,54.69
2022-03-12 06:07,4,25.67,74.69
2022-03-12 06:10,2,25.67,51.43
2022-03-12 06:10,6,25.33,47.76
2022-03-12 06:12,3,25.67,52.65
2022-03-12 06:13,7,25.67,54.29
2022-03-12 06:15,2,25.67,51.02
2022-03-12 06:15,12,25.33,46.12
2022-03-12 06:17,10,25.33,62.04
2022-03-12 06:19,1,25.33,75.92
2022-03-12 06:20,2,25.67,51.43
2022-03-12 06:20,5,25.33,50.61
2022-03-12 06:21,8,25.33,52.24
2022-03-12 06:23,11,25.33,50.2
2022-03-12 06:26,9,25.67,54.69
2022-03-12 06:27,4,25.67,74.69
2022-03-12 06:30,2,25.67,51.02
2022-03-12 06:30,6,25.33,47.35
2022-03-12 06:32,3,25.67,52.24
2022-03-12 06:33,7,25.67,53.47
2022-03-12 06:35,2,25.67,51.02
2022-03-12 06:35,12,25.33,46.12
2022-03-12 06:37,10,25.33,61.63
2022-03-12 06:39,1,25.33,75.51
2022-03-12 06:39,5,24.98,50.61
2022-03-12 06:43,11,25.33,50.2
2022-03-12 22:15,5,26.37,46.94
2022-03-12 22:16,2,26.71,47.35
2022-03-12 22:17,8,27.41,48.57
2022-03-12 22:18,11,26.71,47.35
2022-03-12 22:21,2,26.71,47.35
2022-03-12 22:22,9,27.41,51.43
2022-03-12 22:23,4,27.41,67.76
2022-03-12 22:26,2,26.71,47.76
2022-03-12 22:26,6,26.71,45.71
2022-03-12 22:27,3,27.06,48.57
2022-03-12 22:29,7,26.71,49.8
2022-03-12 22:30,12,27.76,43.27
2022-03-12 22:31,2,26.71,47.35
2022-03-12 22:34,1,26.37,68.57
2022-03-12 22:34,10,28.1,56.73
2022-03-12 22:35,5,26.37,46.94
2022-03-12 22:36,2,26.71,47.35
2022-03-12 22:37,8,27.41,48.57
2022-03-12 22:38,11,26.71,47.76
2022-03-12 22:41,2,26.71,47.35
2022-03-12 22:42,4,27.41,67.35
2022-03-12 22:42,9,27.41,51.43
2022-03-12 22:46,2,26.71,47.35
2022-03-12 22:46,6,26.71,45.31
2022-03-12 22:47,3,27.06,48.57
2022-03-12 22:48,7,26.71,49.8
2022-03-12 22:50,12,27.41,43.27
2022-03-12 22:51,2,26.71,47.35
2022-03-12 22:53,10,28.1,56.73
2022-03-12 22:54,1,26.37,68.57
2022-03-12 22:55,5,26.37,46.94
2022-03-12 22:56,2,26.71,47.35
2022-03-12 22:57,8,27.06,48.57
2022-03-12 22:58,11,26.71,47.76
2022-03-12 23:01,9,27.41,51.43
2022-03-12 23:02,2,26.71,47.35
2022-03-12 23:02,4,27.06,67.35
2022-03-12 23:06,6,26.71,45.31
2022-03-12 23:07,2,26.71,47.35
2022-03-12 23:07,3,27.06,48.57
2022-03-12 23:08,7,26.71,49.39
2022-03-12 23:10,12,27.41,43.27
2022-03-12 23:12,2,26.71,47.35
2022-03-12 23:13,10,27.76,56.73
2022-03-12 23:14,1,26.37,68.57
2022-03-12 23:15,5,26.37,46.94
2022-03-12 23:17,2,26.71,47.35
2022-03-12 23:17,8,27.06,48.57
2022-03-12 23:18,11,26.71,47.76
2022-03-12 23:21,9,27.06,51.43
2022-03-12 23:22,2,26.71,47.35
2022-03-12 23:22,4,27.06,67.35
2022-03-12 23:26,6,26.37,45.31
2022-03-12 23:27,2,26.71,47.35
2022-03-12 23:27,3,27.06,48.57
2022-03-12 23:28,7,26.71,49.8
2022-03-12 23:30,12,27.41,43.27
2022-03-12 23:32,2,26.71,47.35
2022-03-12 23:36,1,26.37,68.57
2022-03-12 23:36,5,26.37,46.94
2022-03-12 23:36,10,27.76,56.73
2022-03-12 23:37,2,26.71,47.35
2022-03-12 23:38,11,26.71,47.35
2022-03-12 23:41,9,27.06,51.43
2022-03-12 23:42,2,26.71,46.94
2022-03-12 23:42,4,27.06,67.35
2022-03-12 23:46,6,26.37,45.71
2022-03-12 23:47,2,26.71,47.35
2022-03-12 23:47,3,27.06,48.57
2022-03-12 23:48,7,26.71,49.39
2022-03-12 23:52,2,26.71,47.35
2022-03-12 23:53,10,27.76,56.33
2022-03-12 23:54,1,26.37,68.16
2022-03-12 23:55,5,26.37,46.94
2022-03-12 23:57,2,26.71,47.35
2022-03-12 23:57,8,27.06,48.57
2022-03-12 23:58,11,26.71,47.76
2022-03-13 00:01,9,27.06,51.02
2022-03-13 00:02,2,26.71,47.35
2022-03-13 00:02,4,27.06,67.35
2022-03-13 00:07,2,26.37,47.35
2022-03-13 00:07,3,26.71,48.57
2022-03-13 00:08,7,26.37,49.8
2022-03-13 00:12,2,26.37,47.35
2022-03-13 00:12,12,27.06,42.86
2022-03-13 00:13,10,27.41,56.33
2022-03-13 00:14,1,26.37,68.16
2022-03-13 00:14,5,26.02,46.94
2022-03-13 00:17,2,26.37,46.94
2022-03-13 00:17,8,26.71,48.98
2022-03-13 00:18,11,26.37,47.76
2022-03-13 00:21,9,27.06,51.02
2022-03-13 00:22,2,26.37,47.35
2022-03-13 00:22,4,27.06,67.35
2022-03-13 00:26,6,26.37,45.31
2022-03-13 00:28,2,26.37,46.94
2022-03-13 00:29,7,26.37,49.8
2022-03-13 00:32,2,26.37,46.94
2022-03-13 00:33,10,27.41,57.14
2022-03-13 00:34,1,26.37,68.16
2022-03-13 00:37,2,26.37,47.35
2022-03-13 00:37,8,26.71,48.57
2022-03-13 00:38,11,26.37,47.76
2022-03-13 00:41,9,27.06,51.43
2022-03-13 00:42,2,26.37,46.94
2022-03-13 00:42,4,26.71,66.94
2022-03-13 00:48,2,26.37,46.94
2022-03-13 00:48,3,26.71,48.57
2022-03-13 00:48,6,26.37,45.31
2022-03-13 00:48,7,26.37,49.8
2022-03-13 00:50,12,27.06,43.27
2022-03-13 00:52,2,26.37,46.94
2022-03-13 00:53,1,26.37,68.16
2022-03-13 00:53,10,27.41,56.73
2022-03-13 00:54,5,26.02,46.94
2022-03-13 00:56,8,26.71,48.57
2022-03-13 00:57,2,26.37,46.94
2022-03-13 00:58,11,26.37,47.76
2022-03-13 01:01,9,26.71,51.02
2022-03-13 01:02,2,26.37,46.94
2022-03-13 01:02,4,26.71,66.94
2022-03-13 01:05,6,26.02,45.31
2022-03-13 01:07,3,26.71,48.57
2022-03-13 01:09,2,26.37,46.94
2022-03-13 01:09,7,26.37,49.8
2022-03-13 01:10,12,26.71,42.86
2022-03-13 01:12,2,26.37,46.94
2022-03-13 01:13,1,26.02,68.16
2022-03-13 01:13,10,27.06,56.73
2022-03-13 01:14,5,26.02,46.94
2022-03-13 01:16,8,26.71,48.57
2022-03-13 01:17,2,26.37,46.94
2022-03-13 01:17,11,26.37,47.76
2022-03-13 01:21,9,26.71,51.02
2022-03-13 01:22,2,26.37,46.94
2022-03-13 01:22,4,26.71,66.53
2022-03-13 01:26,3,26.71,48.57
2022-03-13 01:27,2,26.37,46.94
2022-03-13 01:28,7,26.37,49.39
2022-03-13 01:29,12,26.71,42.86
2022-03-13 01:32,2,26.37,46.94
2022-03-13 01:33,1,26.02,68.16
2022-03-13 01:33,10,27.06,56.33
2022-03-13 01:34,5,25.67,46.94
2022-03-13 01:37,2,26.37,46.94
2022-03-13 01:37,11,26.02,47.76
2022-03-13 01:41,9,26.71,51.02
2022-03-13 01:42,2,26.37,46.94
2022-03-13 01:42,4,26.71,66.12
2022-03-13 01:45,6,26.02,45.31
2022-03-13 01:47,2,26.37,46.94
2022-03-13 01:47,7,26.37,49.39
2022-03-13 01:49,12,26.71,43.27
2022-03-13 01:52,2,26.37,46.94
2022-03-13 01:53,1,26.02,67.76
2022-03-13 01:53,10,27.06,56.33
2022-03-13 01:54,5,25.67,46.94
2022-03-13 01:56,8,26.37,48.57
2022-03-13 01:57,2,26.02,46.94
2022-03-13 01:57,11,26.02,47.76
2022-03-13 02:01,9,26.71,51.02
2022-03-13 02:02,2,26.02,46.94
2022-03-13 02:02,4,26.71,66.53
2022-03-13 02:05,6,26.02,45.31
2022-03-13 02:06,3,26.37,48.57
2022-03-13 02:07,2,26.02,46.94
2022-03-13 02:07,7,26.02,49.39
2022-03-13 02:09,12,26.37,43.27
2022-03-13 02:12,2,26.02,46.94
2022-03-13 02:13,1,26.02,67.76
2022-03-13 02:13,10,26.71,56.33
2022-03-13 02:14,5,25.67,46.94
2022-03-13 02:16,8,26.37,48.57
2022-03-13 02:17,2,26.02,46.94
2022-03-13 02:17,11,26.02,47.76
2022-03-13 02:21,4,26.37,66.12
2022-03-13 02:22,2,26.02,46.94
2022-03-13 02:26,3,26.37,48.16
2022-03-13 02:27,2,26.02,46.94
2022-03-13 02:29,12,26.37,42.86
2022-03-13 02:32,2,26.02,46.94
2022-03-13 02:33,1,26.02,67.76
2022-03-13 02:33,10,26.71,56.33
2022-03-13 02:34,5,25.67,46.94
2022-03-13 02:36,8,26.37,48.57
2022-03-13 02:37,2,26.02,46.94
2022-03-13 02:37,11,26.02,47.76
2022-03-13 02:40,9,26.37,51.02
2022-03-13 02:41,4,26.37,66.53
2022-03-13 02:46,3,26.37,48.57
2022-03-13 02:47,2,26.02,46.94
2022-03-13 02:47,7,26.02,49.39
2022-03-13 02:49,12,26.37,42.86
2022-03-13 02:52,2,26.02,46.94
2022-03-13 02:53,1,26.02,67.76
2022-03-13 02:53,10,26.71,56.33
2022-03-13 02:54,5,25.67,46.94
2022-03-13 02:56,8,26.02,48.57
2022-03-13 02:57,2,26.02,46.94
2022-03-13 02:57,11,26.02,47.76
2022-03-13 03:01,4,26.37,66.53
2022-03-13 03:02,2,26.02,46.94
2022-03-13 03:06,3,26.02,48.57
2022-03-13 03:07,2,26.02,46.94
2022-03-13 03:07,7,26.02,49.39
2022-03-13 03:09,12,26.37,42.86
2022-03-13 03:12,2,26.02,46.94
2022-03-13 03:13,1,25.67,67.35
2022-03-13 03:13,10,26.37,56.33
2022-03-13 03:14,5,25.67,46.94
2022-03-13 03:16,8,26.02,48.57
2022-03-13 03:17,2,26.02,46.94
2022-03-13 03:17,11,26.02,47.76
2022-03-13 03:20,9,26.37,50.61
2022-03-13 03:21,4,26.37,66.94
2022-03-13 03:22,2,26.02,46.94
2022-03-13 03:26,3,26.02,48.57
2022-03-13 03:27,2,26.02,46.94
2022-03-13 03:27,7,26.02,48.98
2022-03-13 03:29,12,26.02,42.86
2022-03-13 03:32,2,26.02,46.94
2022-03-13 03:32,10,26.37,56.33
2022-03-13 03:33,1,25.67,67.35
2022-03-13 03:34,5,25.33,46.94
2022-03-13 03:36,8,26.02,48.57
2022-03-13 03:37,2,26.02,46.94
2022-03-13 03:37,11,25.67,47.76
2022-03-13 03:40,9,26.02,50.61
2022-03-13 03:41,4,26.02,66.94
2022-03-13 03:42,2,26.02,46.94
2022-03-13 03:45,6,25.67,45.71
2022-03-13 03:46,3,26.02,48.57
2022-03-13 03:47,2,26.02,46.94
2022-03-13 03:47,7,26.02,48.98
2022-03-13 03:49,12,26.02,42.86
2022-03-13 03:52,1,25.67,67.35
2022-03-13 03:52,2,26.02,46.94
2022-03-13 03:52,10,26.37,56.33
2022-03-13 03:53,5,25.33,46.94
2022-03-13 03:56,8,26.02,48.57
2022-03-13 03:57,2,25.67,46.94
2022-03-13 03:57,11,25.67,47.76
2022-03-13 04:00,9,26.02,50.61
2022-03-13 04:01,4,26.02,66.94
2022-03-13 04:02,2,25.67,46.94
2022-03-13 04:05,6,25.67,45.31
2022-03-13 04:06,3,26.02,48.57
2022-03-13 04:07,2,25.67,46.94
2022-03-13 04:07,7,25.67,49.39
2022-03-13 04:09,12,26.02,42.86
2022-03-13 04:12,1,25.67,67.35
2022-03-13 04:12,2,25.67,46.94
2022-03-13 04:12,10,26.02,55.92
2022-03-13 04:13,5,25.33,46.94
2022-03-13 04:16,8,26.02,48.57
2022-03-13 04:16,11,25.67,47.76
2022-03-13 04:17,2,25.67,46.94
2022-03-13 04:20,9,26.02,50.61
2022-03-13 04:21,4,26.02,66.12
2022-03-13 04:22,2,25.67,46.94
2022-03-13 04:25,6,25.67,45.71
2022-03-13 04:26,3,26.02,48.57
2022-03-13 04:27,2,25.67,46.94
2022-03-13 04:27,7,25.67,48.98
2022-03-13 04:29,12,26.02,42.86
2022-03-13 04:32,1,25.67,67.35
2022-03-13 04:32,2,25.67,46.94
2022-03-13 04:32,10,26.02,55.92
2022-03-13 04:33,5,25.33,46.94
2022-03-13 04:35,8,25.67,48.57
2022-03-13 04:36,11,25.67,47.76
2022-03-13 04:37,2,25.67,46.94
2022-03-13 04:40,9,26.02,50.61
2022-03-13 04:41,4,26.02,66.53
2022-03-13 04:42,2,25.67,46.94
2022-03-13 04:45,3,26.02,48.57
2022-03-13 04:45,6,25.67,45.71
2022-03-13 04:47,2,25.67,46.94
2022-03-13 04:47,7,25.67,49.39
2022-03-13 04:49,12,26.02,42.86
2022-03-13 04:52,1,25.67,67.35
2022-03-13 04:52,2,25.67,46.94
2022-03-13 04:52,10,26.02,55.92
2022-03-13 04:53,5,25.33,46.94
2022-03-13 04:55,8,25.67,48.57
2022-03-13 04:56,11,25.67,47.76
2022-03-13 04:57,2,25.67,46.94
2022-03-13 05:00,9,26.02,50.61
2022-03-13 05:01,4,26.02,66.53
2022-03-13 05:02,2,25.67,46.94
2022-03-13 05:05,3,26.02,48.57
2022-03-13 05:07,2,25.67,46.94
2022-03-13 05:07,7,25.67,49.39
2022-03-13 05:08,12,25.67,42.86
2022-03-13 05:12,1,25.67,67.35
2022-03-13 05:12,2,25.67,46.94
2022-03-13 05:12,10,26.02,56.33
2022-03-13 05:13,5,25.33,46.94
2022-03-13 05:15,8,25.67,48.57
2022-03-13 05:16,11,25.67,47.76
2022-03-13 05:17,2,25.67,46.53
2022-03-13 05:20,9,26.02,50.61
2022-03-13 05:21,4,26.02,66.53
2022-03-13 05:22,2,25.67,46.94
2022-03-13 05:24,6,25.33,45.71
2022-03-13 05:25,3,26.02,48.16
2022-03-13 05:26,7,25.67,49.39
2022-03-13 05:27,2,25.67,46.94
2022-03-13 05:28,12,25.67,42.86
2022-03-13 05:32,1,25.67,67.35
2022-03-13 05:32,2,25.67,46.94
2022-03-13 05:32,10,26.02,56.33
2022-03-13 05:35,8,25.67,48.57
2022-03-13 05:36,11,25.67,47.76
2022-03-13 05:37,2,25.67,46.53
2022-03-13 05:39,9,25.67,50.61
2022-03-13 05:41,4,26.02,66.12
2022-03-13 05:42,2,25.67,46.94
2022-03-13 05:44,6,25.33,45.71
2022-03-13 05:45,3,25.67,48.16
2022-03-13 05:46,7,25.67,49.39
2022-03-13 05:47,2,25.67,46.53
2022-03-13 05:48,12,25.67,42.86
2022-03-13 05:52,1,25.33,67.35
2022-03-13 05:52,2,25.67,46.94
2022-03-13 05:52,10,25.67,55.92
2022-03-13 05:53,5,24.98,46.94
2022-03-13 05:55,8,25.67,48.57
2022-03-13 05:56,11,25.33,48.16
2022-03-13 05:57,2,25.67,46.53
2022-03-13 05:59,9,25.67,50.61
2022-03-13 06:01,4,25.67,66.12
2022-03-13 06:02,2,25.67,46.53
2022-03-13 06:05,3,25.67,48.57
2022-03-13 06:06,7,25.67,49.39
2022-03-13 06:07,2,25.67,46.53
2022-03-13 06:08,12,25.67,42.86
2022-03-13 06:12,1,25.33,67.35
2022-03-13 06:12,2,25.67,46.53
2022-03-13 06:12,10,25.67,56.33
2022-03-13 06:13,5,24.98,46.94
2022-03-13 06:15,8,25.67,48.57
2022-03-13 06:16,11,25.33,47.76
2022-03-13 06:17,2,25.67,46.53
2022-03-13 06:19,9,25.67,50.61
2022-03-13 06:20,4,25.67,66.53
2022-03-13 06:22,2,25.33,46.53
2022-03-13 06:24,6,25.33,45.31
2022-03-13 06:25,3,25.67,48.16
2022-03-13 06:26,7,25.33,48.98
2022-03-13 06:27,2,25.33,46.94
2022-03-13 06:28,12,25.67,42.86
2022-03-13 06:32,1,25.33,66.94
2022-03-13 06:32,2,25.33,46.94
2022-03-13 06:32,10,25.67,55.92
2022-03-13 06:33,5,24.98,46.94
2022-03-13 06:35,8,25.33,48.57
2022-03-13 06:36,11,25.33,47.76
2022-03-13 06:37,2,25.33,46.94
2022-03-13 06:39,9,25.67,50.61
2022-03-13 06:40,4,25.67,66.12
2022-03-13 06:42,2,25.33,46.53
2022-03-13 06:45,3,25.67,48.16
2022-03-13 06:46,7,25.33,49.39
2022-03-13 06:47,2,25.33,46.53
2022-03-13 06:48,12,25.33,42.86
2022-03-13 06:52,1,25.33,66.94
2022-03-13 06:52,2,25.33,46.53
2022-03-13 06:52,10,25.67,55.92
2022-03-13 06:53,5,24.98,46.94
2022-03-13 06:55,8,25.33,48.57
2022-03-13 06:56,11,25.33,48.16
2022-03-13 06:58,2,25.33,46.53
2022-03-13 06:59,9,25.67,50.61
2022-03-13 07:00,4,25.67,66.12
2022-03-13 07:03,2,25.33,46.53
2022-03-13 07:05,3,25.67,48.16
2022-03-13 07:06,7,25.33,48.98
2022-03-13 07:08,2,25.33,46.53
2022-03-13 07:08,12,25.33,42.45
2022-03-13 07:11,1,25.33,66.94
2022-03-13 07:12,10,25.67,55.92
2022-03-13 07:13,2,25.33,46.53
2022-03-13 07:13,5,24.98,46.94
2022-03-13 07:15,8,25.33,48.57
2022-03-13 07:16,11,25.33,48.16
2022-03-13 07:18,2,25.33,46.53
2022-03-13 07:19,9,25.33,50.61
2022-03-13 07:20,4,25.67,65.71
2022-03-13 07:23,2,25.33,46.53
2022-03-13 07:25,3,25.67,48.16
2022-03-13 07:26,7,25.33,48.98
2022-03-13 07:28,2,25.33,46.53
2022-03-13 07:28,12,25.33,42.86
2022-03-13 07:31,1,25.33,66.94
2022-03-13 07:31,10,25.33,55.92
2022-03-13 07:32,5,24.98,46.53
2022-03-13 07:33,2,25.33,46.53
2022-03-13 07:35,8,25.33,48.57
2022-03-13 07:36,11,25.33,47.76
2022-03-13 07:38,2,25.33,46.53
2022-03-13 07:39,9,25.33,50.61
2022-03-13 07:40,4,25.67,66.12
2022-03-13 07:43,2,25.33,46.53
2022-03-13 07:44,6,24.98,45.71
2022-03-13 07:45,3,25.33,48.16
2022-03-13 07:46,7,25.33,48.98
2022-03-13 07:48,2,25.33,46.53
2022-03-13 07:48,12,25.33,42.86
2022-03-13 07:51,1,25.33,66.94
2022-03-13 07:51,10,25.33,55.92
2022-03-13 07:52,5,24.98,46.53
2022-03-13 07:53,2,25.33,46.53
2022-03-13 07:55,11,25.33,47.76
2022-03-13 07:58,2,25.33,46.53
2022-03-13 07:59,9,25.33,50.61
2022-03-13 08:00,4,25.67,65.71
2022-03-13 08:03,2,25.33,46.53
2022-03-13 08:04,6,24.98,45.71
2022-03-13 08:05,3,25.33,48.16
2022-03-13 08:06,7,25.33,48.98
2022-03-13 08:08,2,25.33,46.53
2022-03-13 08:08,12,25.33,42.86
2022-03-13 08:11,1,24.98,66.94
2022-03-13 08:11,10,25.33,55.92
2022-03-13 08:12,5,24.63,46.94
2022-03-13 08:13,2,25.33,46.53
2022-03-13 08:14,8,25.33,48.16
2022-03-13 08:15,11,24.98,47.76
2022-03-13 08:18,2,25.33,46.53
2022-03-13 08:19,9,25.33,50.2
2022-03-13 08:20,4,25.33,66.12
2022-03-13 08:23,2,24.98,46.53
2022-03-13 08:24,3,25.33,48.16
2022-03-13 08:24,6,24.98,45.71
2022-03-13 08:26,7,25.33,48.98
2022-03-13 08:28,2,24.98,46.53
2022-03-13 08:28,12,24.98,42.86
2022-03-13 08:31,1,24.98,66.53
2022-03-13 08:31,10,25.33,55.92
2022-03-13 08:32,5,24.63,46.94
2022-03-13 08:33,2,24.98,46.53
2022-03-13 08:34,8,24.98,48.16
2022-03-13 08:35,11,24.98,48.16
2022-03-13 08:38,2,24.98,46.53
2022-03-13 08:38,9,25.33,50.61
2022-03-13 08:40,4,25.33,66.12
2022-03-13 08:43,2,24.98,46.53
2022-03-13 08:43,6,24.98,45.71
2022-03-13 08:44,3,25.33,48.16
2022-03-13 08:45,7,24.98,48.98
2022-03-13 08:47,12,24.98,42.86
2022-03-13 08:48,2,24.98,46.53
2022-03-13 08:51,1,24.98,66.53
2022-03-13 08:51,10,24.98,55.92
2022-03-13 08:52,5,24.63,46.53
2022-03-13 08:53,2,24.98,46.53
2022-03-13 08:54,8,24.98,48.16
2022-03-13 08:55,11,24.98,48.16
2022-03-13 08:58,2,24.98,46.53
2022-03-13 08:58,9,25.33,50.2
2022-03-13 09:00,4,25.33,66.12
2022-03-13 09:03,2,24.98,46.53
2022-03-13 09:04,3,25.33,48.16
2022-03-13 09:05,7,24.98,48.98
2022-03-13 09:07,12,24.98,42.86
2022-03-13 09:08,2,24.98,46.53
2022-03-13 09:11,1,24.98,66.53
2022-03-13 09:11,10,24.98,55.92
2022-03-13 09:12,5,24.63,46.94
2022-03-13 09:13,2,24.98,46.53
2022-03-13 09:14,8,24.98,48.16
2022-03-13 09:15,11,24.98,48.16
2022-03-13 09:18,2,24.98,46.53
2022-03-13 09:18,9,24.98,50.2
2022-03-13 09:20,4,25.33,66.12
2022-03-13 09:23,2,24.98,46.53
2022-03-13 09:24,3,25.33,47.76
2022-03-13 09:25,7,24.98,48.98
2022-03-13 09:27,12,24.98,42.45
2022-03-13 09:28,2,24.98,46.53
2022-03-13 09:31,1,24.98,66.53
2022-03-13 09:31,10,24.98,55.92
2022-03-13 09:32,5,24.63,46.53
2022-03-13 09:33,2,24.98,46.53
2022-03-13 09:34,8,24.98,48.16
2022-03-13 09:35,11,24.98,48.16
2022-03-13 09:38,2,24.98,46.53
2022-03-13 09:38,9,24.98,50.2
2022-03-13 10:27,12,24.63,42.45
2022-03-13 10:28,2,24.98,46.53
2022-03-13 10:30,1,24.63,66.53
2022-03-13 10:31,10,24.63,55.92
2022-03-13 10:32,5,24.29,46.53
2022-03-13 10:33,2,24.63,46.53
2022-03-13 10:34,8,24.63,48.57
2022-03-13 10:35,11,24.63,48.16
2022-03-13 10:38,2,24.63,46.53
2022-03-13 10:38,9,24.98,50.2
2022-03-13 10:39,4,24.98,65.71
2022-03-13 10:43,2,24.63,46.53
2022-03-13 10:43,6,24.63,45.71
2022-03-13 10:44,3,24.98,48.16
2022-03-13 10:45,7,24.98,48.98
2022-03-13 10:47,12,24.63,42.45
2022-03-13 10:48,2,24.63,46.53
2022-03-13 10:50,1,24.63,66.53
2022-03-13 10:51,5,24.29,46.53
2022-03-13 10:53,2,24.63,46.53
2022-03-13 10:54,8,24.63,48.16
2022-03-13 10:58,2,24.63,46.53
2022-03-13 10:58,9,24.98,50.61
2022-03-13 10:59,4,24.98,65.71
2022-03-13 11:03,2,24.63,46.53
2022-03-13 11:03,6,24.63,45.71
2022-03-13 11:04,3,24.98,48.16
2022-03-13 11:05,7,24.63,48.98
2022-03-13 11:07,12,24.63,42.86
2022-03-13 11:08,2,24.63,46.53
2022-03-13 11:10,1,24.63,66.53
2022-03-13 11:11,5,24.29,46.53
2022-03-13 11:11,10,24.63,55.51
2022-03-13 11:15,11,24.63,48.16
2022-03-13 11:18,2,24.63,46.53
2022-03-13 11:18,9,24.98,50.2
2022-03-13 11:19,4,24.98,66.12
2022-03-13 11:23,2,24.63,46.53
2022-03-13 11:23,6,24.63,45.71
2022-03-13 11:24,3,24.98,48.16
2022-03-13 11:25,7,24.63,48.98
2022-03-13 11:27,12,24.63,42.86
2022-03-13 11:28,2,24.63,46.53
2022-03-13 11:30,1,24.63,66.53
2022-03-13 11:31,5,24.29,46.53
2022-03-13 11:31,10,24.63,55.51
2022-03-13 11:33,2,24.63,46.53
2022-03-13 11:34,8,24.63,48.16
2022-03-13 11:34,11,24.63,48.16
2022-03-13 11:38,2,24.63,46.53
2022-03-13 11:38,9,24.98,50.61
2022-03-13 11:39,4,24.98,65.71
2022-03-13 11:43,2,24.63,46.53
2022-03-13 11:43,6,24.63,45.71
2022-03-13 11:44,3,24.98,48.16
2022-03-13 11:47,12,24.63,42.45
2022-03-13 11:48,2,24.63,46.53
2022-03-13 11:50,1,24.63,66.12
2022-03-13 11:51,5,24.29,46.53
2022-03-13 11:53,2,24.63,46.53
2022-03-13 11:54,8,24.63,48.16
2022-03-13 11:54,11,24.63,48.16
2022-03-13 11:58,2,24.63,46.53
2022-03-13 11:58,9,24.63,50.61
2022-03-13 11:59,4,24.98,65.71
2022-03-13 12:03,2,24.63,46.53
2022-03-13 12:03,6,24.63,45.71
2022-03-13 12:04,3,24.98,48.16
2022-03-13 12:05,7,24.63,48.98
2022-03-13 12:07,12,24.63,42.86
2022-03-13 12:08,2,24.63,46.53
2022-03-13 12:10,1,24.63,66.53
2022-03-13 12:10,10,24.63,55.51
2022-03-13 12:11,5,24.29,46.53
2022-03-13 12:13,2,24.63,46.94
2022-03-13 12:14,8,24.63,48.16
2022-03-13 12:14,11,24.63,48.16
2022-03-13 12:18,2,24.63,46.53
2022-03-13 12:18,9,24.63,50.61
2022-03-13 12:19,4,24.98,65.71
2022-03-13 12:23,2,24.63,46.53
2022-03-13 12:23,6,24.63,45.71
2022-03-13 12:24,3,24.98,48.16
2022-03-13 12:24,7,24.63,48.98
2022-03-13 12:27,12,24.63,42.45
2022-03-13 12:28,2,24.63,46.53
2022-03-13 12:30,1,24.63,66.12
2022-03-13 12:30,10,24.63,55.92
2022-03-13 12:31,5,24.29,46.94
2022-03-13 12:33,2,24.63,46.53
2022-03-13 12:34,8,24.63,48.16
2022-03-13 12:34,11,24.63,48.57
2022-03-13 12:38,2,24.63,46.53
2022-03-13 12:38,9,24.98,50.61
2022-03-13 12:39,4,24.98,66.53
2022-03-13 12:43,2,24.63,46.53
2022-03-13 12:43,3,24.98,48.16
2022-03-13 12:43,6,24.63,45.71
2022-03-13 12:44,7,24.63,48.98
2022-03-13 12:47,12,24.63,42.86
2022-03-13 12:48,2,24.63,46.53
2022-03-13 12:50,1,24.63,66.12
2022-03-13 12:50,10,24.63,55.92
2022-03-13 12:51,5,24.29,46.53
2022-03-13 12:53,2,24.63,46.53
2022-03-13 12:54,8,24.98,48.16
2022-03-13 12:54,11,24.63,48.57
2022-03-13 12:57,9,24.98,50.61
2022-03-13 12:58,2,24.63,46.53
2022-03-13 12:59,4,24.98,66.53
2022-03-13 13:03,2,24.63,46.53
2022-03-13 13:03,3,24.98,48.16
2022-03-13 13:03,6,24.63,45.71
2022-03-13 13:04,7,24.63,48.98
2022-03-13 13:07,12,24.63,42.86
2022-03-13 13:08,2,24.63,46.53
2022-03-13 13:10,1,24.63,66.12
2022-03-13 13:10,10,24.63,55.92
2022-03-13 13:11,5,24.29,46.94
2022-03-13 13:13,2,24.63,46.53
2022-03-13 13:13,8,24.98,48.16
2022-03-13 13:14,11,24.63,48.57
2022-03-13 13:17,9,24.98,50.61
2022-03-13 13:18,2,24.63,46.53
2022-03-13 13:19,4,24.98,66.53
2022-03-13 13:23,2,24.63,46.53
2022-03-13 13:23,3,25.33,48.16
2022-03-13 13:23,6,24.63,45.71
2022-03-13 13:24,7,24.63,48.98
2022-03-13 13:26,12,24.98,42.45
2022-03-13 13:28,2,24.63,46.53
2022-03-13 13:30,1,24.63,66.12
2022-03-13 13:30,10,24.98,55.92
2022-03-13 13:31,5,24.29,46.53
2022-03-13 13:33,2,24.63,46.53
2022-03-13 13:33,8,24.98,48.16
2022-03-13 13:34,11,24.98,48.16
2022-03-13 13:37,9,24.98,50.61
2022-03-13 13:38,2,24.98,46.53
2022-03-13 13:39,4,25.33,66.12
2022-03-13 13:43,2,24.98,46.53
2022-03-13 13:43,3,25.33,48.16
2022-03-13 13:43,6,24.63,45.71
2022-03-13 13:44,7,24.63,48.98
2022-03-13 13:48,2,24.98,46.53
2022-03-13 13:49,1,24.98,66.53
2022-03-13 13:50,10,24.98,55.51
2022-03-13 13:51,5,24.29,46.53
2022-03-13 13:53,2,24.98,46.53
2022-03-13 13:53,8,25.33,48.16
2022-03-13 13:54,11,24.98,48.16
2022-03-13 13:57,9,24.98,50.61
2022-03-13 13:58,2,24.98,46.53
2022-03-13 13:59,4,25.33,66.12
2022-03-13 14:02,6,24.63,45.71
2022-03-13 14:03,2,24.98,46.53
2022-03-13 14:03,3,25.33,48.16
2022-03-13 14:04,7,24.63,48.57
2022-03-13 14:06,12,24.98,42.45
2022-03-13 14:08,2,24.98,46.53
2022-03-13 14:09,1,24.98,66.53
2022-03-13 14:10,10,25.33,55.51
2022-03-13 14:11,5,24.63,46.53
2022-03-13 14:13,2,24.98,46.53
2022-03-13 14:13,8,25.33,48.16
2022-03-13 14:14,11,24.98,48.16
2022-03-13 14:17,9,25.33,50.61
2022-03-13 14:18,2,24.98,46.53
2022-03-13 14:19,4,25.33,66.53
2022-03-13 14:22,6,24.98,45.71
2022-03-13 14:23,2,24.98,46.53
2022-03-13 14:23,3,25.67,48.16
2022-03-13 14:24,7,24.98,48.57
2022-03-13 14:26,12,25.33,42.45
2022-03-13 14:28,2,24.98,46.53
2022-03-13 14:29,1,24.98,65.71
2022-03-13 14:30,10,25.67,55.51
2022-03-13 14:31,5,24.63,46.12
2022-03-13 14:33,8,25.67,48.16
2022-03-13 14:34,2,24.98,46.53
2022-03-13 14:34,11,24.98,48.16
2022-03-13 14:37,9,25.33,50.61
2022-03-13 14:39,2,24.98,46.53
2022-03-13 14:39,4,25.67,66.53
2022-03-13 14:42,6,24.98,45.71
2022-03-13 14:43,3,25.67,48.16
2022-03-13 14:44,2,24.98,46.53
2022-03-13 14:44,7,24.98,48.57
2022-03-13 14:46,12,25.33,42.45
2022-03-13 14:49,1,24.98,65.71
2022-03-13 14:49,2,24.98,46.53
2022-03-13 14:50,10,25.67,55.51
2022-03-13 14:51,5,24.63,46.12
2022-03-13 14:53,8,26.02,47.76
2022-03-13 14:54,2,24.98,46.53
2022-03-13 14:54,11,25.33,48.16
2022-03-13 14:57,9,25.67,50.61
2022-03-13 14:58,4,25.67,65.71
2022-03-13 14:59,2,24.98,46.12
2022-03-13 15:02,6,24.98,45.71
2022-03-13 15:03,3,26.02,47.76
2022-03-13 15:04,2,24.98,46.12
2022-03-13 15:04,7,24.98,48.57
2022-03-13 15:06,12,25.33,42.45
2022-03-13 15:09,1,24.98,65.71
2022-03-13 15:09,2,24.98,46.12
2022-03-13 15:10,5,24.98,46.12
2022-03-13 15:10,10,26.02,55.51
2022-03-13 15:13,8,26.37,47.76
2022-03-13 15:14,2,25.33,46.53
2022-03-13 15:14,11,25.33,48.16
2022-03-13 15:17,9,25.67,50.2
2022-03-13 15:18,4,26.02,65.71
2022-03-13 15:19,2,25.33,46.53
2022-03-13 15:22,6,24.98,45.71
2022-03-13 15:23,3,26.02,47.76
2022-03-13 15:24,2,25.33,46.53
2022-03-13 15:24,7,24.98,48.57
2022-03-13 15:29,1,25.33,65.71
2022-03-13 15:29,2,25.33,46.12
2022-03-13 15:30,5,24.98,46.12
2022-03-13 15:30,10,26.37,55.1
2022-03-13 15:33,8,26.37,47.76
2022-03-13 15:34,2,25.33,46.12
2022-03-13 15:34,11,25.33,48.16
2022-03-13 15:37,9,25.67,50.2
2022-03-13 15:38,4,26.02,66.12
2022-03-13 15:39,2,25.33,46.12
2022-03-13 15:42,6,24.98,45.31
2022-03-13 15:43,3,26.37,47.76
2022-03-13 15:44,2,25.33,46.12
2022-03-13 15:44,7,25.33,48.16
2022-03-13 15:46,12,25.67,42.04
2022-03-13 15:49,1,25.33,65.71
2022-03-13 15:49,2,25.33,46.12
2022-03-13 15:50,5,24.98,46.12
2022-03-13 15:50,10,26.71,55.1
2022-03-13 15:53,8,26.71,47.35
2022-03-13 15:53,11,25.67,48.16
2022-03-13 15:54,2,25.33,46.12
2022-03-13 15:57,9,26.02,50.2
2022-03-13 15:58,4,26.37,66.12
2022-03-13 15:59,2,25.33,46.12
2022-03-13 16:02,6,24.98,45.31
2022-03-13 16:03,3,26.37,47.76
2022-03-13 16:04,2,25.33,46.12
2022-03-13 16:04,7,25.33,48.16
2022-03-13 16:09,1,25.33,65.31
2022-03-13 16:09,2,25.33,46.12
2022-03-13 16:10,5,25.33,45.71
2022-03-13 16:13,11,25.67,47.76
2022-03-13 16:14,2,25.33,46.12
2022-03-13 16:17,9,26.02,50.2
2022-03-13 16:19,2,25.33,46.12
2022-03-13 16:22,6,25.33,45.31
2022-03-13 16:23,3,26.71,47.76
2022-03-13 16:24,2,25.33,46.12
2022-03-13 16:24,7,25.33,47.76
2022-03-13 16:26,12,26.02,42.04
2022-03-13 16:29,1,25.33,65.31
2022-03-13 16:29,2,25.33,46.12
2022-03-13 16:30,5,25.33,45.71
2022-03-13 16:30,10,27.41,55.1
2022-03-13 16:33,8,27.06,46.94
2022-03-13 16:33,11,26.02,47.76
2022-03-13 16:34,2,25.33,46.12
2022-03-13 16:36,9,26.37,50.2
2022-03-13 16:38,4,26.71,65.71
2022-03-13 16:39,2,25.33,46.12
2022-03-13 16:42,6,25.33,45.31
2022-03-13 16:43,3,26.71,47.76
2022-03-13 16:43,7,25.33,47.76
2022-03-13 16:44,2,25.33,46.12
2022-03-13 16:46,12,26.02,42.04
2022-03-13 16:49,1,25.67,65.31
2022-03-13 16:49,2,25.33,46.12
2022-03-13 16:50,5,25.33,45.71
2022-03-13 16:50,10,27.76,55.1
2022-03-13 16:53,8,27.41,47.35
2022-03-13 16:53,11,26.02,47.35
2022-03-13 16:54,2,25.33,46.12
2022-03-13 16:56,9,26.37,50.2
2022-03-13 16:58,4,26.71,65.71
2022-03-13 16:59,2,25.67,46.12
2022-03-13 17:02,3,26.71,47.35
2022-03-13 17:02,6,25.33,44.9
2022-03-13 17:03,7,25.67,47.76
2022-03-13 17:04,2,25.67,46.12
2022-03-13 17:06,12,26.02,42.04
2022-03-13 17:08,1,25.67,65.31
2022-03-13 17:09,2,25.67,46.12
2022-03-13 17:10,5,25.33,45.31
2022-03-13 17:10,10,28.1,54.69
2022-03-13 17:13,8,27.41,46.94
2022-03-13 17:13,11,26.37,47.35
2022-03-13 17:14,2,25.67,46.12
2022-03-13 17:16,9,26.71,50.2
2022-03-13 17:18,4,26.71,65.71
2022-03-13 17:19,2,25.67,46.12
2022-03-13 17:22,3,26.71,47.35
2022-03-13 17:22,6,25.33,45.31
2022-03-13 17:23,7,25.67,47.76
2022-03-13 17:24,2,25.67,46.12
2022-03-13 17:25,12,26.37,42.04
2022-03-13 17:28,1,25.67,64.9
2022-03-13 17:29,2,25.67,45.71
2022-03-13 17:29,10,28.45,54.69
2022-03-13 17:30,5,25.67,45.31
2022-03-13 17:32,8,27.41,46.94
2022-03-13 17:33,11,26.37,46.94
2022-03-13 17:34,2,25.67,45.71
2022-03-13 17:36,9,26.71,49.8
2022-03-13 17:38,4,27.06,65.31
2022-03-13 17:39,2,25.67,45.71
2022-03-13 17:42,3,26.71,47.35
2022-03-13 17:42,6,25.67,45.31
2022-03-13 17:43,7,25.67,47.35
2022-03-13 17:44,2,25.67,45.71
2022-03-13 17:45,12,26.37,42.04
2022-03-13 17:48,1,26.02,64.9
2022-03-13 17:49,2,25.67,45.71
2022-03-13 17:49,10,28.45,54.29
2022-03-13 17:50,5,25.67,45.31
2022-03-13 17:52,8,27.41,46.94
2022-03-13 17:53,11,26.37,47.35
2022-03-13 17:54,2,25.67,45.71
2022-03-13 17:56,9,26.71,50.2
2022-03-13 17:59,2,25.67,45.71
2022-03-13 18:02,3,26.71,46.94
2022-03-13 18:02,6,25.67,44.9
2022-03-13 18:03,7,25.67,47.76
2022-03-13 18:04,2,25.67,45.71
2022-03-13 18:05,12,26.71,42.04
2022-03-13 18:08,1,26.02,64.9
2022-03-13 18:09,2,25.67,45.71
2022-03-13 18:09,10,28.8,54.29
2022-03-13 18:10,5,25.67,45.31
2022-03-13 18:12,8,27.41,46.94
2022-03-13 18:13,11,26.37,46.94
2022-03-13 18:14,2,26.02,45.71
2022-03-13 18:16,9,26.71,49.8
2022-03-13 18:18,4,27.06,65.31
2022-03-13 18:19,2,26.02,45.71
2022-03-13 18:22,3,26.71,47.35
2022-03-13 18:22,6,26.02,44.49
2022-03-13 18:23,7,26.02,47.35
2022-03-13 18:24,2,26.02,45.71
2022-03-13 18:25,12,27.06,42.04
2022-03-13 18:28,1,26.02,64.49
2022-03-13 18:29,2,26.02,45.71
2022-03-13 18:30,5,25.67,44.9
2022-03-13 18:33,11,26.37,46.94
2022-03-13 18:34,2,26.02,45.71
2022-03-13 18:36,9,27.06,49.8
2022-03-13 18:37,4,27.06,65.31
2022-03-13 18:39,2,26.02,45.71
2022-03-13 18:42,3,26.71,46.94
2022-03-13 18:42,6,26.02,44.49
2022-03-13 18:43,7,26.02,47.35
2022-03-13 18:44,2,26.02,45.71
2022-03-13 18:45,12,27.06,42.04
2022-03-13 18:48,1,26.02,64.9
2022-03-13 18:49,2,26.02,45.71
2022-03-13 18:49,5,25.67,44.9
2022-03-13 18:49,10,28.8,54.29
2022-03-13 18:52,8,27.41,46.53
2022-03-13 18:53,11,26.37,46.94
2022-03-13 18:54,2,26.02,45.71
2022-03-13 18:56,9,27.06,49.8
2022-03-13 18:57,4,27.06,64.9
2022-03-13 18:59,2,26.02,45.71
2022-03-13 19:01,6,26.37,44.49
2022-03-13 19:02,3,26.71,46.94
2022-03-13 19:03,7,26.02,47.76
2022-03-13 19:04,2,26.02,45.31
2022-03-13 19:05,12,27.41,42.04
2022-03-13 19:08,1,26.37,64.49
2022-03-13 19:09,2,26.02,45.31
2022-03-13 19:09,5,26.02,44.9
2022-03-13 19:09,10,28.8,53.88
2022-03-13 19:12,8,27.41,46.53
2022-03-13 19:13,11,26.37,46.94
2022-03-13 19:16,9,27.41,49.8
2022-03-13 19:17,4,27.06,64.9
2022-03-13 19:19,2,26.37,45.71
2022-03-13 19:21,6,26.37,44.49
2022-03-13 19:22,3,27.06,46.94
2022-03-13 19:23,7,26.37,47.35
2022-03-13 19:24,2,26.37,45.31
2022-03-13 19:25,12,27.41,42.04
2022-03-13 19:28,1,26.37,64.49
2022-03-13 19:29,2,26.37,45.71
2022-03-13 19:29,5,26.02,44.9
2022-03-13 19:29,10,28.45,53.88
2022-03-13 19:32,8,27.41,46.53
2022-03-13 19:32,11,26.37,46.94
2022-03-13 19:34,2,26.37,45.31
2022-03-13 19:36,9,27.41,49.8
2022-03-13 19:37,4,27.06,64.9
2022-03-13 19:39,2,26.37,45.31
2022-03-13 19:41,6,26.37,44.49
2022-03-13 19:42,3,27.06,46.94
2022-03-13 19:43,7,26.37,47.35
2022-03-13 19:44,2,26.37,45.71
2022-03-13 19:45,12,27.76,41.63
2022-03-13 22:08,5,26.02,44.49
2022-03-13 22:08,10,27.76,53.47
2022-03-13 22:09,2,26.37,44.9
2022-03-13 22:11,8,26.71,46.12
2022-03-13 22:12,11,26.37,46.12
2022-03-13 22:14,2,26.37,44.9
2022-03-13 22:15,9,27.41,48.98
2022-03-13 22:16,4,27.06,64.08
2022-03-13 22:19,2,26.37,44.9
2022-03-13 22:20,6,26.37,43.67
2022-03-13 22:21,3,26.71,46.12
2022-03-13 22:22,7,26.71,46.53
2022-03-13 22:24,2,26.37,44.9
2022-03-13 22:27,1,26.02,64.08
2022-03-13 22:28,5,26.02,44.49
2022-03-13 22:28,10,27.41,53.47
2022-03-13 22:29,2,26.37,44.9
2022-03-13 22:31,8,26.71,46.12
2022-03-13 22:31,11,26.37,46.12
2022-03-13 22:34,9,27.41,48.98
2022-03-13 22:35,2,26.37,44.9
2022-03-13 22:36,4,27.06,63.67
2022-03-13 22:40,2,26.37,44.9
2022-03-13 22:40,6,26.37,43.67
2022-03-13 22:41,3,26.71,46.12
2022-03-13 22:41,7,26.71,46.53
2022-03-13 22:45,2,26.37,44.9
2022-03-13 22:47,1,26.02,63.67
2022-03-13 22:48,5,26.02,44.49
2022-03-13 22:48,10,27.41,53.06
2022-03-13 22:50,2,26.37,44.9
2022-03-13 22:51,8,26.71,46.12
2022-03-13 22:51,11,26.37,46.12
2022-03-13 22:54,9,27.41,48.98
2022-03-13 22:55,2,26.37,44.9
2022-03-13 22:56,4,26.71,63.67
2022-03-13 23:00,2,26.37,44.9
2022-03-13 23:00,6,26.37,43.67
2022-03-13 23:01,3,26.71,46.12
2022-03-13 23:01,7,26.37,46.12
2022-03-13 23:04,12,27.06,41.22
2022-03-13 23:05,2,26.37,44.9
2022-03-13 23:07,1,26.02,63.67
2022-03-13 23:08,5,26.02,44.49
2022-03-13 23:08,10,27.41,53.06
2022-03-13 23:10,2,26.37,44.9
2022-03-13 23:11,11,26.02,46.12
2022-03-13 23:14,9,27.06,48.57
2022-03-13 23:15,2,26.37,44.9
2022-03-13 23:16,4,26.71,63.67
2022-03-13 23:20,2,26.37,44.9
2022-03-13 23:20,6,26.37,44.08
2022-03-13 23:21,3,26.71,46.12
2022-03-13 23:21,7,26.37,46.53
2022-03-13 23:24,12,27.06,41.22
2022-03-13 23:25,2,26.37,44.9
2022-03-13 23:26,1,26.02,63.67
2022-03-13 23:28,5,25.67,44.49
2022-03-13 23:28,10,27.06,53.06
2022-03-13 23:30,2,26.37,44.9
2022-03-13 23:31,8,26.37,46.12
2022-03-13 23:31,11,26.02,46.12
2022-03-13 23:34,9,27.06,48.57
2022-03-13 23:35,2,26.37,44.9
2022-03-13 23:36,4,26.71,63.67
2022-03-13 23:40,2,26.37,44.9
2022-03-13 23:40,3,26.37,46.12
2022-03-13 23:40,6,26.37,43.67
2022-03-13 23:41,7,26.37,46.12
2022-03-13 23:44,12,26.71,41.22
2022-03-13 23:45,2,26.37,44.9
2022-03-13 23:46,1,26.02,63.67
2022-03-13 23:48,5,25.67,44.08
2022-03-13 23:48,10,27.06,53.06
2022-03-13 23:50,2,26.37,44.9
2022-03-13 23:51,8,26.37,46.12
2022-03-13 23:51,11,26.02,46.12
2022-03-13 23:54,9,27.06,48.57
2022-03-13 23:55,2,26.37,44.9
2022-03-13 23:56,4,26.71,63.27
2022-03-14 00:00,2,26.02,44.9
2022-03-14 00:00,3,26.37,46.12
2022-03-14 00:00,6,26.02,44.08
2022-03-14 00:01,7,26.37,46.53
2022-03-14 00:03,12,26.71,41.22
2022-03-14 00:05,2,26.02,44.49
2022-03-14 00:06,1,26.02,63.67
2022-03-14 00:08,5,25.67,44.49
2022-03-14 00:08,10,27.06,53.06
2022-03-14 00:10,2,26.02,44.49
2022-03-14 00:10,8,26.37,46.12
2022-03-14 00:11,11,26.02,46.12
2022-03-14 00:14,9,26.71,48.57
2022-03-14 00:15,2,26.02,44.49
2022-03-14 00:16,4,26.37,63.27
2022-03-14 00:20,2,26.02,44.49
2022-03-14 00:20,3,26.37,46.12
2022-03-14 00:20,6,26.02,43.67
2022-03-14 00:21,7,26.37,46.53
2022-03-14 00:23,12,26.37,40.82
2022-03-14 00:25,2,26.02,44.49
2022-03-14 00:26,1,25.67,63.67
2022-03-14 00:27,10,26.71,53.06
2022-03-14 00:28,5,25.67,44.49
2022-03-14 00:30,2,26.02,44.49
2022-03-14 00:30,8,26.02,46.12
2022-03-14 00:31,11,26.02,46.12
2022-03-14 00:34,9,26.71,48.57
2022-03-14 00:35,2,26.02,44.49
2022-03-14 00:36,4,26.37,63.27
2022-03-14 00:40,2,26.02,44.49
2022-03-14 00:40,3,26.37,46.12
2022-03-14 00:40,6,26.02,44.08
2022-03-14 00:41,7,26.02,46.53
2022-03-14 00:43,12,26.37,41.63
2022-03-14 00:45,2,26.02,44.49
2022-03-14 00:46,1,25.67,63.67
2022-03-14 00:48,5,25.67,44.49
2022-03-14 00:50,2,26.02,44.49
2022-03-14 00:50,8,26.02,46.12
2022-03-14 00:51,11,26.02,46.12
2022-03-14 00:54,9,26.71,48.57
2022-03-14 00:55,2,26.02,44.49
2022-03-14 00:56,4,26.37,62.86
2022-03-14 01:00,2,26.02,44.49
2022-03-14 01:00,3,26.02,46.12
2022-03-14 01:00,6,26.02,44.08
2022-03-14 01:01,7,26.02,46.12
2022-03-14 01:03,12,26.37,40.82
2022-03-14 01:05,2,26.02,44.49
2022-03-14 01:06,1,25.67,63.67
2022-03-14 01:07,5,25.33,44.49
2022-03-14 01:07,10,26.37,53.06
2022-03-14 01:10,2,26.02,44.49
2022-03-14 01:11,11,25.67,46.53
2022-03-14 01:14,9,26.37,48.57
2022-03-14 01:15,2,26.02,44.49
2022-03-14 01:15,4,26.37,63.27
2022-03-14 01:20,2,26.02,44.49
2022-03-14 01:20,3,26.02,46.12
2022-03-14 01:20,6,25.67,44.08
2022-03-14 01:21,7,26.02,46.12
2022-03-14 01:23,12,26.02,40.82
2022-03-14 01:25,2,26.02,44.49
2022-03-14 01:26,1,25.67,63.27
2022-03-14 01:27,5,25.33,44.49
2022-03-14 01:27,10,26.37,53.06
2022-03-14 01:30,2,26.02,44.49
2022-03-14 01:30,8,26.02,46.12
2022-03-14 01:31,11,25.67,46.12
2022-03-14 01:33,9,26.37,48.57
2022-03-14 01:35,2,25.67,44.49
2022-03-14 01:35,4,26.02,63.27
2022-03-14 01:39,6,25.67,44.08
2022-03-14 01:40,2,25.67,44.49
2022-03-14 01:40,3,26.02,46.12
2022-03-14 01:41,7,26.02,46.53
2022-03-14 01:43,12,26.02,40.82
2022-03-14 01:45,2,25.67,44.49
2022-03-14 01:46,1,25.67,63.27
2022-03-14 01:47,5,25.33,44.49
2022-03-14 01:47,10,26.37,53.06
2022-03-14 01:50,2,25.67,44.49
2022-03-14 01:50,8,25.67,46.53
2022-03-14 01:50,11,25.67,46.12
2022-03-14 01:53,9,26.37,48.57
2022-03-14 01:55,2,25.67,44.49
2022-03-14 01:55,4,26.02,62.86
2022-03-14 01:59,6,25.67,44.08
2022-03-14 02:00,2,25.67,44.49
2022-03-14 02:00,3,26.02,46.12
2022-03-14 02:00,7,26.02,46.53
2022-03-14 02:03,12,26.02,40.82
2022-03-14 02:05,2,25.67,44.49
2022-03-14 02:06,1,25.33,63.27
2022-03-14 02:07,5,25.33,44.9
2022-03-14 02:07,10,26.02,53.06
2022-03-14 02:10,2,25.67,44.49
2022-03-14 02:10,8,25.67,46.12
2022-03-14 02:10,11,25.67,46.12
2022-03-14 02:13,9,26.02,48.57
2022-03-14 02:15,2,25.67,44.9
2022-03-14 02:15,4,26.02,62.86
2022-03-14 02:19,6,25.67,44.08
2022-03-14 02:20,2,25.67,44.49
2022-03-14 02:20,3,25.67,46.12
2022-03-14 02:20,7,25.67,46.53
2022-03-14 02:23,12,25.67,40.82
2022-03-14 02:25,2,25.67,44.49
2022-03-14 02:26,1,25.33,63.27
2022-03-14 02:27,5,24.98,44.9
2022-03-14 02:27,10,26.02,53.06
2022-03-14 02:30,2,25.67,44.49
2022-03-14 02:30,8,25.67,46.53
2022-03-14 02:30,11,25.33,46.53
2022-03-14 02:33,9,26.02,48.57
2022-03-14 02:35,2,25.67,44.49
2022-03-14 02:35,4,26.02,62.86
2022-03-14 02:39,6,25.33,44.08
2022-03-14 02:40,2,25.67,44.49
2022-03-14 02:40,3,25.67,46.12
2022-03-14 02:40,7,25.67,46.53
2022-03-14 02:43,12,25.67,40.82
2022-03-14 02:45,1,25.33,63.27
2022-03-14 02:45,2,25.67,44.49
2022-03-14 02:47,5,24.98,44.9
2022-03-14 02:47,10,26.02,53.06
2022-03-14 02:50,2,25.67,44.49
2022-03-14 02:50,8,25.67,46.12
2022-03-14 02:50,11,25.33,46.12
2022-03-14 02:53,9,26.02,48.57
2022-03-14 02:55,2,25.67,44.49
2022-03-14 02:55,4,25.67,62.45
2022-03-14 02:59,3,25.67,46.12
2022-03-14 02:59,6,25.33,44.08
2022-03-14 03:00,2,25.33,44.49
2022-03-14 03:00,7,25.67,46.53
2022-03-14 03:03,12,25.67,40.82
2022-03-14 03:05,1,25.33,63.27
2022-03-14 03:05,2,25.67,44.49
2022-03-14 03:07,5,24.98,44.49
2022-03-14 03:07,10,25.67,53.06
2022-03-14 03:10,2,25.33,44.49
2022-03-14 03:10,8,25.33,46.53
2022-03-14 03:10,11,25.33,46.12
2022-03-14 03:13,9,26.02,48.57
2022-03-14 03:15,2,25.33,44.49
2022-03-14 03:15,4,25.67,62.86
2022-03-14 03:19,3,25.67,46.12
2022-03-14 03:19,6,25.33,44.08
2022-03-14 03:20,2,25.33,44.49
2022-03-14 03:20,7,25.67,46.12
2022-03-14 03:22,12,25.67,40.82
2022-03-14 03:25,1,25.33,63.27
2022-03-14 03:25,2,25.33,44.49
2022-03-14 03:27,5,24.98,44.9
2022-03-14 03:27,10,25.67,53.06
2022-03-14 03:30,2,25.33,44.49
2022-03-14 03:30,8,25.33,46.12
2022-03-14 03:30,11,25.33,46.12
2022-03-14 03:33,9,25.67,48.16
2022-03-14 03:35,2,25.33,44.49
2022-03-14 03:35,4,25.67,62.86
2022-03-14 03:39,3,25.33,46.12
2022-03-14 03:39,6,25.33,44.08
2022-03-14 03:40,2,25.33,44.49
2022-03-14 03:40,7,25.67,46.12
2022-03-14 03:42,12,25.33,40.82
2022-03-14 03:45,1,25.33,63.27
2022-03-14 03:45,2,25.33,44.49
2022-03-14 03:47,5,24.98,44.9
2022-03-14 03:49,8,25.33,46.12
2022-03-14 03:50,2,25.33,44.49
2022-03-14 03:50,11,25.33,46.53
2022-03-14 03:53,9,25.67,48.16
2022-03-14 03:55,2,25.33,44.49
2022-03-14 03:55,4,25.67,62.45
2022-03-14 03:59,3,25.33,46.12
2022-03-14 03:59,6,25.33,44.08
2022-03-14 04:00,2,25.33,44.49
2022-03-14 04:00,7,25.33,46.53
2022-03-14 04:02,12,25.33,40.82
2022-03-14 04:05,1,24.98,63.27
2022-03-14 04:05,2,25.33,44.49
2022-03-14 04:07,5,24.63,44.9
2022-03-14 04:07,10,25.33,53.06
2022-03-14 04:09,8,24.98,46.12
2022-03-14 04:10,2,25.33,44.49
2022-03-14 04:10,11,24.98,46.53
2022-03-14 04:13,9,25.67,48.16
2022-03-14 04:15,2,25.33,44.49
2022-03-14 04:15,4,25.33,62.45
2022-03-14 04:19,3,25.33,46.12
2022-03-14 04:19,6,24.98,44.08
2022-03-14 04:20,7,25.33,46.53
2022-03-14 04:22,12,25.33,40.82
2022-03-14 04:25,1,24.98,63.27
2022-03-14 04:25,2,25.33,44.49
2022-03-14 04:26,10,25.33,53.06
2022-03-14 04:27,5,24.63,44.49
2022-03-14 04:29,8,24.98,46.12
2022-03-14 04:30,2,25.33,44.49
2022-03-14 04:30,11,24.98,46.53
2022-03-14 04:33,9,25.67,48.16
2022-03-14 04:35,2,24.98,44.49
2022-03-14 04:35,4,25.33,62.45
2022-03-14 04:39,3,25.33,46.12
2022-03-14 04:40,2,24.98,44.49
2022-03-14 04:40,7,25.33,46.53
2022-03-14 04:42,12,24.98,40.82
2022-03-14 04:45,1,24.98,63.27
2022-03-14 04:45,2,24.98,44.49
2022-03-14 04:46,5,24.63,44.49
2022-03-14 04:46,10,25.33,53.06
2022-03-14 04:49,8,24.98,46.12
2022-03-14 04:50,2,24.98,44.49
2022-03-14 04:50,11,24.98,46.53
2022-03-14 04:53,9,25.33,48.16
2022-03-14 04:55,4,25.33,62.45
2022-03-14 04:59,3,25.33,46.12
2022-03-14 04:59,6,24.98,44.08
2022-03-14 05:00,2,24.98,44.49
2022-03-14 05:00,7,25.33,46.53
2022-03-14 05:02,12,24.98,40.82
2022-03-14 05:05,1,24.98,63.27
2022-03-14 05:05,2,24.98,44.49
2022-03-14 05:06,5,24.63,44.9
2022-03-14 05:09,8,24.98,46.12
2022-03-14 05:10,2,24.98,44.49
2022-03-14 05:10,11,24.98,46.53
2022-03-14 05:12,9,25.33,48.16
2022-03-14 05:14,4,25.33,62.45
2022-03-14 05:15,2,24.98,44.49
2022-03-14 05:19,3,24.98,46.12
2022-03-14 05:19,6,24.98,44.08
2022-03-14 05:19,7,25.33,46.53
2022-03-14 05:20,2,24.98,44.49
2022-03-14 05:22,12,24.98,40.82
2022-03-14 05:25,1,24.98,63.27
2022-03-14 05:25,2,24.98,44.49
2022-03-14 05:26,5,24.29,44.49
2022-03-14 05:26,10,24.98,52.65
2022-03-14 05:29,8,24.63,46.12
2022-03-14 05:29,11,24.98,46.53
2022-03-14 05:30,2,24.98,44.49
2022-03-14 05:32,9,25.33,48.16
2022-03-14 05:34,4,24.98,62.45
2022-03-14 05:35,2,24.98,44.9
2022-03-14 05:38,6,24.63,44.49
2022-03-14 05:39,3,24.98,46.12
2022-03-14 05:39,7,24.98,46.53
2022-03-14 05:40,2,24.98,44.49
2022-03-14 05:42,12,24.98,40.82
2022-03-14 05:45,1,24.63,63.27
2022-03-14 05:45,2,24.98,44.49
2022-03-14 05:46,5,24.29,44.49
2022-03-14 05:46,10,24.98,52.65
2022-03-14 05:49,8,24.63,46.12
2022-03-14 05:49,11,24.63,46.53
2022-03-14 05:50,2,24.98,44.9
2022-03-14 05:52,9,25.33,48.16
2022-03-14 05:54,4,24.98,62.45
2022-03-14 05:55,2,24.98,44.49
2022-03-14 05:58,6,24.63,44.08
2022-03-14 05:59,3,24.98,46.12
2022-03-14 05:59,7,24.98,46.53
2022-03-14 06:00,2,24.98,44.49
2022-03-14 06:02,12,24.63,40.82
2022-03-14 06:04,1,24.63,63.27
2022-03-14 06:05,2,24.63,44.49
2022-03-14 06:06,5,24.29,44.49
2022-03-14 06:06,10,24.63,52.65
2022-03-14 06:09,8,24.63,46.12
2022-03-14 06:10,2,24.63,44.49
2022-03-14 06:12,9,24.98,48.16
2022-03-14 06:14,4,24.98,62.45
2022-03-14 06:15,2,24.63,44.49
2022-03-14 06:18,6,24.63,44.08
2022-03-14 06:19,3,24.98,46.12
2022-03-14 06:19,7,24.98,46.53
2022-03-14 06:22,12,24.63,40.82
2022-03-14 06:24,1,24.63,62.86
2022-03-14 06:25,2,24.63,44.49
2022-03-14 06:26,5,24.29,44.49
2022-03-14 06:29,8,24.63,46.12
2022-03-14 06:29,11,24.98,46.53
2022-03-14 06:31,2,24.63,44.49
2022-03-14 06:32,9,24.98,48.16
2022-03-14 06:34,4,24.98,62.45
2022-03-14 06:36,2,24.63,44.49
2022-03-14 06:38,3,24.63,46.12
2022-03-14 06:38,6,24.63,44.08
2022-03-14 06:39,7,24.98,46.53
2022-03-14 06:41,2,24.63,44.49
2022-03-14 06:42,12,24.63,40.82
2022-03-14 06:44,1,24.63,62.86
2022-03-14 06:46,2,24.63,44.49
2022-03-14 06:46,5,24.29,44.49
2022-03-14 06:46,10,24.63,52.65
2022-03-14 06:49,8,24.63,46.12
2022-03-14 06:49,11,24.63,46.53
2022-03-14 06:51,2,24.63,44.49
2022-03-14 06:52,9,24.98,48.16
2022-03-14 06:54,4,24.98,62.04
2022-03-14 06:56,2,24.63,44.49
2022-03-14 06:58,3,24.63,46.12
2022-03-14 06:58,6,24.63,44.08
2022-03-14 06:59,7,24.98,46.53
2022-03-14 07:01,2,24.63,44.49
2022-03-14 07:01,12,24.63,40.82
2022-03-14 07:04,1,24.63,62.86
2022-03-14 07:06,2,24.63,44.49
2022-03-14 07:06,5,23.94,44.49
2022-03-14 07:06,10,24.63,52.65
2022-03-14 07:09,8,24.29,46.12
2022-03-14 07:09,11,24.63,46.53
2022-03-14 07:11,2,24.63,44.49
2022-03-14 07:12,9,24.98,48.16
2022-03-14 07:14,4,24.63,62.45
2022-03-14 07:16,2,24.63,44.49
2022-03-14 07:18,3,24.63,46.12
2022-03-14 07:18,6,24.29,44.08
2022-03-14 07:19,7,24.63,46.53
2022-03-14 07:21,2,24.63,44.9
2022-03-14 07:21,12,24.29,41.22
2022-03-14 07:24,1,24.29,62.86
2022-03-14 07:26,2,24.63,44.49
2022-03-14 07:26,5,23.94,44.49
2022-03-14 07:26,10,24.29,52.65
2022-03-14 07:28,8,24.29,46.12
2022-03-14 07:29,11,24.29,46.53
2022-03-14 07:31,2,24.63,44.49
2022-03-14 07:32,9,24.63,48.16
2022-03-14 07:34,4,24.63,62.04
2022-03-14 07:36,2,24.63,44.49
2022-03-14 07:38,3,24.63,46.12
2022-03-14 07:38,6,24.29,44.08
2022-03-14 07:39,7,24.63,46.53
2022-03-14 07:41,2,24.63,44.49
2022-03-14 07:41,12,24.29,41.22
2022-03-14 07:44,1,24.29,62.86
2022-03-14 07:46,2,24.63,44.49
2022-03-14 07:46,5,23.94,44.49
2022-03-14 07:46,10,24.29,52.65
2022-03-14 07:48,8,24.29,46.12
2022-03-14 07:51,2,24.29,44.9
2022-03-14 07:52,9,24.63,48.16
2022-03-14 07:54,4,24.63,62.45
2022-03-14 07:56,2,24.29,44.49
2022-03-14 07:58,3,24.63,46.12
2022-03-14 07:58,6,24.29,44.49
2022-03-14 07:59,7,24.63,46.53
2022-03-14 08:01,2,24.29,44.49
2022-03-14 08:01,12,24.29,40.82
2022-03-14 08:04,1,24.29,62.86
2022-03-14 08:06,2,24.29,44.49
2022-03-14 08:06,5,23.94,44.49
2022-03-14 08:06,10,24.29,52.65
2022-03-14 08:08,8,24.29,46.12
2022-03-14 08:09,11,24.29,46.53
2022-03-14 08:11,2,24.29,44.49
2022-03-14 08:12,9,24.63,48.16
2022-03-14 08:14,4,24.63,62.04
2022-03-14 08:16,2,24.29,44.49
2022-03-14 08:18,3,24.29,46.12
2022-03-14 08:18,6,24.29,44.49
2022-03-14 08:19,7,24.63,46.53
2022-03-14 08:21,12,24.29,40.82
2022-03-14 08:24,1,24.29,62.86
2022-03-14 08:25,5,23.94,44.49
2022-03-14 08:26,2,24.29,44.49
2022-03-14 08:26,10,24.29,52.65
2022-03-14 08:28,8,23.94,46.12
2022-03-14 08:28,11,24.29,46.53
2022-03-14 08:31,2,24.29,44.49
2022-03-14 08:38,3,24.29,46.12
2022-03-14 08:38,6,24.29,44.08
2022-03-14 08:38,7,24.29,46.53
2022-03-14 08:41,2,24.29,44.49
2022-03-14 08:41,12,23.94,40.41
2022-03-14 08:44,1,24.29,62.86
2022-03-14 08:45,5,23.94,44.49
2022-03-14 08:45,10,23.94,52.65
2022-03-14 08:46,2,24.29,44.49
2022-03-14 08:48,8,23.94,46.12
2022-03-14 08:48,11,24.29,46.53
2022-03-14 08:51,2,24.29,44.49
2022-03-14 08:51,9,24.29,48.16
2022-03-14 08:53,4,24.29,62.04
2022-03-14 08:58,3,24.29,46.12
2022-03-14 08:58,6,24.29,44.08
2022-03-14 08:58,7,24.29,46.53
2022-03-14 09:01,2,24.29,44.49
2022-03-14 09:01,12,23.94,40.82
2022-03-14 09:03,1,24.29,62.45
2022-03-14 09:05,5,23.59,44.49
2022-03-14 09:05,10,23.94,52.65
2022-03-14 09:06,2,24.29,44.49
2022-03-14 09:08,8,23.94,46.12
2022-03-14 09:08,11,24.29,46.53
2022-03-14 09:11,2,24.29,44.49
2022-03-14 09:11,9,24.29,48.16
2022-03-14 09:13,4,24.29,62.04
2022-03-14 09:16,2,24.29,44.49
2022-03-14 09:18,3,24.29,46.12
2022-03-14 09:18,6,23.94,44.49
2022-03-14 09:18,7,24.29,46.53
2022-03-14 09:21,2,24.29,44.49
2022-03-14 09:21,12,23.94,40.41
2022-03-14 09:23,1,24.29,62.45
2022-03-14 09:25,5,23.59,44.49
2022-03-14 09:25,10,23.94,52.65
2022-03-14 09:28,8,23.94,46.12
2022-03-14 09:28,11,23.94,46.53
2022-03-14 09:33,4,24.29,61.63
2022-03-14 09:36,2,24.29,44.49
2022-03-14 09:37,6,23.94,44.49
2022-03-14 09:38,3,24.29,46.12
2022-03-14 09:38,7,24.29,46.53
2022-03-14 09:41,2,23.94,44.49
2022-03-14 09:41,12,23.94,40.41
2022-03-14 09:43,1,23.94,62.45
2022-03-14 09:45,5,23.59,44.49
2022-03-14 09:45,10,23.94,52.65
2022-03-14 09:48,8,23.94,46.12
2022-03-14 09:48,11,23.94,46.53
2022-03-14 09:51,2,23.94,44.49
2022-03-14 09:53,4,24.29,62.04
2022-03-14 09:56,2,23.94,44.49
2022-03-14 09:57,6,23.94,44.08
2022-03-14 09:58,3,24.29,46.12
2022-03-14 09:58,7,24.29,46.53
2022-03-14 10:01,2,23.94,44.49
2022-03-14 10:01,12,23.94,40.82
2022-03-14 10:03,1,23.94,62.45
2022-03-14 10:05,5,23.59,44.49
2022-03-14 10:05,10,23.59,52.65
2022-03-14 10:06,2,23.94,44.49
2022-03-14 10:08,8,23.94,46.12
2022-03-14 10:08,11,23.94,46.53
2022-03-14 10:11,2,23.94,44.49
2022-03-14 10:13,4,24.29,62.04
2022-03-14 10:17,3,23.94,46.12
2022-03-14 10:17,6,23.94,44.08
2022-03-14 10:18,7,24.29,46.53
2022-03-14 10:21,2,23.94,44.49
2022-03-14 10:21,12,23.59,40.41
2022-03-14 10:23,1,23.94,62.45
2022-03-14 10:25,5,23.59,44.49
2022-03-14 10:25,10,23.59,52.65
2022-03-14 10:26,2,23.94,44.49
2022-03-14 10:28,8,23.59,46.12
2022-03-14 10:28,11,23.94,46.53
2022-03-14 10:31,2,23.94,44.49
2022-03-14 10:33,4,23.94,62.04
2022-03-14 10:36,2,23.94,44.49
2022-03-14 10:37,3,23.94,46.12
2022-03-14 10:37,6,23.94,44.49
2022-03-14 10:38,7,23.94,46.53
2022-03-14 10:40,12,23.59,40.41
2022-03-14 10:41,2,23.94,44.49
2022-03-14 10:43,1,23.94,62.45
2022-03-14 10:45,5,23.24,44.49
2022-03-14 10:45,10,23.59,52.65
2022-03-14 10:46,2,23.94,44.49
2022-03-14 10:48,8,23.59,46.12
2022-03-14 10:48,11,23.94,46.53
2022-03-14 10:51,2,23.94,44.49
2022-03-14 10:53,4,23.94,62.04
2022-03-14 10:56,2,23.94,44.49
2022-03-14 10:57,3,23.94,46.12
2022-03-14 10:57,6,23.94,44.49
2022-03-14 10:58,7,23.94,46.53
2022-03-14 11:00,12,23.59,40.41
2022-03-14 11:01,2,23.94,44.49
2022-03-14 11:03,1,23.94,62.45
2022-03-14 11:05,5,23.24,44.49
2022-03-14 11:05,10,23.59,52.65
2022-03-14 11:06,2,23.94,44.49
2022-03-14 11:08,8,23.59,46.12
2022-03-14 11:08,11,23.94,46.53
2022-03-14 11:11,2,23.94,44.49
2022-03-14 11:13,4,23.94,62.04
2022-03-14 11:16,2,23.94,44.49
2022-03-14 11:17,3,23.94,46.12
2022-03-14 11:17,6,23.59,44.49
2022-03-14 11:18,7,23.94,46.94
2022-03-14 11:20,12,23.59,40.82
2022-03-14 11:21,2,23.94,44.49
2022-03-14 11:23,1,23.94,62.45
2022-03-14 11:25,5,23.24,44.49
2022-03-14 11:25,10,23.59,52.65
2022-03-14 11:26,2,23.94,44.49
2022-03-14 11:27,8,23.59,46.12
2022-03-14 11:28,11,23.59,46.53
2022-03-14 11:31,2,23.94,44.49
2022-03-14 11:33,4,23.94,62.04
2022-03-14 11:37,3,23.94,46.12
2022-03-14 11:37,6,23.59,44.49
2022-03-14 11:38,7,23.94,46.53
2022-03-14 11:40,12,23.59,40.41
2022-03-14 11:41,2,23.94,44.49
2022-03-14 11:43,1,23.94,62.45
2022-03-14 11:45,10,23.24,52.65
2022-03-14 11:46,2,23.94,44.9
2022-03-14 11:47,8,23.59,46.12
2022-03-14 11:48,11,23.59,46.53
2022-03-14 11:53,4,23.94,61.63
2022-03-14 11:56,2,23.94,44.49
2022-03-14 11:57,3,23.94,46.12
2022-03-14 11:57,6,23.59,44.49
2022-03-14 11:58,7,23.94,46.94
2022-03-14 12:01,2,23.94,44.49
2022-03-14 12:03,1,23.94,62.45
2022-03-14 12:04,5,23.24,44.49
2022-03-14 12:05,10,23.24,52.65
2022-03-14 12:06,2,23.94,44.49
2022-03-14 12:07,8,23.59,46.12
2022-03-14 12:08,11,23.59,46.53
2022-03-14 12:11,2,23.94,44.49
2022-03-14 12:13,4,23.94,62.04
2022-03-14 12:17,3,23.94,46.12
2022-03-14 12:17,6,23.59,44.49
2022-03-14 12:18,7,23.94,46.53
2022-03-14 12:20,12,23.59,40.82
2022-03-14 12:21,2,23.94,44.49
2022-03-14 12:24,5,23.24,44.49
2022-03-14 12:25,10,23.24,52.65
2022-03-14 12:26,2,23.94,44.49
2022-03-14 12:27,8,23.59,46.12
2022-03-14 12:28,11,23.59,46.94
2022-03-14 12:31,2,23.94,44.49
2022-03-14 12:33,4,23.94,61.63
2022-03-14 12:36,2,23.94,44.49
2022-03-14 12:37,3,23.94,46.12
2022-03-14 12:37,7,23.94,46.53
2022-03-14 12:40,12,23.59,40.82
2022-03-14 12:41,2,23.94,44.49
2022-03-14 12:42,1,23.94,62.86
2022-03-14 12:44,5,23.24,44.49
2022-03-14 12:45,10,23.59,52.65
2022-03-14 12:46,2,23.94,44.49
2022-03-14 12:47,8,23.94,46.12
2022-03-14 12:47,11,23.94,46.53
2022-03-14 12:51,2,23.94,44.49
2022-03-14 12:53,4,23.94,62.04
2022-03-14 12:56,2,23.94,44.49
2022-03-14 12:57,3,23.94,46.12
2022-03-14 12:57,6,23.59,44.49
2022-03-14 12:57,7,23.94,46.53
2022-03-14 13:00,12,23.59,40.82
2022-03-14 13:01,2,23.94,44.49
2022-03-14 13:02,1,23.94,62.45
2022-03-14 13:04,5,23.24,44.49
2022-03-14 13:05,10,23.59,52.65
2022-03-14 13:06,2,23.94,44.49
2022-03-14 13:07,8,23.94,46.12
2022-03-14 13:07,11,23.94,46.53
2022-03-14 13:11,2,23.94,44.49
2022-03-14 13:13,4,23.94,62.04
2022-03-14 13:16,2,23.94,44.49
2022-03-14 13:17,3,24.29,46.12
2022-03-14 13:17,6,23.94,44.49
2022-03-14 13:17,7,23.94,46.53
2022-03-14 13:20,12,23.94,40.41
2022-03-14 13:21,2,23.94,44.49
2022-03-14 13:22,1,23.94,62.45
2022-03-14 13:24,5,23.24,44.49
2022-03-14 13:25,10,23.59,52.65
2022-03-14 13:26,2,23.94,44.49
2022-03-14 13:27,8,23.94,46.12
2022-03-14 13:27,11,23.94,46.53
2022-03-14 13:31,2,23.94,44.49
2022-03-14 13:33,4,24.29,62.04
2022-03-14 13:36,2,23.94,44.49
2022-03-14 13:37,3,24.29,46.12
2022-03-14 13:37,6,23.94,44.49
2022-03-14 13:37,7,23.94,46.53
2022-03-14 13:40,12,23.94,40.41
2022-03-14 13:41,2,23.94,44.49
2022-03-14 13:42,1,23.94,62.45
2022-03-14 13:44,5,23.24,44.49
2022-03-14 13:46,2,23.94,44.49
2022-03-14 13:47,11,23.94,46.53
2022-03-14 13:51,2,23.94,44.49
2022-03-14 13:52,4,24.29,62.04
2022-03-14 13:56,2,23.94,44.9
2022-03-14 13:57,3,24.63,46.12
2022-03-14 13:57,6,23.94,44.49
2022-03-14 13:57,7,23.94,46.53
2022-03-14 14:00,12,23.94,40.41
2022-03-14 14:02,1,23.94,62.45
2022-03-14 14:04,5,23.59,44.49
2022-03-14 14:05,10,23.94,52.65
2022-03-14 14:07,2,23.94,44.49
2022-03-14 14:07,8,24.29,45.71
2022-03-14 14:07,11,23.94,46.53
2022-03-14 14:12,2,23.94,44.49
2022-03-14 14:12,4,24.29,62.04
2022-03-14 14:17,2,23.94,44.49
2022-03-14 14:17,3,24.63,46.12
2022-03-14 14:17,6,23.94,44.49
2022-03-14 14:17,7,23.94,46.12
2022-03-14 14:20,12,23.94,40.41
2022-03-14 14:22,1,23.94,62.04
2022-03-14 14:22,2,23.94,44.49
2022-03-14 14:24,5,23.59,44.49
2022-03-14 14:27,2,23.94,44.49
2022-03-14 14:27,8,24.63,45.71
2022-03-14 14:27,11,23.94,46.53
2022-03-14 14:32,2,23.94,44.49
2022-03-14 14:32,4,24.63,61.63
2022-03-14 14:37,2,23.94,44.49
2022-03-14 14:37,6,23.94,44.49
2022-03-14 14:37,7,23.94,46.12
2022-03-14 14:40,12,24.29,40.41
2022-03-14 14:42,1,23.94,62.04
2022-03-14 14:42,2,23.94,44.49
2022-03-14 14:44,5,23.59,44.08
2022-03-14 14:44,10,24.63,52.65
2022-03-14 14:47,2,24.29,44.49
2022-03-14 14:47,8,24.98,45.71
2022-03-14 14:47,11,24.29,46.53
2022-03-14 14:52,2,24.29,44.49
2022-03-14 14:52,4,24.63,62.04
2022-03-14 14:57,2,24.29,44.49
2022-03-14 14:57,3,24.98,46.12
2022-03-14 14:57,6,23.94,44.49
2022-03-14 14:57,7,24.29,46.12
2022-03-14 14:59,12,24.29,40.41
2022-03-14 15:02,1,23.94,62.04
2022-03-14 15:02,2,24.29,44.49
2022-03-14 15:04,5,23.94,44.08
2022-03-14 15:04,10,24.98,52.65
2022-03-14 15:07,2,24.29,44.49
2022-03-14 15:07,8,25.33,45.71
2022-03-14 15:07,11,24.29,46.53
2022-03-14 15:12,2,24.29,44.49
2022-03-14 15:12,4,24.98,61.63
2022-03-14 15:16,6,23.94,44.49
2022-03-14 15:17,2,24.29,44.49
2022-03-14 15:17,3,24.98,46.12
2022-03-14 15:17,7,24.29,46.12
2022-03-14 15:19,12,24.63,40.41
2022-03-14 15:22,1,24.29,62.04
2022-03-14 15:22,2,24.29,44.49
2022-03-14 15:24,5,23.94,44.08
2022-03-14 15:24,10,25.33,52.24
2022-03-14 15:27,2,24.29,44.49
2022-03-14 15:27,8,25.67,45.71
2022-03-14 15:27,11,24.63,46.53
2022-03-14 15:32,2,24.29,44.49
2022-03-14 15:32,4,24.98,61.63
2022-03-14 15:36,3,25.33,45.71
2022-03-14 15:36,6,24.29,44.08
2022-03-14 15:37,2,24.29,44.49
2022-03-14 15:37,7,24.29,45.71
2022-03-14 15:39,12,24.63,40.41
2022-03-14 15:42,1,24.29,62.04
2022-03-14 15:42,2,24.29,44.49
2022-03-14 15:44,5,23.94,44.08
2022-03-14 15:44,10,25.67,52.24
2022-03-14 15:47,2,24.29,44.49
2022-03-14 15:47,8,25.67,45.71
2022-03-14 15:52,2,24.29,44.49
2022-03-14 15:52,4,25.33,61.63
2022-03-14 15:56,3,25.33,46.12
2022-03-14 15:56,6,24.29,44.08
2022-03-14 15:57,2,24.29,44.49
2022-03-14 15:57,7,24.63,45.71
2022-03-14 15:59,12,24.63,40.41
2022-03-14 16:02,1,24.29,62.04
2022-03-14 16:02,2,24.29,44.49
2022-03-14 16:04,5,24.29,43.67
2022-03-14 16:04,10,26.02,52.24
2022-03-14 16:07,2,24.29,44.49
2022-03-14 16:07,8,26.02,45.31
2022-03-14 16:07,11,24.63,46.53
2022-03-14 16:12,2,24.63,44.49
2022-03-14 16:12,4,25.33,61.22
2022-03-14 16:16,3,25.67,46.12
2022-03-14 16:16,6,24.29,44.08
2022-03-14 16:17,2,24.63,44.49
2022-03-14 16:17,7,24.63,45.71
2022-03-14 16:21,1,24.63,62.04
2022-03-14 16:22,2,24.63,44.49
2022-03-14 16:24,5,24.29,43.67
2022-03-14 16:24,10,26.37,52.24
2022-03-14 16:27,2,24.63,44.49
2022-03-14 16:27,8,26.37,45.31
2022-03-14 16:27,11,24.98,46.12
2022-03-14 16:32,2,24.63,44.49
2022-03-14 16:32,4,25.67,61.63
2022-03-14 16:36,3,25.67,45.71
2022-03-14 16:36,6,24.29,44.08
2022-03-14 16:37,2,24.63,44.49
2022-03-14 16:37,7,24.63,45.71
2022-03-14 16:39,12,24.98,40
2022-03-14 16:41,1,24.63,62.04
2022-03-14 16:42,2,24.63,44.49
2022-03-14 16:43,5,24.29,43.67
2022-03-14 16:44,10,26.71,52.24
2022-03-14 16:46,8,26.37,45.31
2022-03-14 16:47,2,24.63,44.49
2022-03-14 16:47,11,24.98,45.71
2022-03-14 16:52,2,24.63,44.49
2022-03-14 16:52,4,25.67,61.63
2022-03-14 16:56,3,25.67,45.71
2022-03-14 16:56,6,24.63,43.67
2022-03-14 16:56,7,24.63,45.31
2022-03-14 16:57,2,24.63,44.49
2022-03-14 16:59,12,24.98,40
2022-03-14 17:01,1,24.63,61.63
2022-03-14 17:02,2,24.63,44.49
2022-03-14 17:03,5,24.63,43.67
2022-03-14 17:04,10,27.06,51.84
2022-03-14 17:06,8,26.71,45.31
2022-03-14 17:06,11,25.33,46.12
2022-03-14 17:07,2,24.63,44.49
2022-03-14 17:12,2,24.63,44.49
2022-03-14 17:12,4,26.02,61.22
2022-03-14 17:16,3,25.67,45.31
2022-03-14 17:16,6,24.63,43.67
2022-03-14 17:16,7,24.63,45.71
2022-03-14 17:17,2,24.63,44.49
2022-03-14 17:19,12,25.33,40
2022-03-14 17:21,1,24.63,61.63
2022-03-14 17:22,2,24.63,44.08
2022-03-14 17:23,5,24.63,43.27
2022-03-14 17:24,10,27.41,51.84
2022-03-14 17:26,8,26.71,45.31
2022-03-14 17:26,11,25.33,45.71
2022-03-14 17:27,2,24.63,44.08
2022-03-14 17:32,4,26.02,61.22
2022-03-14 17:36,3,25.67,45.31
2022-03-14 17:36,6,24.63,43.67
2022-03-14 17:36,7,24.98,45.31
2022-03-14 17:37,2,24.98,44.08
2022-03-14 17:39,12,25.33,40
2022-03-14 17:41,1,24.98,61.63
2022-03-14 17:42,2,24.98,44.49
2022-03-14 17:43,5,24.63,43.27
2022-03-14 17:44,10,27.41,51.84
2022-03-14 17:46,8,26.71,44.9
2022-03-14 17:46,11,25.33,45.71
2022-03-14 17:47,2,24.98,44.49
2022-03-14 17:52,2,24.98,44.08
2022-03-14 17:52,4,26.02,61.22
2022-03-14 17:56,3,26.02,45.31
2022-03-14 17:56,6,24.98,43.67
2022-03-14 17:56,7,24.98,45.31
2022-03-14 17:57,2,24.98,44.08
2022-03-14 17:59,12,25.67,40
2022-03-14 18:01,1,24.98,61.63
2022-03-14 18:02,2,24.98,44.08
2022-03-14 18:03,5,24.63,43.27
2022-03-14 18:06,8,26.71,44.9
2022-03-14 18:11,4,26.37,61.22
2022-03-14 18:16,3,26.02,45.31
2022-03-14 18:16,6,24.98,43.67
2022-03-14 18:16,7,24.98,44.9
2022-03-14 18:19,12,26.02,40
2022-03-14 18:21,1,24.98,61.63
2022-03-14 18:23,5,24.98,43.27
2022-03-14 18:24,10,27.76,51.43
2022-03-14 18:26,11,25.67,45.31
2022-03-14 18:31,4,26.37,61.22
2022-03-14 18:36,3,26.02,45.31
2022-03-14 18:36,6,25.33,43.27
2022-03-14 18:36,7,24.98,44.9
2022-03-14 18:39,12,26.37,40
2022-03-14 18:41,1,25.33,61.63
2022-03-14 18:43,5,24.98,42.86
2022-03-14 18:43,10,27.76,51.43
2022-03-14 18:46,8,26.71,44.9
2022-03-14 18:46,11,25.67,45.31
2022-03-14 18:51,4,26.37,61.22
2022-03-14 18:56,3,26.02,45.31
2022-03-14 18:56,6,25.33,43.27
2022-03-14 18:56,7,25.33,44.9
2022-03-14 18:58,12,26.37,40
2022-03-14 19:01,1,25.33,61.63
2022-03-14 19:03,5,24.98,42.86
2022-03-14 19:06,8,26.71,44.9
2022-03-14 19:11,4,26.37,61.22
2022-03-14 19:15,3,26.02,45.31
2022-03-14 19:16,6,25.67,42.86
2022-03-14 19:16,7,25.33,44.49
2022-03-14 19:18,12,26.71,40
2022-03-14 19:21,1,25.33,61.22
2022-03-14 19:23,5,25.33,42.86
2022-03-14 19:23,10,27.76,51.43
2022-03-14 19:26,8,26.71,44.9
2022-03-14 19:26,11,25.67,45.31
2022-03-14 19:31,4,26.37,60.82
2022-03-14 19:35,3,26.02,45.31
2022-03-14 19:36,6,25.67,43.27
2022-03-14 19:36,7,25.33,44.49
2022-03-14 19:38,12,26.71,40
2022-03-14 19:40,1,25.33,61.22
2022-03-14 19:43,5,25.33,42.86
2022-03-14 19:43,10,27.76,51.43
2022-03-14 19:46,8,26.71,44.9
2022-03-14 19:46,11,25.67,45.31
2022-03-14 19:51,4,26.37,60.82
2022-03-14 19:55,3,26.37,44.9
2022-03-14 19:55,6,26.02,42.86
2022-03-14 19:56,7,25.67,44.49
2022-03-14 19:58,12,27.06,39.59
2022-03-14 20:00,1,25.67,61.22
2022-03-14 20:02,5,25.33,42.86
2022-03-14 20:05,8,26.71,44.9
2022-03-14 20:06,11,25.67,45.31
2022-03-14 20:11,4,26.37,60.41
2022-03-14 20:15,3,26.37,44.9
2022-03-14 20:15,6,26.02,42.86
2022-03-14 20:15,7,25.67,44.49
2022-03-14 20:18,12,27.06,40
2022-03-14 20:20,1,25.67,61.22
2022-03-14 20:22,5,25.33,42.86
2022-03-14 20:23,10,27.41,51.43
2022-03-14 20:25,8,26.71,44.9
2022-03-14 20:25,11,25.67,44.9
2022-03-14 20:31,4,26.37,60.41
2022-03-14 20:35,3,26.37,44.9
2022-03-14 20:35,6,26.02,42.45
2022-03-14 20:35,7,25.67,44.49
2022-03-14 20:38,12,27.06,39.59
2022-03-14 20:40,1,25.67,61.22
2022-03-14 20:42,5,25.33,42.45
2022-03-14 20:43,10,27.41,51.02
2022-03-14 20:45,8,26.71,44.9
2022-03-14 20:45,11,25.67,44.9
2022-03-14 20:51,4,26.37,60.82
2022-03-14 20:55,3,26.37,44.9
2022-03-14 20:55,6,26.02,42.45
2022-03-14 20:55,7,25.67,44.49
2022-03-14 20:58,12,27.06,39.59
2022-03-14 21:00,1,25.67,61.22
2022-03-14 21:02,5,25.33,42.86
2022-03-14 21:03,10,27.41,51.02
2022-03-14 21:05,8,26.37,44.49
2022-03-14 21:05,11,25.67,44.9
2022-03-14 21:11,4,26.37,60.82
2022-03-14 21:15,3,26.37,44.9
2022-03-14 21:15,6,26.02,42.45
2022-03-14 21:15,7,25.67,44.08
2022-03-14 21:18,12,27.06,39.59
2022-03-14 21:20,1,25.33,61.22
2022-03-14 21:22,5,25.33,42.45
2022-03-14 21:23,10,27.41,51.02
2022-03-14 21:25,8,26.37,44.49
2022-03-14 21:25,11,25.67,44.9
2022-03-14 21:30,4,26.37,60.41
2022-03-14 21:35,3,26.37,44.49
2022-03-14 21:35,6,26.02,42.45
2022-03-14 21:35,7,26.02,44.08
2022-03-14 21:38,12,26.71,39.59
2022-03-14 21:40,1,25.33,60.82
2022-03-14 21:42,5,25.33,42.45
2022-03-14 21:43,10,27.06,51.02
2022-03-14 21:45,8,26.37,44.49
2022-03-14 21:45,11,25.67,44.49
2022-03-14 21:50,4,26.37,60.41
2022-03-14 21:55,3,26.02,44.9
2022-03-14 21:55,6,26.02,42.45
2022-03-14 21:55,7,25.67,44.08
2022-03-14 22:00,1,25.33,60.82
2022-03-14 22:02,5,25.33,42.45
2022-03-14 22:05,8,26.37,44.49
2022-03-14 22:05,11,25.67,44.9
2022-03-14 22:10,4,26.37,60
2022-03-14 22:14,3,26.02,44.49
2022-03-14 22:15,6,25.67,42.45
2022-03-14 22:15,7,25.67,44.08
2022-03-14 22:17,12,26.71,39.59
2022-03-14 22:19,1,25.33,60.82
2022-03-14 22:22,5,25.33,42.45
2022-03-14 22:22,10,26.71,51.02
2022-03-14 22:25,8,26.02,44.49
2022-03-14 22:25,11,25.67,44.49
2022-03-14 22:30,4,26.37,60.41
2022-03-14 22:34,3,26.02,44.49
2022-03-14 22:35,6,25.67,42.45
2022-03-14 22:35,7,25.67,43.67
2022-03-14 22:37,12,26.37,39.59
2022-03-14 22:39,1,25.33,60.82
2022-03-14 22:42,5,25.33,42.45
2022-03-14 22:45,8,26.02,44.49
2022-03-14 22:45,11,25.67,44.49
2022-03-14 22:47,9,27.06,46.12
2022-03-14 22:50,4,26.02,60
2022-03-14 22:54,3,26.02,44.49
2022-03-14 22:54,6,25.67,42.45
2022-03-14 22:54,7,25.67,44.08
2022-03-14 22:57,12,26.37,39.59
2022-03-14 22:59,1,25.33,60.82
2022-03-14 23:01,5,25.33,42.45
2022-03-14 23:04,11,25.33,44.49
2022-03-14 23:05,8,26.02,44.49
2022-03-14 23:07,9,26.71,46.94
2022-03-14 23:10,4,26.02,60
2022-03-14 23:14,3,25.67,44.49
2022-03-14 23:14,6,25.67,42.45
2022-03-14 23:14,7,25.67,44.08
2022-03-14 23:17,12,26.37,39.59
2022-03-14 23:19,1,25.33,60.82
2022-03-14 23:21,5,24.98,42.45
2022-03-14 23:22,10,26.37,51.02
2022-03-14 23:24,8,26.02,44.49
2022-03-14 23:24,11,25.33,44.9
2022-03-14 23:27,9,26.37,46.94
2022-03-14 23:30,4,26.02,60
2022-03-14 23:34,3,25.67,44.9
2022-03-14 23:34,6,25.67,42.45
2022-03-14 23:34,7,25.67,43.67
2022-03-14 23:37,12,26.02,39.18
2022-03-14 23:39,1,25.33,60.82
2022-03-14 23:41,5,24.98,42.86
2022-03-14 23:42,10,26.37,51.02
2022-03-14 23:44,8,25.67,44.49
2022-03-14 23:44,11,25.33,44.49
2022-03-14 23:47,9,26.37,46.94
2022-03-14 23:50,4,26.02,60
2022-03-14 23:54,3,25.67,44.49
2022-03-14 23:54,6,25.33,42.45
2022-03-14 23:54,7,25.67,44.08
2022-03-14 23:57,12,26.02,39.18
2022-03-14 23:59,1,24.98,60.82
2022-03-15 00:01,5,24.98,42.45
2022-03-15 00:02,10,26.02,51.02
2022-03-15 00:04,8,25.67,44.49
2022-03-15 00:04,11,25.33,44.9
2022-03-15 00:07,9,26.02,46.94
2022-03-15 00:10,4,25.67,60
2022-03-15 00:14,3,25.67,44.9
2022-03-15 00:14,6,25.33,42.45
2022-03-15 00:14,7,25.67,44.08
2022-03-15 00:17,12,25.67,39.18
2022-03-15 00:19,1,24.98,60.82
2022-03-15 00:21,5,24.98,42.45
2022-03-15 00:22,10,26.02,51.02
2022-03-15 00:24,8,25.67,44.49
2022-03-15 00:24,11,25.33,44.9
2022-03-15 00:27,9,26.02,46.94
2022-03-15 00:30,4,25.67,60
2022-03-15 00:34,3,25.33,44.49
2022-03-15 00:34,6,25.33,42.45
2022-03-15 00:34,7,25.33,44.08
2022-03-15 00:37,12,25.67,39.18
2022-03-15 00:39,1,24.98,60.82
2022-03-15 00:41,5,24.98,42.45
2022-03-15 00:42,10,26.02,51.02
2022-03-15 00:44,8,25.33,44.49
2022-03-15 00:44,11,24.98,44.49
2022-03-15 00:46,9,26.02,46.94
2022-03-15 00:49,4,25.67,60
2022-03-15 00:54,3,25.33,44.9
2022-03-15 00:54,6,25.33,42.45
2022-03-15 00:54,7,25.33,44.08
2022-03-15 00:57,12,25.67,39.59
2022-03-15 00:59,1,24.98,60.82
2022-03-15 01:01,5,24.63,42.45
2022-03-15 01:02,10,25.67,51.02
2022-03-15 01:04,8,25.33,44.49
2022-03-15 01:04,11,24.98,44.9
2022-03-15 01:06,9,25.67,46.94
2022-03-15 01:09,4,25.33,60
2022-03-15 01:14,3,25.33,44.49
2022-03-15 01:14,6,24.98,42.45
2022-03-15 01:14,7,25.33,44.08
2022-03-15 01:17,12,25.33,39.59
2022-03-15 01:19,1,24.98,60.41
2022-03-15 01:21,5,24.63,42.45
2022-03-15 01:24,8,25.33,44.9
2022-03-15 01:24,11,24.98,44.9
2022-03-15 01:26,9,25.67,46.94
2022-03-15 01:29,4,25.33,59.59
2022-03-15 01:33,3,25.33,44.9
2022-03-15 01:34,6,24.98,42.45
2022-03-15 01:34,7,25.33,44.08
2022-03-15 01:36,12,25.33,39.59
2022-03-15 01:38,1,24.98,60.41
2022-03-15 01:41,5,24.63,42.86
2022-03-15 01:42,10,25.33,51.02
2022-03-15 01:44,8,24.98,44.9
2022-03-15 01:44,11,24.98,44.9
2022-03-15 01:46,9,25.67,46.53
2022-03-15 01:49,4,25.33,59.59
2022-03-15 01:53,3,25.33,44.9
2022-03-15 01:54,6,24.98,42.86
2022-03-15 01:54,7,25.33,44.08
2022-03-15 01:56,12,25.33,39.59
2022-03-15 01:58,1,24.63,60.41
2022-03-15 02:01,5,24.29,42.45
2022-03-15 02:01,10,25.33,51.02
2022-03-15 02:04,8,24.98,44.9
2022-03-15 02:04,11,24.63,44.9
2022-03-15 02:06,9,25.33,46.53
2022-03-15 02:09,4,25.33,59.59
2022-03-15 02:13,3,24.98,44.49
2022-03-15 02:13,7,24.98,44.08
2022-03-15 02:14,6,24.98,42.86
2022-03-15 02:16,12,24.98,39.18
2022-03-15 02:18,1,24.63,60.41
2022-03-15 02:20,5,24.29,42.86
2022-03-15 02:21,10,25.33,51.02
2022-03-15 02:23,11,24.63,44.9
2022-03-15 02:24,8,24.98,44.9
2022-03-15 02:26,9,25.33,46.53
2022-03-15 02:29,4,24.98,59.59
2022-03-15 02:33,3,24.98,44.9
2022-03-15 02:33,7,24.98,44.08
2022-03-15 02:34,6,24.63,42.86
2022-03-15 02:36,12,24.98,39.59
2022-03-15 02:38,1,24.63,60.41
2022-03-15 02:40,5,24.29,42.45
2022-03-15 02:41,10,24.98,51.02
2022-03-15 02:43,11,24.63,44.9
2022-03-15 02:44,8,24.98,44.49
2022-03-15 02:46,9,25.33,46.53
2022-03-15 02:49,4,24.98,59.59
2022-03-15 02:53,3,24.98,44.9
2022-03-15 02:53,6,24.63,42.86
2022-03-15 02:53,7,24.98,44.08
2022-03-15 02:56,12,24.98,39.59
2022-03-15 02:58,1,24.63,60.41
2022-03-15 03:00,5,24.29,42.86
2022-03-15 03:01,10,24.98,51.02
2022-03-15 03:03,8,24.63,44.49
2022-03-15 03:03,11,24.63,44.9
2022-03-15 03:06,9,25.33,46.53
2022-03-15 03:09,4,24.98,59.59
2022-03-15 03:13,3,24.63,44.9
2022-03-15 03:13,6,24.63,42.86
2022-03-15 03:13,7,24.98,44.08
2022-03-15 03:16,12,24.63,39.18
2022-03-15 03:18,1,24.29,60.41
2022-03-15 03:20,5,24.29,42.86
2022-03-15 03:21,10,24.63,51.02
2022-03-15 03:23,8,24.63,44.49
2022-03-15 03:23,11,24.63,44.9
2022-03-15 03:26,9,24.98,46.53
2022-03-15 03:29,4,24.98,59.59
2022-03-15 03:33,3,24.63,44.9
2022-03-15 03:33,6,24.63,43.27
2022-03-15 03:33,7,24.98,44.08
2022-03-15 03:36,12,24.63,39.18
2022-03-15 03:38,1,24.29,60.41
2022-03-15 03:40,5,23.94,42.86
2022-03-15 03:41,10,24.63,51.02
2022-03-15 03:43,8,24.63,44.9
2022-03-15 03:43,11,24.29,44.9
2022-03-15 03:46,9,24.98,46.53
2022-03-15 03:49,4,24.63,59.59
2022-03-15 03:53,3,24.63,44.9
2022-03-15 03:53,6,24.63,42.86
2022-03-15 03:53,7,24.63,44.49
2022-03-15 03:56,12,24.63,39.18
2022-03-15 03:58,1,24.29,60.41
2022-03-15 04:00,5,23.94,42.86
2022-03-15 04:01,10,24.63,50.61
2022-03-15 04:03,11,24.29,44.9
2022-03-15 04:05,9,24.98,46.53
2022-03-15 04:09,4,24.63,60
2022-03-15 04:13,3,24.63,44.9
2022-03-15 04:13,6,24.29,42.86
2022-03-15 04:13,7,24.63,44.08
2022-03-15 04:16,12,24.29,39.18
2022-03-15 04:20,5,23.94,42.86
2022-03-15 04:23,8,24.29,44.49
2022-03-15 04:23,11,24.29,44.9
2022-03-15 04:25,9,24.63,46.94
2022-03-15 04:28,4,24.63,59.59
2022-03-15 04:33,3,24.63,44.9
2022-03-15 04:33,6,24.29,42.86
2022-03-15 04:33,7,24.63,44.49
2022-03-15 04:36,12,24.29,39.59
2022-03-15 04:37,1,24.29,60.41
2022-03-15 04:40,5,23.94,42.86
2022-03-15 04:41,10,24.29,50.61
2022-03-15 04:43,8,24.29,44.9
2022-03-15 04:43,11,24.29,44.9
2022-03-15 04:45,9,24.63,46.53
2022-03-15 04:48,4,24.63,59.59
2022-03-15 04:53,3,24.29,44.9
2022-03-15 04:53,6,24.29,43.27
2022-03-15 04:53,7,24.63,44.49
2022-03-15 04:55,12,24.29,39.59
2022-03-15 04:57,1,24.29,60.41
2022-03-15 05:00,5,23.59,42.86
2022-03-15 05:01,10,24.29,50.61
2022-03-15 05:03,8,24.29,44.9
2022-03-15 05:03,11,24.29,44.9
2022-03-15 05:05,9,24.63,46.53
2022-03-15 05:08,4,24.29,59.59
2022-03-15 05:12,3,24.29,44.9
2022-03-15 05:13,6,24.29,43.27
2022-03-15 05:13,7,24.29,44.49
2022-03-15 05:15,12,24.29,39.18
2022-03-15 05:17,1,23.94,60.41
2022-03-15 05:20,5,23.59,42.86
2022-03-15 05:21,10,24.29,50.61
2022-03-15 05:23,8,24.29,44.9
2022-03-15 05:23,11,23.94,44.9
2022-03-15 05:25,9,24.63,46.53
2022-03-15 05:28,4,24.29,59.59
2022-03-15 05:32,3,24.29,44.9
2022-03-15 05:32,7,24.29,44.08
2022-03-15 05:33,6,24.29,43.27
2022-03-15 05:35,12,23.94,39.18
2022-03-15 05:37,1,23.94,60.41
2022-03-15 05:39,5,23.59,42.86
2022-03-15 05:41,10,23.94,50.61
2022-03-15 05:42,11,23.94,44.9
2022-03-15 05:43,8,23.94,44.9
2022-03-15 05:45,9,24.29,46.53
2022-03-15 05:48,4,24.29,59.59
2022-03-15 05:52,3,24.29,44.9
2022-03-15 05:52,7,24.29,44.49
2022-03-15 05:53,6,23.94,42.86
2022-03-15 05:55,12,23.94,39.18
2022-03-15 05:57,1,23.94,60.41
2022-03-15 05:59,5,23.59,42.86
2022-03-15 06:00,10,23.94,50.61
2022-03-15 06:02,11,23.94,44.9
2022-03-15 06:03,8,23.94,44.49
2022-03-15 06:05,9,24.29,46.53
2022-03-15 06:08,4,24.29,59.59
2022-03-15 06:12,3,24.29,44.9
2022-03-15 06:12,7,24.29,44.08
2022-03-15 06:13,6,23.94,42.86
2022-03-15 06:15,12,23.94,39.18
2022-03-15 06:17,1,23.94,60
2022-03-15 06:19,5,23.59,42.86
2022-03-15 06:22,11,23.94,44.9
2022-03-15 06:23,8,23.94,44.49
2022-03-15 06:25,9,24.29,46.53
2022-03-15 06:28,4,24.29,59.18
2022-03-15 06:32,3,23.94,44.9
2022-03-15 06:32,7,24.29,44.49
2022-03-15 06:33,6,23.94,43.27
2022-03-15 06:35,12,23.94,39.59
2022-03-15 06:37,1,23.94,60.41
2022-03-15 06:39,5,23.24,42.86
2022-03-15 06:40,10,23.94,50.61
2022-03-15 06:42,11,23.94,44.9
2022-03-15 06:45,9,24.29,46.53
2022-03-15 06:48,4,23.94,59.59
2022-03-15 06:52,3,23.94,44.9
2022-03-15 06:52,6,23.94,43.67
2022-03-15 06:52,7,23.94,44.08
2022-03-15 06:55,12,23.94,39.59
2022-03-15 06:57,1,23.94,60.41
2022-03-15 06:59,5,23.24,42.86
2022-03-15 07:00,10,23.59,50.61
2022-03-15 07:02,8,23.59,44.49
2022-03-15 07:02,11,23.94,44.9
2022-03-15 07:05,9,24.29,46.53
2022-03-15 07:08,4,23.94,59.59
2022-03-15 07:12,3,23.94,44.9
2022-03-15 07:12,6,23.94,43.27
2022-03-15 07:12,7,23.94,44.49
2022-03-15 07:15,12,23.59,39.18
2022-03-15 07:16,1,23.59,60.41
2022-03-15 07:19,5,23.24,42.86
2022-03-15 07:20,10,23.59,50.61
2022-03-15 07:22,8,23.59,44.49
2022-03-15 07:22,11,23.59,44.9
2022-03-15 07:24,9,23.94,46.53
2022-03-15 07:28,4,23.94,59.59
2022-03-15 07:32,3,23.94,44.9
2022-03-15 07:32,6,23.59,43.27
2022-03-15 07:32,7,23.94,44.49
2022-03-15 07:35,12,23.59,39.18
2022-03-15 07:36,1,23.59,60.41
2022-03-15 07:39,5,23.24,42.86
2022-03-15 07:40,10,23.59,50.61
2022-03-15 07:42,11,23.59,44.9
2022-03-15 07:44,9,23.94,46.53
2022-03-15 07:48,4,23.94,59.59
2022-03-15 07:52,3,23.94,44.9
2022-03-15 07:52,6,23.59,42.86
2022-03-15 07:52,7,23.94,44.49
2022-03-15 07:55,12,23.59,39.59
2022-03-15 07:56,1,23.59,60
2022-03-15 07:59,5,23.24,42.86
2022-03-15 08:00,10,23.59,50.61
2022-03-15 08:02,8,23.59,44.49
2022-03-15 08:02,11,23.59,45.31
2022-03-15 08:04,9,23.94,46.53
2022-03-15 08:07,4,23.94,59.18
2022-03-15 08:12,3,23.59,44.9
2022-03-15 08:12,6,23.59,42.86
2022-03-15 08:12,7,23.94,44.49
2022-03-15 08:15,12,23.59,39.18
2022-03-15 08:16,1,23.59,60.41
2022-03-15 08:19,5,22.9,42.86
2022-03-15 08:20,10,23.24,50.61
2022-03-15 08:22,8,23.59,44.9
2022-03-15 08:22,11,23.59,45.31
2022-03-15 08:24,9,23.94,46.53
2022-03-15 08:27,4,23.94,59.18
2022-03-15 08:31,3,23.59,44.9
2022-03-15 08:32,6,23.59,42.86
2022-03-15 08:32,7,23.94,44.49
2022-03-15 08:35,12,23.59,39.18
2022-03-15 08:36,1,23.59,60
2022-03-15 08:39,5,22.9,42.86
2022-03-15 08:40,10,23.24,50.61
2022-03-15 08:42,8,23.24,44.49
2022-03-15 08:42,11,23.59,44.9
2022-03-15 08:44,9,23.94,46.53
2022-03-15 08:47,4,23.59,59.18
2022-03-15 08:51,3,23.59,44.9
2022-03-15 08:52,6,23.59,42.86
2022-03-15 08:52,7,23.59,44.49
2022-03-15 08:54,12,23.24,39.18
2022-03-15 08:56,1,23.59,60
2022-03-15 08:59,5,22.9,42.86
2022-03-15 09:00,10,23.24,50.61
2022-03-15 09:01,11,23.59,45.31
2022-03-15 09:02,8,23.24,44.49
2022-03-15 09:04,9,23.59,46.53
2022-03-15 09:07,4,23.59,59.18
2022-03-15 09:11,3,23.59,44.9
2022-03-15 09:11,7,23.59,44.49
2022-03-15 09:12,6,23.59,42.86
2022-03-15 09:14,12,23.24,39.18
2022-03-15 09:16,1,23.24,60
2022-03-15 09:18,5,22.9,42.86
2022-03-15 09:21,11,23.24,44.9
2022-03-15 09:24,9,23.59,46.53
2022-03-15 09:27,4,23.59,59.18
2022-03-15 09:31,3,23.59,44.9
2022-03-15 09:31,7,23.59,44.49
2022-03-15 09:32,6,23.24,42.45
2022-03-15 09:34,12,23.24,39.59
2022-03-15 09:36,1,23.24,60
2022-03-15 09:38,5,22.9,42.86
2022-03-15 09:40,10,22.9,50.61
2022-03-15 09:41,11,23.24,45.31
2022-03-15 09:42,8,23.24,44.49
2022-03-15 09:44,9,23.59,46.53
2022-03-15 09:47,4,23.59,59.18
2022-03-15 09:51,3,23.59,44.9
2022-03-15 09:51,7,23.59,44.49
2022-03-15 09:52,6,23.24,42.86
2022-03-15 09:54,12,23.24,39.59
2022-03-15 09:56,1,23.24,60
2022-03-15 09:58,5,22.9,42.86
2022-03-15 10:00,10,22.9,50.61
2022-03-15 10:01,11,23.24,44.9
2022-03-15 10:04,9,23.59,46.53
2022-03-15 10:07,4,23.59,59.18
2022-03-15 10:11,3,23.59,44.9
2022-03-15 10:11,7,23.59,44.49
2022-03-15 10:12,6,23.24,42.86
2022-03-15 10:14,12,23.24,39.59
2022-03-15 10:16,1,23.24,60
2022-03-15 10:18,5,22.55,42.86
2022-03-15 10:19,10,22.9,50.61
2022-03-15 10:21,8,22.9,44.49
2022-03-15 10:21,11,23.24,44.9
2022-03-15 10:24,9,23.59,46.53
2022-03-15 10:27,4,23.59,59.59
2022-03-15 10:31,3,23.24,44.9
2022-03-15 10:31,7,23.59,44.49
2022-03-15 10:32,6,23.24,42.86
2022-03-15 10:34,12,22.9,39.59
2022-03-15 10:35,1,23.24,60
2022-03-15 10:38,5,22.55,42.86
2022-03-15 10:41,8,22.9,44.49
2022-03-15 10:41,11,23.24,44.9
2022-03-15 10:44,9,23.24,46.53
2022-03-15 10:47,4,23.24,59.18
2022-03-15 10:51,3,23.24,44.9
2022-03-15 10:51,6,23.24,42.45
2022-03-15 10:51,7,23.24,44.49
2022-03-15 10:55,1,23.24,60
2022-03-15 10:58,5,22.55,42.86
2022-03-15 10:59,10,22.55,50.61
2022-03-15 11:01,11,23.24,44.9
2022-03-15 11:03,9,23.24,46.53
2022-03-15 11:07,4,23.24,59.18
2022-03-15 11:11,3,23.24,45.31
2022-03-15 11:11,6,23.24,42.86
2022-03-15 11:11,7,23.24,44.49
2022-03-15 11:14,12,22.9,39.18
2022-03-15 11:15,1,22.9,60
2022-03-15 11:18,5,22.55,42.86
2022-03-15 11:19,10,22.55,50.61
2022-03-15 11:21,8,22.9,44.49
2022-03-15 11:21,11,23.24,44.9
2022-03-15 11:27,4,23.24,59.18
2022-03-15 11:31,3,23.24,45.31
2022-03-15 11:31,6,23.24,42.86
2022-03-15 11:31,7,23.24,44.49
2022-03-15 11:34,12,22.9,39.18
2022-03-15 11:35,1,22.9,60
2022-03-15 11:38,5,22.55,42.86
2022-03-15 11:39,10,22.55,50.61
2022-03-15 11:41,8,22.9,44.9
2022-03-15 11:41,11,22.9,45.31
2022-03-15 11:43,9,23.24,46.53
2022-03-15 11:47,4,23.24,59.18
2022-03-15 11:51,3,23.24,45.31
2022-03-15 11:51,6,22.9,42.45
2022-03-15 11:51,7,23.24,44.9
2022-03-15 11:54,12,22.9,39.18
2022-03-15 11:55,1,22.9,60
2022-03-15 11:58,5,22.55,42.86
2022-03-15 11:59,10,22.55,50.61
2022-03-15 12:01,8,22.9,44.49
2022-03-15 12:01,11,22.9,45.31
2022-03-15 12:03,9,23.24,46.94
2022-03-15 12:07,4,23.24,59.18
2022-03-15 12:11,3,23.24,45.31
2022-03-15 12:11,6,22.9,42.86
2022-03-15 12:14,12,22.9,40
2022-03-15 12:15,1,22.9,60
2022-03-15 12:18,5,22.55,42.86
2022-03-15 12:19,10,22.55,50.61
2022-03-15 12:21,8,23.24,44.49
2022-03-15 12:21,11,22.9,45.31
2022-03-15 12:23,9,23.24,46.53
2022-03-15 12:26,4,23.24,59.18
2022-03-15 12:31,3,23.24,45.31
2022-03-15 12:31,6,23.24,42.86
2022-03-15 12:31,7,23.24,44.49
2022-03-15 12:34,12,22.9,40
2022-03-15 12:35,1,22.9,60
2022-03-15 12:38,5,22.55,42.86
2022-03-15 12:39,10,22.55,50.61
2022-03-15 12:41,8,23.24,44.9
2022-03-15 12:41,11,23.24,45.31
2022-03-15 12:43,9,23.24,46.53
2022-03-15 12:46,4,23.59,59.18
2022-03-15 12:51,3,23.59,45.31
2022-03-15 12:51,6,23.24,42.86
2022-03-15 12:51,7,23.24,44.49
2022-03-15 12:54,12,23.24,39.59
2022-03-15 12:55,1,23.24,60
2022-03-15 12:58,5,22.55,43.27
2022-03-15 12:59,10,22.9,50.61
2022-03-15 13:01,8,23.24,44.49
2022-03-15 13:01,11,23.24,45.31
2022-03-15 13:03,9,23.59,46.94
2022-03-15 13:06,4,23.59,59.18
2022-03-15 13:11,3,23.59,44.9
2022-03-15 13:11,6,23.24,42.86
2022-03-15 13:11,7,23.24,44.49
2022-03-15 13:13,12,23.24,39.59
2022-03-15 13:15,1,23.24,60.41
2022-03-15 13:18,5,22.55,42.86
2022-03-15 13:19,10,22.9,50.61
2022-03-15 13:20,11,23.24,45.31
2022-03-15 13:21,8,23.59,44.49
2022-03-15 13:23,9,23.59,46.94
2022-03-15 13:26,4,23.59,59.59
2022-03-15 13:30,3,23.59,44.9
2022-03-15 13:30,7,23.24,44.49
2022-03-15 13:31,6,23.24,42.86
2022-03-15 13:33,12,23.24,39.18
2022-03-15 13:35,1,23.24,60
2022-03-15 13:38,5,22.9,42.86
2022-03-15 13:41,8,23.59,44.49
2022-03-15 13:43,9,23.59,46.94
2022-03-15 13:46,4,23.59,59.18
2022-03-15 13:50,3,23.94,44.9
2022-03-15 13:50,7,23.24,44.49
2022-03-15 13:51,6,23.24,42.45
2022-03-15 13:53,12,23.59,39.18
2022-03-15 13:55,1,23.24,60
2022-03-15 13:57,5,22.9,42.86
2022-03-15 13:59,10,23.24,50.61
2022-03-15 14:00,11,23.24,45.31
2022-03-15 14:01,8,23.94,44.49
2022-03-15 14:03,9,23.94,46.94
2022-03-15 14:06,4,23.94,59.18
2022-03-15 14:10,3,23.94,44.9
2022-03-15 14:10,7,23.59,44.49
2022-03-15 14:11,6,23.59,42.86
2022-03-15 14:15,1,23.24,60
2022-03-15 14:17,5,22.9,42.86
2022-03-15 14:19,10,23.59,50.61
2022-03-15 14:20,11,23.59,45.31
2022-03-15 14:21,8,24.29,44.49
2022-03-15 14:23,9,23.94,46.94
2022-03-15 14:26,4,23.94,59.18
2022-03-15 14:30,3,24.29,44.9
2022-03-15 14:30,7,23.59,44.49
2022-03-15 14:31,6,23.59,42.45
2022-03-15 14:33,12,23.59,39.18
2022-03-15 14:34,1,23.24,60
2022-03-15 14:37,5,23.24,42.86
2022-03-15 14:39,10,23.94,50.61
2022-03-15 14:40,11,23.59,44.9
2022-03-15 14:43,9,23.94,46.94
2022-03-15 14:46,4,24.29,58.78
2022-03-15 14:50,3,24.63,44.9
2022-03-15 14:50,7,23.59,44.49
2022-03-15 14:51,6,23.59,42.45
2022-03-15 14:54,1,23.59,60
2022-03-15 14:57,5,23.24,42.45
2022-03-15 14:59,10,24.29,50.61
2022-03-15 15:00,11,23.59,45.31
2022-03-15 15:01,8,24.63,44.08
2022-03-15 15:03,9,24.29,46.94
2022-03-15 15:06,4,24.63,59.18
2022-03-15 15:10,3,24.63,44.9
2022-03-15 15:10,7,23.59,44.08
2022-03-15 15:11,6,23.59,42.45
2022-03-15 15:13,12,24.29,39.18
2022-03-15 15:14,1,23.59,60
2022-03-15 15:17,5,23.24,42.45
2022-03-15 15:19,10,24.63,50.61
2022-03-15 15:20,11,23.94,44.9
2022-03-15 15:23,9,24.63,46.94
2022-03-15 15:26,4,24.63,59.18
2022-03-15 15:30,7,23.94,44.08
2022-03-15 15:31,6,23.94,42.04
2022-03-15 15:33,12,24.29,39.18
2022-03-15 15:34,1,23.59,60
2022-03-15 15:39,10,25.33,50.2
2022-03-15 15:40,11,24.29,44.9
2022-03-15 15:41,8,25.33,44.08
2022-03-15 15:42,9,24.63,46.94
2022-03-15 15:46,4,24.98,59.18
2022-03-15 15:50,3,24.98,44.9
2022-03-15 15:53,12,24.63,38.78
2022-03-15 15:57,5,23.59,42.45
2022-03-15 15:59,10,25.67,50.2
2022-03-15 16:00,8,25.67,44.08
2022-03-15 16:00,11,24.29,44.9
2022-03-15 16:06,4,24.98,59.18
2022-03-15 16:10,7,24.29,43.67
2022-03-15 16:11,6,23.94,42.04
2022-03-15 16:13,12,24.63,38.78
2022-03-15 16:14,1,23.94,59.59
2022-03-15 16:17,5,23.94,42.45
2022-03-15 16:18,10,26.02,50.2
2022-03-15 16:20,8,26.02,44.08
2022-03-15 16:20,11,24.63,44.9
2022-03-15 16:22,9,24.98,46.53
2022-03-15 16:30,3,25.33,44.49
2022-03-15 16:33,12,24.63,38.78
2022-03-15 16:34,1,24.29,59.59
2022-03-15 16:37,5,23.94,42.04
2022-03-15 16:40,8,26.37,44.08
2022-03-15 16:40,11,24.63,44.49
2022-03-15 16:42,9,24.98,46.53
2022-03-15 16:50,3,25.67,44.49
2022-03-15 16:50,6,24.29,42.04
2022-03-15 16:50,7,24.29,43.27
2022-03-15 16:53,12,24.98,38.78
2022-03-15 16:54,1,24.29,59.59
2022-03-15 16:57,5,23.94,42.04
2022-03-15 16:58,10,26.71,50.2
2022-03-15 17:00,8,26.71,44.08
2022-03-15 17:00,11,24.98,44.49
2022-03-15 17:02,9,25.33,46.53
2022-03-15 17:05,4,25.67,58.78
2022-03-15 17:09,7,24.29,43.27
2022-03-15 17:10,3,25.67,44.49
2022-03-15 17:10,6,24.29,42.04
2022-03-15 17:14,1,24.29,59.59
2022-03-15 17:17,5,24.29,42.04
2022-03-15 17:18,10,27.06,49.8
2022-03-15 17:19,11,24.98,44.49
2022-03-15 17:20,8,26.71,44.08
2022-03-15 17:22,9,25.33,46.53
2022-03-15 17:25,4,25.67,58.78
2022-03-15 17:29,3,25.67,44.49
2022-03-15 17:29,7,24.63,43.27
2022-03-15 17:30,6,24.63,42.04
2022-03-15 17:34,1,24.63,59.59
2022-03-15 17:36,5,24.29,42.04
2022-03-15 17:38,10,27.41,49.8
2022-03-15 17:39,11,24.98,44.08
2022-03-15 17:40,8,26.71,44.08
2022-03-15 17:42,9,25.67,46.53
2022-03-15 17:45,4,26.02,58.37
2022-03-15 17:49,7,24.63,43.27
2022-03-15 17:50,6,24.63,41.63
2022-03-15 17:52,12,25.33,38.78
2022-03-15 17:53,1,24.63,59.59
2022-03-15 17:56,5,24.63,41.63
2022-03-15 17:58,10,27.76,49.8
2022-03-15 17:59,11,25.33,44.08
2022-03-15 18:00,8,27.06,43.67
2022-03-15 18:02,9,25.67,46.53
2022-03-15 18:05,4,26.02,58.78
2022-03-15 18:09,3,25.67,44.08
2022-03-15 18:09,7,24.63,42.86
2022-03-15 18:10,6,24.98,41.63
2022-03-15 18:12,12,25.67,39.18
2022-03-15 18:13,1,24.63,59.59
2022-03-15 18:16,5,24.63,41.63
2022-03-15 18:18,10,27.76,49.8
2022-03-15 18:19,11,25.33,44.08
2022-03-15 18:20,8,27.06,43.67
2022-03-15 18:22,9,26.02,46.53
2022-03-15 18:25,4,26.02,58.78
2022-03-15 18:29,3,25.67,44.08
2022-03-15 18:29,7,24.98,42.86
2022-03-15 18:30,6,24.98,41.63
2022-03-15 18:32,12,26.02,39.18
2022-03-15 18:33,1,24.98,59.59
2022-03-15 18:36,5,24.63,41.63
2022-03-15 18:38,10,27.76,49.8
2022-03-15 18:39,11,25.33,44.08
2022-03-15 18:40,8,27.06,43.67
2022-03-15 18:42,9,26.02,46.53
2022-03-15 18:45,4,26.02,58.37
2022-03-15 18:49,3,26.02,44.08
2022-03-15 18:49,7,24.98,42.86
2022-03-15 18:50,6,25.33,41.22
2022-03-15 18:52,12,26.37,39.18
2022-03-15 18:53,1,24.98,59.59
2022-03-15 18:56,5,24.98,41.22
2022-03-15 18:58,10,27.76,49.39
2022-03-15 18:59,11,25.33,44.08
2022-03-15 19:00,8,27.06,43.67
2022-03-15 19:02,9,26.37,46.53
2022-03-15 19:05,4,26.02,58.78
2022-03-15 19:09,3,26.02,44.08
2022-03-15 19:09,7,24.98,42.86
2022-03-15 19:10,6,25.33,41.22
2022-03-15 19:12,12,26.71,39.18
2022-03-15 19:13,1,24.98,59.59
2022-03-15 19:16,5,24.98,41.22
2022-03-15 19:18,10,27.76,49.8
2022-03-15 19:19,8,27.06,43.67
2022-03-15 19:19,11,25.33,43.67
2022-03-15 19:21,9,26.37,46.53
2022-03-15 19:25,4,26.37,58.78
2022-03-15 19:29,7,25.33,42.86
2022-03-15 19:30,6,25.67,41.22
2022-03-15 19:32,12,26.71,39.18
2022-03-15 19:33,1,25.33,59.18
2022-03-15 19:36,5,24.98,41.22
2022-03-15 19:38,10,27.76,49.8
2022-03-15 19:39,8,26.71,43.67
2022-03-15 19:39,11,25.33,43.67
2022-03-15 19:41,9,26.71,46.53
2022-03-15 19:45,4,26.37,58.78
2022-03-15 19:49,7,25.33,42.86
2022-03-15 19:50,6,25.67,41.22
2022-03-15 19:52,12,27.06,38.78
2022-03-15 19:53,1,25.33,59.18
2022-03-15 19:56,5,25.33,41.22
2022-03-15 19:58,10,27.76,49.39
2022-03-15 19:59,8,26.71,43.67
2022-03-15 19:59,11,25.33,43.67
2022-03-15 20:01,9,26.71,46.53
2022-03-15 20:05,4,26.37,59.18
2022-03-15 20:09,3,26.02,44.08
2022-03-15 20:09,7,25.33,42.45
2022-03-15 20:10,6,25.67,41.22
2022-03-15 20:12,12,27.06,38.78
2022-03-15 20:13,1,25.33,59.18
2022-03-15 20:16,5,25.33,41.22
2022-03-15 20:17,10,27.41,49.39
2022-03-15 20:19,8,26.71,43.67
2022-03-15 20:19,11,25.67,43.67
2022-03-15 20:21,9,26.71,46.12
2022-03-15 20:25,4,26.37,58.78
2022-03-15 20:29,3,26.02,43.67
2022-03-15 20:29,7,25.67,42.45
2022-03-15 20:30,6,25.67,41.22
2022-03-15 20:33,1,25.33,59.18
2022-03-15 20:36,5,25.33,41.22
2022-03-15 20:37,10,27.41,49.39
2022-03-15 20:39,8,26.71,43.67
2022-03-15 20:39,11,25.67,43.67
2022-03-15 20:41,9,26.71,46.12
2022-03-15 20:44,4,26.37,58.78
2022-03-15 20:48,3,26.02,43.67
2022-03-15 20:48,7,25.67,42.45
2022-03-15 20:49,6,26.02,41.22
2022-03-15 20:51,12,27.06,38.78
2022-03-15 20:53,1,25.33,59.18
2022-03-15 20:55,5,25.33,41.22
2022-03-15 20:57,10,27.41,49.39
2022-03-15 20:58,11,25.67,43.67
2022-03-15 20:59,8,26.71,43.67
2022-03-15 21:01,9,27.06,46.12
2022-03-15 21:04,4,26.37,58.78
2022-03-15 21:08,3,26.02,43.67
2022-03-15 21:08,7,25.67,42.45
2022-03-15 21:09,6,26.02,40.82
2022-03-15 21:11,12,27.06,38.78
2022-03-15 21:12,1,25.33,59.18
2022-03-15 21:15,5,25.33,41.22
2022-03-15 21:17,10,27.41,49.39
2022-03-15 21:18,11,25.67,43.67
2022-03-15 21:19,8,26.71,43.67
2022-03-15 21:21,9,26.71,46.12
2022-03-15 21:24,4,26.37,58.78
2022-03-15 21:28,3,26.02,43.67
2022-03-15 21:28,7,25.67,42.45
2022-03-15 21:29,6,26.02,40.82
2022-03-15 21:31,12,27.06,38.37
2022-03-15 21:32,1,25.33,59.18
2022-03-15 21:35,5,25.33,41.22
2022-03-15 21:37,10,27.06,49.39
2022-03-15 21:38,11,25.67,43.67
2022-03-15 21:39,8,26.71,43.27
2022-03-15 21:41,9,26.71,46.12
2022-03-15 21:44,4,26.37,58.78
2022-03-15 21:48,3,26.02,43.67
2022-03-15 21:48,7,25.67,42.04
2022-03-15 21:49,6,26.02,41.22
2022-03-15 21:51,12,26.71,38.37
2022-03-15 21:52,1,25.33,59.18
2022-03-15 21:55,5,25.33,41.22
2022-03-15 21:57,10,27.06,49.39
2022-03-15 21:58,11,25.67,43.27
2022-03-15 21:59,8,26.37,43.27
2022-03-15 22:00,9,26.71,46.12
2022-03-15 22:04,4,26.37,58.78
2022-03-15 22:08,3,26.02,43.67
2022-03-15 22:08,7,25.67,42.04
2022-03-15 22:09,6,25.67,40.82
2022-03-15 22:11,12,26.71,38.37
2022-03-15 22:12,1,25.33,59.18
2022-03-15 22:15,5,25.33,41.22
2022-03-15 22:18,11,25.67,43.27
2022-03-15 22:19,8,26.37,43.27
2022-03-15 22:20,9,26.71,46.12
2022-03-15 22:24,4,26.37,59.18
2022-03-15 22:28,3,26.02,43.67
2022-03-15 22:28,7,25.67,42.04
2022-03-15 22:29,6,25.67,40.82
2022-03-15 22:31,12,26.71,38.37
2022-03-15 22:32,1,25.33,59.18
2022-03-15 22:35,5,25.33,41.22
2022-03-15 22:37,10,26.71,49.39
2022-03-15 22:38,11,25.33,43.27
2022-03-15 22:40,9,26.71,45.71
2022-03-15 22:44,4,26.02,58.78
2022-03-15 22:48,3,26.02,43.67
2022-03-15 22:48,7,25.67,42.04
2022-03-15 22:49,6,25.67,40.82
2022-03-15 22:51,12,26.71,38.37
2022-03-15 22:52,1,25.33,59.18
2022-03-15 22:55,5,25.33,41.22
2022-03-15 22:57,10,26.71,49.39
2022-03-15 22:58,8,26.37,43.27
2022-03-15 22:58,11,25.33,43.27
2022-03-15 23:00,9,26.71,45.71
2022-03-15 23:04,4,26.02,58.37
2022-03-15 23:08,3,25.67,43.67
2022-03-15 23:08,7,25.67,42.04
2022-03-15 23:09,6,25.67,40.82
2022-03-15 23:11,12,26.37,38.37
2022-03-15 23:12,1,24.98,59.18
2022-03-15 23:15,5,25.33,41.22
2022-03-15 23:17,10,26.71,49.39
2022-03-15 23:18,8,26.02,43.27
2022-03-15 23:18,11,25.33,43.27
2022-03-15 23:20,9,26.37,45.71
2022-03-15 23:24,4,26.02,58.78
2022-03-15 23:27,7,25.67,42.04
2022-03-15 23:28,3,25.67,43.67
2022-03-15 23:29,6,25.67,40.82
2022-03-15 23:31,12,26.37,38.37
2022-03-15 23:32,1,24.98,58.78
2022-03-15 23:35,5,24.98,41.22
2022-03-15 23:36,10,26.37,49.39
2022-03-15 23:37,11,25.33,43.27
2022-03-15 23:38,8,26.02,43.27
2022-03-15 23:40,9,26.37,45.71
2022-03-15 23:44,4,26.02,58.37
2022-03-15 23:47,7,25.67,42.04
2022-03-15 23:48,3,25.67,43.67
2022-03-15 23:48,6,25.33,40.82
2022-03-15 23:50,12,26.02,38.37
2022-03-15 23:52,1,24.98,59.18
2022-03-15 23:54,5,24.98,41.22
2022-03-15 23:57,11,25.33,43.27
2022-03-15 23:58,8,26.02,43.27
2022-03-16 00:00,9,26.37,45.71
2022-03-16 00:03,4,25.67,58.78
2022-03-16 00:07,3,25.67,44.08
2022-03-16 00:07,7,25.67,42.04
2022-03-16 00:08,6,25.33,40.82
2022-03-16 00:10,12,26.02,38.37
2022-03-16 00:11,1,24.98,58.78
2022-03-16 00:14,5,24.98,41.22
2022-03-16 00:17,11,25.33,43.27
2022-03-16 00:18,8,25.67,43.27
2022-03-16 00:20,9,26.02,45.71
2022-03-16 00:23,4,25.67,58.78
2022-03-16 00:27,3,25.33,43.67
2022-03-16 00:27,7,25.33,42.04
2022-03-16 00:28,6,25.33,41.22
2022-03-16 00:30,12,26.02,38.37
2022-03-16 00:31,1,24.98,59.18
2022-03-16 00:36,10,26.02,49.39
2022-03-16 00:37,11,24.98,43.27
2022-03-16 00:38,8,25.67,43.27
2022-03-16 00:40,9,26.02,45.71
2022-03-16 00:43,4,25.67,58.37
2022-03-16 00:47,3,25.33,43.67
2022-03-16 00:47,7,25.33,42.04
2022-03-16 00:48,6,25.33,41.22
2022-03-16 00:50,12,25.67,38.37
2022-03-16 00:51,1,24.98,58.78
2022-03-16 00:54,5,24.63,41.22
2022-03-16 00:56,10,25.67,49.39
2022-03-16 00:57,11,24.98,43.27
2022-03-16 00:58,8,25.67,43.27
2022-03-16 00:59,9,26.02,45.71
2022-03-16 01:03,4,25.33,58.78
2022-03-16 01:07,3,25.33,43.67
2022-03-16 01:07,7,25.33,42.04
2022-03-16 01:08,6,25.33,41.22
2022-03-16 01:10,12,25.67,38.37
2022-03-16 01:11,1,24.63,58.78
2022-03-16 01:14,5,24.63,41.22
2022-03-16 01:16,10,25.67,49.39
2022-03-16 01:17,11,24.98,43.27
2022-03-16 01:19,9,25.67,45.31
2022-03-16 01:23,4,25.33,58.37
2022-03-16 01:27,3,25.33,43.67
2022-03-16 01:27,7,25.33,42.04
2022-03-16 01:28,6,24.98,41.22
2022-03-16 01:30,12,25.33,38.37
2022-03-16 01:31,1,24.63,58.78
2022-03-16 01:34,5,24.63,41.22
2022-03-16 01:36,10,25.67,49.39
2022-03-16 01:37,11,24.98,43.67
2022-03-16 01:38,8,25.33,43.27
2022-03-16 01:39,9,25.67,45.71
2022-03-16 01:43,4,25.33,58.37
2022-03-16 01:47,3,25.33,43.67
2022-03-16 01:47,7,25.33,42.04
2022-03-16 01:48,6,24.98,41.22
2022-03-16 01:50,12,25.33,38.37
2022-03-16 01:51,1,24.63,58.78
2022-03-16 01:54,5,24.63,41.22
2022-03-16 01:56,10,25.33,49.39
2022-03-16 01:57,11,24.98,43.67
2022-03-16 01:58,8,25.33,43.27
2022-03-16 01:59,9,25.67,45.31
2022-03-16 02:03,4,25.33,58.78
2022-03-16 02:07,3,24.98,43.67
2022-03-16 02:07,7,24.98,42.04
2022-03-16 02:08,6,24.98,41.22
2022-03-16 02:10,12,25.33,38.37
2022-03-16 02:11,1,24.63,58.78
2022-03-16 02:16,10,25.33,49.39
2022-03-16 02:17,8,25.33,43.67
2022-03-16 02:17,11,24.63,43.67
2022-03-16 02:19,9,25.33,45.31
2022-03-16 02:23,4,24.98,58.78
2022-03-16 02:27,3,24.98,43.67
2022-03-16 02:27,7,24.98,42.45
2022-03-16 02:28,6,24.98,41.63
2022-03-16 02:30,12,24.98,38.37
2022-03-16 02:31,1,24.63,58.78
2022-03-16 02:34,5,24.29,41.22
2022-03-16 02:36,10,25.33,49.39
2022-03-16 02:37,8,24.98,43.27
2022-03-16 02:37,11,24.63,43.67
2022-03-16 02:39,9,25.33,45.31
2022-03-16 02:43,4,24.98,58.37
2022-03-16 02:46,7,24.98,42.04
2022-03-16 02:47,3,24.98,43.67
2022-03-16 02:50,12,24.98,38.37
2022-03-16 02:51,1,24.63,58.78
2022-03-16 02:54,5,24.29,41.63
2022-03-16 02:56,10,24.98,49.39
2022-03-16 02:56,11,24.63,43.67
2022-03-16 02:57,8,24.98,43.67
2022-03-16 02:59,9,25.33,45.31
2022-03-16 03:03,4,24.98,58.37
2022-03-16 03:06,7,24.98,42.04
2022-03-16 03:07,3,24.98,43.67
2022-03-16 03:08,6,24.63,41.63
2022-03-16 03:09,12,24.98,38.37
2022-03-16 03:10,1,24.29,58.78
2022-03-16 03:14,5,24.29,41.63
2022-03-16 03:16,11,24.63,43.67
2022-03-16 03:17,8,24.98,43.67
2022-03-16 03:19,9,25.33,45.31
2022-03-16 03:23,4,24.98,58.37
2022-03-16 03:26,7,24.98,42.45
2022-03-16 03:27,3,24.63,43.67
2022-03-16 03:28,6,24.63,41.63
2022-03-16 03:29,12,24.98,38.37
2022-03-16 03:30,1,24.29,58.78
2022-03-16 03:33,5,23.94,41.63
2022-03-16 03:35,10,24.63,49.39
2022-03-16 03:36,11,24.63,43.67
2022-03-16 03:37,8,24.63,43.67
2022-03-16 03:39,9,24.98,45.31
2022-03-16 03:42,4,24.98,58.37
2022-03-16 03:46,3,24.63,44.08
2022-03-16 03:46,7,24.63,42.45
2022-03-16 03:47,6,24.63,41.22
2022-03-16 03:49,12,24.63,38.37
2022-03-16 03:50,1,24.29,58.78
2022-03-16 03:55,10,24.63,49.39
2022-03-16 03:56,11,24.29,43.67
2022-03-16 03:57,8,24.63,43.67
2022-03-16 03:59,9,24.98,45.31
2022-03-16 04:02,4,24.63,58.37
2022-03-16 04:06,3,24.63,43.67
2022-03-16 04:06,7,24.63,42.45
2022-03-16 04:07,6,24.29,41.63
2022-03-16 04:09,12,24.63,38.37
2022-03-16 04:10,1,24.29,58.78
2022-03-16 04:13,5,23.94,41.63
2022-03-16 04:15,10,24.63,49.39
2022-03-16 04:16,11,24.29,43.67
2022-03-16 04:17,8,24.63,43.67
2022-03-16 04:18,9,24.98,45.31
2022-03-16 04:22,4,24.63,58.37
2022-03-16 04:26,3,24.63,44.08
2022-03-16 04:26,7,24.63,42.45
2022-03-16 04:27,6,24.29,41.63
2022-03-16 04:29,12,24.63,38.37
2022-03-16 04:30,1,24.29,58.78
2022-03-16 04:33,5,23.94,41.63
2022-03-16 04:36,11,24.29,43.67
2022-03-16 04:37,8,24.63,43.67
2022-03-16 04:38,9,24.98,45.31
2022-03-16 04:42,4,24.63,58.37
2022-03-16 04:46,3,24.29,44.08
2022-03-16 04:46,7,24.63,42.45
2022-03-16 04:47,6,24.29,41.63
2022-03-16 04:49,12,24.29,38.37
2022-03-16 04:50,1,23.94,58.78
2022-03-16 04:53,5,23.94,41.63
2022-03-16 04:55,10,24.29,49.39
2022-03-16 04:56,11,24.29,43.67
2022-03-16 04:57,8,24.29,43.67
2022-03-16 04:58,9,24.63,45.31
2022-03-16 05:02,4,24.63,58.37
2022-03-16 05:06,3,24.29,44.08
2022-03-16 05:06,7,24.29,42.45
2022-03-16 05:07,6,24.29,41.63
2022-03-16 05:09,12,24.29,38.37
2022-03-16 05:10,1,23.94,58.78
2022-03-16 05:13,5,23.59,41.63
2022-03-16 05:15,10,24.29,49.39
2022-03-16 05:16,11,24.29,43.67
2022-03-16 05:17,8,24.29,43.67
2022-03-16 05:18,9,24.63,45.31
2022-03-16 05:22,4,24.29,58.37
2022-03-16 05:26,3,24.29,44.08
2022-03-16 05:26,7,24.29,42.45
2022-03-16 05:27,6,24.29,41.63
2022-03-16 05:29,12,24.29,38.37
2022-03-16 05:30,1,23.94,58.78
2022-03-16 05:35,10,24.29,49.39
2022-03-16 05:36,11,23.94,43.67
2022-03-16 05:37,8,24.29,43.67
2022-03-16 05:38,9,24.63,45.31
2022-03-16 05:42,4,24.29,58.37
2022-03-16 05:46,3,24.29,44.08
2022-03-16 05:46,7,24.29,42.45
2022-03-16 05:47,6,23.94,41.63
2022-03-16 05:49,12,24.29,38.37
2022-03-16 05:50,1,23.94,58.78
2022-03-16 05:53,5,23.59,41.63
2022-03-16 05:55,10,23.94,49.39
2022-03-16 05:55,11,23.94,43.67
2022-03-16 05:56,8,24.29,43.67
2022-03-16 05:58,9,24.63,45.31
2022-03-16 06:02,4,24.29,58.37
2022-03-16 06:05,7,24.29,42.45
2022-03-16 06:06,3,24.29,44.08
2022-03-16 06:07,6,23.94,41.63
2022-03-16 06:09,1,23.94,58.78
2022-03-16 06:09,12,23.94,38.37
2022-03-16 06:13,5,23.59,41.63
2022-03-16 06:15,10,23.94,49.39
2022-03-16 06:15,11,23.94,44.08
2022-03-16 06:16,8,24.29,43.67
2022-03-16 06:18,9,24.29,45.31
2022-03-16 06:22,4,24.29,58.37
2022-03-16 06:25,7,24.29,42.45
2022-03-16 06:26,3,24.29,44.08
2022-03-16 06:27,6,23.94,42.04
2022-03-16 06:29,1,23.94,58.78
2022-03-16 06:29,12,23.94,38.37
2022-03-16 06:33,5,23.24,41.63
2022-03-16 06:35,10,23.94,49.39
2022-03-16 06:38,9,24.29,45.31
2022-03-16 06:42,4,24.29,58.37
2022-03-16 06:45,7,24.29,42.86
2022-03-16 06:46,3,23.94,44.08
2022-03-16 06:49,1,23.94,58.78
2022-03-16 06:49,12,23.94,38.37
2022-03-16 06:52,5,23.24,41.63
2022-03-16 06:55,10,23.94,49.39
2022-03-16 06:55,11,23.94,44.08
2022-03-16 06:56,8,23.94,43.27
2022-03-16 06:58,9,24.29,45.31
2022-03-16 07:02,4,23.94,57.96
2022-03-16 07:05,3,23.94,43.67
2022-03-16 07:05,7,23.94,42.86
2022-03-16 07:07,6,23.94,42.04
2022-03-16 07:08,12,23.94,38.37
2022-03-16 07:09,1,23.59,58.78
2022-03-16 07:12,5,23.24,41.63
2022-03-16 07:15,10,23.59,49.39
2022-03-16 07:15,11,23.94,44.08
2022-03-16 07:16,8,23.94,43.67
2022-03-16 07:18,9,24.29,45.31
2022-03-16 07:22,4,23.94,58.37
2022-03-16 07:25,3,23.94,43.67
2022-03-16 07:25,7,23.94,42.86
2022-03-16 07:27,6,23.94,41.63
2022-03-16 07:28,12,23.94,38.37
2022-03-16 07:29,1,23.59,58.78
2022-03-16 07:35,10,23.59,49.39
2022-03-16 07:35,11,23.59,44.08
2022-03-16 07:37,9,24.29,45.31
2022-03-16 07:41,4,23.94,58.37
2022-03-16 07:45,3,23.94,44.08
2022-03-16 07:45,7,23.94,42.45
2022-03-16 07:46,6,23.59,41.63
2022-03-16 07:48,12,23.59,38.37
2022-03-16 07:49,1,23.59,58.78
2022-03-16 07:52,5,23.24,41.63
2022-03-16 07:54,10,23.59,49.39
2022-03-16 07:55,11,23.59,43.67
2022-03-16 07:57,9,23.94,45.31
2022-03-16 08:01,4,23.94,58.37
2022-03-16 08:05,3,23.94,44.08
2022-03-16 08:05,7,23.94,42.45
2022-03-16 08:06,6,23.59,41.63
2022-03-16 08:08,12,23.59,38.37
2022-03-16 08:09,1,23.59,58.78
2022-03-16 08:12,5,23.24,41.63
2022-03-16 08:14,10,23.59,49.39
2022-03-16 08:15,11,23.59,44.08
2022-03-16 08:16,8,23.59,43.27
2022-03-16 08:17,9,23.94,45.31
2022-03-16 08:21,4,23.94,58.37
2022-03-16 08:25,3,23.94,44.08
2022-03-16 08:25,7,23.94,42.86
2022-03-16 08:26,6,23.59,41.63
2022-03-16 08:28,12,23.59,38.37
2022-03-16 08:29,1,23.59,58.78
2022-03-16 08:32,5,22.9,41.63
2022-03-16 08:34,10,23.59,49.39
2022-03-16 08:35,11,23.59,44.08
2022-03-16 08:36,8,23.59,43.67
2022-03-16 08:37,9,23.94,45.31
2022-03-16 08:41,4,23.94,57.96
2022-03-16 08:45,3,23.59,44.08
2022-03-16 08:45,7,23.94,42.86
2022-03-16 08:46,6,23.59,41.63
2022-03-16 08:48,12,23.59,38.37
2022-03-16 08:49,1,23.59,58.78
2022-03-16 08:52,5,22.9,41.63
2022-03-16 08:54,10,23.24,49.39
2022-03-16 08:55,11,23.59,44.08
2022-03-16 08:56,8,23.59,43.67
2022-03-16 08:57,9,23.94,45.31
2022-03-16 09:01,4,23.59,58.37
2022-03-16 09:05,3,23.59,44.08
2022-03-16 09:05,7,23.59,42.86
2022-03-16 09:06,6,23.59,41.63
2022-03-16 09:08,12,23.59,38.37
2022-03-16 09:09,1,23.24,58.78
2022-03-16 09:12,5,22.9,42.04
2022-03-16 09:14,10,23.24,49.39
2022-03-16 09:15,11,23.59,43.67
2022-03-16 09:16,8,23.59,43.67
2022-03-16 09:17,9,23.94,45.31
2022-03-16 09:21,4,23.59,57.96
2022-03-16 09:24,7,23.59,42.45
2022-03-16 09:25,3,23.59,43.67
2022-03-16 09:26,6,23.59,41.63
2022-03-16 09:28,1,23.24,58.78
2022-03-16 09:28,12,23.59,38.37
2022-03-16 09:32,5,22.9,41.63
2022-03-16 09:34,10,23.24,49.39
2022-03-16 09:34,11,23.24,44.08
2022-03-16 09:35,8,23.59,43.67
2022-03-16 09:37,9,23.59,45.31
2022-03-16 09:41,4,23.59,57.96
2022-03-16 09:44,7,23.59,42.86
2022-03-16 09:45,3,23.59,44.08
2022-03-16 09:46,6,23.24,42.04
2022-03-16 09:48,1,23.24,58.78
2022-03-16 09:48,12,23.24,38.37
2022-03-16 09:52,5,22.9,42.04
2022-03-16 09:54,10,23.24,49.39
2022-03-16 09:54,11,23.24,44.08
2022-03-16 09:55,8,23.24,43.67
2022-03-16 09:57,9,23.59,45.31
2022-03-16 10:01,4,23.59,57.96
2022-03-16 10:04,7,23.59,42.86
2022-03-16 10:05,3,23.59,44.08
2022-03-16 10:06,6,23.24,42.04
2022-03-16 10:08,1,23.24,58.78
2022-03-16 10:08,12,23.24,38.37
2022-03-16 10:12,5,22.9,41.63
2022-03-16 10:14,11,23.24,43.67
2022-03-16 10:15,8,23.24,43.67
2022-03-16 10:17,9,23.59,45.31
2022-03-16 10:21,4,23.59,57.96
2022-03-16 10:24,7,23.59,42.86
2022-03-16 10:25,3,23.59,44.08
2022-03-16 10:26,6,23.24,41.63
2022-03-16 10:28,1,23.24,58.78
2022-03-16 10:28,12,23.24,38.37
2022-03-16 10:31,5,22.55,41.63
2022-03-16 10:34,10,22.9,49.39
2022-03-16 10:34,11,23.24,44.08
2022-03-16 10:35,8,23.24,43.67
2022-03-16 10:37,9,23.59,45.31
2022-03-16 10:41,4,23.59,58.37
2022-03-16 10:44,3,23.24,44.08
2022-03-16 10:44,7,23.59,42.86
2022-03-16 10:46,6,23.24,42.04
2022-03-16 10:47,12,23.24,38.37
2022-03-16 10:48,1,23.24,58.37
2022-03-16 10:51,5,22.55,42.04
2022-03-16 10:54,11,23.24,44.08
2022-03-16 10:55,8,23.24,43.67
2022-03-16 10:56,9,23.59,45.31
2022-03-16 11:01,4,23.24,58.37
2022-03-16 11:04,3,23.24,44.08
2022-03-16 11:04,7,23.24,42.86
2022-03-16 11:06,6,23.24,42.04
2022-03-16 11:07,12,23.24,38.37
2022-03-16 11:08,1,23.24,58.37
2022-03-16 11:11,5,22.55,42.04
2022-03-16 11:14,10,22.9,49.39
2022-03-16 11:14,11,23.24,44.08
2022-03-16 11:15,8,23.24,43.67
2022-03-16 11:16,9,23.59,45.31
2022-03-16 11:21,4,23.24,58.37
2022-03-16 11:24,3,23.24,44.08
2022-03-16 11:24,7,23.24,42.86
2022-03-16 11:26,6,23.24,42.04
2022-03-16 11:27,12,23.24,38.37
2022-03-16 11:28,1,22.9,58.78
2022-03-16 11:31,5,22.55,41.63
2022-03-16 11:34,10,22.9,49.39
2022-03-16 11:34,11,23.24,44.08
2022-03-16 11:35,8,23.24,43.67
2022-03-16 11:36,9,23.59,45.31
2022-03-16 11:40,4,23.24,58.37
2022-03-16 11:44,3,23.24,44.08
2022-03-16 11:44,7,23.24,42.86
2022-03-16 11:46,6,23.24,42.04
2022-03-16 11:47,12,23.24,38.37
2022-03-16 11:48,1,22.9,58.78
2022-03-16 11:51,5,22.55,42.04
2022-03-16 11:54,10,22.55,49.39
2022-03-16 11:54,11,23.24,44.08
2022-03-16 11:55,8,23.24,43.67
2022-03-16 11:56,9,23.59,45.31
2022-03-16 12:00,4,23.24,58.37
2022-03-16 12:04,3,23.24,44.08
2022-03-16 12:04,7,23.24,43.27
2022-03-16 12:06,6,23.24,42.04
2022-03-16 12:08,1,22.9,58.78
2022-03-16 12:14,10,22.9,49.39
2022-03-16 12:14,11,23.24,44.08
2022-03-16 12:15,8,23.24,43.67
2022-03-16 12:16,9,23.59,45.71
2022-03-16 12:20,4,23.24,58.78
2022-03-16 12:24,3,23.59,44.08
2022-03-16 12:24,7,23.24,43.27
2022-03-16 12:26,6,23.24,42.04
2022-03-16 12:27,12,23.24,38.37
2022-03-16 12:28,1,23.24,58.78
2022-03-16 12:31,5,22.55,42.04
2022-03-16 12:34,10,22.9,49.39
2022-03-16 12:34,11,23.24,44.08
2022-03-16 12:36,9,23.59,45.71
2022-03-16 12:40,4,23.59,58.37
2022-03-16 12:44,3,23.59,44.08
2022-03-16 12:44,7,23.24,42.86
2022-03-16 12:46,6,23.24,42.04
2022-03-16 12:47,12,23.24,38.37
2022-03-16 12:48,1,23.24,58.78
2022-03-16 12:51,5,22.55,42.04
2022-03-16 12:54,10,22.9,49.39
2022-03-16 12:54,11,23.24,44.08
2022-03-16 12:55,8,23.59,43.67
2022-03-16 12:56,9,23.59,45.71
2022-03-16 13:00,4,23.59,58.78
2022-03-16 13:04,3,23.59,44.08
2022-03-16 13:04,7,23.24,43.27
2022-03-16 13:05,6,23.24,42.04
2022-03-16 13:07,1,23.24,58.78
2022-03-16 13:07,12,23.24,38.37
2022-03-16 13:11,5,22.55,42.04
2022-03-16 13:14,10,22.9,49.39
2022-03-16 13:14,11,23.24,44.49
2022-03-16 13:15,8,23.59,43.67
2022-03-16 13:16,9,23.59,46.12
2022-03-16 13:20,4,23.59,60
2022-03-16 13:24,3,23.94,44.49
2022-03-16 13:24,7,23.24,43.27
2022-03-16 13:25,6,23.24,42.04
2022-03-16 13:27,12,23.59,38.37
2022-03-16 13:31,5,22.9,42.04
2022-03-16 13:33,10,23.24,49.39
2022-03-16 13:34,11,23.24,44.49
2022-03-16 13:35,8,23.94,43.67
2022-03-16 13:36,9,23.94,46.12
2022-03-16 13:40,4,23.59,60
2022-03-16 13:43,7,23.24,43.27
2022-03-16 13:44,3,23.94,44.49
2022-03-16 13:45,6,23.59,42.04
2022-03-16 13:47,1,23.24,61.22
2022-03-16 13:47,12,23.59,38.37
2022-03-16 13:51,5,22.9,42.04
2022-03-16 13:53,10,23.59,49.39
2022-03-16 13:54,11,23.59,44.08
2022-03-16 13:55,8,23.94,43.67
2022-03-16 13:56,9,23.94,46.12
2022-03-16 14:00,4,23.94,60.41
2022-03-16 14:03,7,23.59,42.86
2022-03-16 14:04,3,24.29,44.49
2022-03-16 14:05,6,23.59,42.04
2022-03-16 14:07,1,23.24,61.63
2022-03-16 14:07,12,23.59,38.37
2022-03-16 14:11,5,22.9,42.04
2022-03-16 14:13,10,23.94,49.39
2022-03-16 14:13,11,23.59,44.49
2022-03-16 14:15,8,24.29,43.67
2022-03-16 14:16,9,23.94,46.12
2022-03-16 14:20,4,23.94,60.41
2022-03-16 14:23,7,23.59,42.86
2022-03-16 14:24,3,24.29,44.08
2022-03-16 14:25,6,23.59,42.04
2022-03-16 14:27,1,23.59,62.04
2022-03-16 14:27,12,23.94,38.37
2022-03-16 14:31,5,23.24,41.63
2022-03-16 14:33,11,23.59,44.08
2022-03-16 14:35,8,24.63,43.67
2022-03-16 14:36,9,24.29,46.12
2022-03-16 14:40,4,24.29,60.41
2022-03-16 14:43,7,23.59,42.86
2022-03-16 14:44,3,24.63,44.08
2022-03-16 14:45,6,23.59,42.04
2022-03-16 14:47,12,24.29,38.37
2022-03-16 14:51,5,23.24,41.63
2022-03-16 14:53,10,24.63,49.39
2022-03-16 14:53,11,23.94,44.08
2022-03-16 14:54,8,24.98,43.67
2022-03-16 14:56,9,24.63,46.12
2022-03-16 15:00,4,24.63,60.82
2022-03-16 15:03,7,23.59,42.86
2022-03-16 15:04,3,24.98,44.08
2022-03-16 15:05,6,23.94,42.04
2022-03-16 15:07,1,23.59,62.45
2022-03-16 15:07,12,24.29,38.37
2022-03-16 15:11,5,23.59,41.63
2022-03-16 15:13,10,24.98,49.39
2022-03-16 15:13,11,23.94,44.08
2022-03-16 15:14,8,25.33,43.67
2022-03-16 15:16,9,24.63,46.12
2022-03-16 15:20,4,24.63,60.82
2022-03-16 15:23,7,23.94,42.45
2022-03-16 15:24,3,24.98,44.08
2022-03-16 15:25,6,23.94,41.63
2022-03-16 15:27,1,23.59,62.86
2022-03-16 15:27,12,24.63,38.37
2022-03-16 15:30,5,23.59,41.63
2022-03-16 15:33,11,24.29,44.08
2022-03-16 15:34,8,25.67,43.67
2022-03-16 15:36,9,24.98,46.12
2022-03-16 15:40,4,24.98,60.82
2022-03-16 15:43,3,25.33,44.08
2022-03-16 15:43,7,23.94,42.45
2022-03-16 15:45,6,23.94,41.63
2022-03-16 15:46,12,24.63,37.96
2022-03-16 15:47,1,23.94,62.86
2022-03-16 15:50,5,23.59,41.63
2022-03-16 15:53,10,25.67,48.98
2022-03-16 15:53,11,24.63,44.08
2022-03-16 15:55,9,24.98,46.12
2022-03-16 16:00,4,24.98,60.82
2022-03-16 16:03,3,25.33,44.08
2022-03-16 16:03,7,24.29,42.45
2022-03-16 16:05,6,24.29,41.63
2022-03-16 16:06,12,24.98,37.96
2022-03-16 16:07,1,23.94,62.86
2022-03-16 16:13,10,26.02,48.98
2022-03-16 16:13,11,24.63,44.08
2022-03-16 16:14,8,26.37,42.86
2022-03-16 16:15,9,24.98,46.12
2022-03-16 16:20,4,25.33,60.82
2022-03-16 16:23,3,25.67,44.08
2022-03-16 16:23,7,24.29,42.04
2022-03-16 16:25,6,24.29,41.63
2022-03-16 16:26,12,24.98,38.37
2022-03-16 16:27,1,24.29,62.86
2022-03-16 16:30,5,23.94,41.22
2022-03-16 16:33,10,26.37,48.98
2022-03-16 16:33,11,24.98,43.67
2022-03-16 16:34,8,26.71,43.27
2022-03-16 16:35,9,25.33,46.12
2022-03-16 16:39,4,25.67,60.82
2022-03-16 16:43,3,25.67,44.08
2022-03-16 16:43,7,24.29,42.45
2022-03-16 16:45,6,24.29,41.63
2022-03-16 16:46,1,24.29,62.86
2022-03-16 16:46,12,25.33,37.96
2022-03-16 16:50,5,24.29,41.22
2022-03-16 16:53,10,26.71,48.98
2022-03-16 16:53,11,24.98,43.67
2022-03-16 16:54,8,26.71,43.27
2022-03-16 16:55,9,25.33,46.12
2022-03-16 16:59,4,25.67,60.82
2022-03-16 17:03,3,26.02,44.08
2022-03-16 17:03,7,24.63,42.04
2022-03-16 17:05,6,24.63,41.22
2022-03-16 17:06,1,24.29,62.86
2022-03-16 17:06,12,25.33,37.96
2022-03-16 17:10,5,24.29,41.22
2022-03-16 17:13,11,25.33,43.67
2022-03-16 17:14,8,27.06,43.27
2022-03-16 17:15,9,25.67,46.12
2022-03-16 17:19,4,25.67,60.82
2022-03-16 17:23,3,26.02,44.08
2022-03-16 17:25,6,24.63,41.63
2022-03-16 17:26,1,24.63,62.86
2022-03-16 17:26,12,25.67,37.96
2022-03-16 17:30,5,24.63,41.22
2022-03-16 17:33,10,27.41,48.57
2022-03-16 17:33,11,25.33,43.67
2022-03-16 17:34,8,27.06,43.27
2022-03-16 17:35,9,25.67,46.12
2022-03-16 17:39,4,26.02,60.82
2022-03-16 17:42,7,24.63,41.63
2022-03-16 17:43,3,26.02,43.67
2022-03-16 17:45,6,24.98,41.22
2022-03-16 17:46,1,24.63,62.86
2022-03-16 17:46,12,25.67,37.96
2022-03-16 17:50,5,24.63,40.82
2022-03-16 17:53,10,27.76,48.57
2022-03-16 17:53,11,25.33,43.27
2022-03-16 17:55,9,25.67,46.12
2022-03-16 17:59,4,26.02,60.82
2022-03-16 18:02,7,24.98,41.63
2022-03-16 18:03,3,26.02,44.08
2022-03-16 18:04,6,24.98,41.22
2022-03-16 18:06,1,24.63,63.27
2022-03-16 18:06,12,26.02,37.96
2022-03-16 18:10,5,24.63,40.82
2022-03-16 18:12,10,28.1,48.57
2022-03-16 18:12,11,25.67,43.27
2022-03-16 18:14,8,27.41,42.86
2022-03-16 18:15,9,26.02,46.12
2022-03-16 18:19,4,26.02,60.82
2022-03-16 18:22,7,24.98,41.22
2022-03-16 18:23,3,26.02,44.08
2022-03-16 18:24,6,25.33,41.22
2022-03-16 18:26,1,24.98,62.86
2022-03-16 18:26,12,26.37,37.96
2022-03-16 18:30,5,24.98,40.82
2022-03-16 18:32,10,28.1,48.57
2022-03-16 18:32,11,25.67,43.27
2022-03-16 18:33,8,27.41,42.86
2022-03-16 18:35,9,26.02,45.71
2022-03-16 18:39,4,26.37,60.82
2022-03-16 18:42,7,24.98,41.22
2022-03-16 18:43,3,26.02,43.67
2022-03-16 18:44,6,25.33,41.22
2022-03-16 18:46,1,24.98,63.27
2022-03-16 18:46,12,26.71,37.96
2022-03-16 18:50,5,24.98,40.41
2022-03-16 18:52,10,28.1,48.16
2022-03-16 18:52,11,25.67,42.86
2022-03-16 18:53,8,27.06,42.86
2022-03-16 18:55,9,26.37,46.12
2022-03-16 18:59,4,26.37,60.82
2022-03-16 19:02,7,25.33,41.22
2022-03-16 19:03,3,26.37,43.67
2022-03-16 19:04,6,25.67,40.82
2022-03-16 19:06,1,24.98,62.86
2022-03-16 19:09,5,24.98,40.41
2022-03-16 19:12,10,28.1,48.16
2022-03-16 19:12,11,25.67,43.27
2022-03-16 19:13,8,27.06,42.86
2022-03-16 19:14,9,26.71,46.12
2022-03-16 19:19,4,26.37,60.41
2022-03-16 19:22,7,25.33,41.22
2022-03-16 19:23,3,26.37,43.67
2022-03-16 19:24,6,25.67,40.82
2022-03-16 19:26,1,25.33,62.86
2022-03-16 19:26,12,27.06,37.96
2022-03-16 19:29,5,25.33,40.41
2022-03-16 19:32,11,25.67,42.86
2022-03-16 19:33,8,27.06,42.86
2022-03-16 19:34,9,26.71,46.12
2022-03-16 19:39,4,26.37,60.41
2022-03-16 19:42,3,26.37,43.67
2022-03-16 19:42,7,25.33,40.82
2022-03-16 19:44,6,26.02,40.41
2022-03-16 19:45,12,27.41,37.96
2022-03-16 19:46,1,25.33,62.86
2022-03-16 19:49,5,25.33,40.41
2022-03-16 19:52,10,28.1,48.16
2022-03-16 19:52,11,25.67,42.86
2022-03-16 19:53,8,27.06,42.86
2022-03-16 19:54,9,27.06,45.71
2022-03-16 19:59,4,26.71,60.41
2022-03-16 20:02,3,26.37,43.67
2022-03-16 20:02,7,25.67,40.82
2022-03-16 20:04,6,26.02,40.41
2022-03-16 20:05,1,25.33,62.86
2022-03-16 20:05,12,27.41,37.96
2022-03-16 20:09,5,25.33,40.41
2022-03-16 20:12,10,27.76,48.16
2022-03-16 20:12,11,25.67,42.86
2022-03-16 20:13,8,27.06,42.86
2022-03-16 20:14,9,27.06,45.71
2022-03-16 20:18,4,26.71,60.82
2022-03-16 20:22,3,26.37,43.67
2022-03-16 20:22,7,25.67,40.82
2022-03-16 20:24,6,26.02,40.41
2022-03-16 20:25,1,25.33,62.86
2022-03-16 20:25,12,27.41,37.96
2022-03-16 20:29,5,25.33,40.41
2022-03-16 20:32,10,27.76,48.16
2022-03-16 20:32,11,26.02,42.86
2022-03-16 20:33,8,27.06,42.86
2022-03-16 20:34,9,27.06,45.71
2022-03-16 20:38,4,26.71,60.82
2022-03-16 20:42,3,26.37,43.67
2022-03-16 20:42,7,25.67,40.82
2022-03-16 20:44,6,26.02,40.41
2022-03-16 20:45,1,25.33,62.86
2022-03-16 20:49,5,25.33,40.41
2022-03-16 20:52,11,26.02,42.45
2022-03-16 20:54,9,27.06,45.71
2022-03-16 20:58,4,26.71,60.41
2022-03-16 21:01,7,26.02,40.41
2022-03-16 21:02,3,26.37,43.67
2022-03-16 21:04,6,26.02,40.41
2022-03-16 21:05,1,25.33,62.86
2022-03-16 21:05,12,27.41,37.55
2022-03-16 21:09,5,25.67,40.41
2022-03-16 21:12,10,27.76,48.16
2022-03-16 21:12,11,26.02,42.04
2022-03-16 21:13,8,27.06,42.45
2022-03-16 21:14,9,27.06,45.71
2022-03-16 21:18,4,26.71,60.41
2022-03-16 21:21,7,26.02,40.41
2022-03-16 21:22,3,26.37,43.27
2022-03-16 21:24,6,26.02,40.41
2022-03-16 21:25,1,25.33,62.86
2022-03-16 21:25,12,27.41,37.55
2022-03-16 21:29,5,25.67,40.41
2022-03-16 21:31,11,26.02,42.04
2022-03-16 21:32,10,27.76,48.16
2022-03-16 21:33,8,27.06,42.45
2022-03-16 21:34,9,27.06,45.71
2022-03-16 21:38,4,26.71,60.41
2022-03-16 21:41,7,26.02,40.41
2022-03-16 21:42,3,26.37,43.67
2022-03-16 21:43,6,26.02,40
2022-03-16 21:45,1,25.33,62.86
2022-03-16 21:45,12,27.41,37.55
2022-03-16 21:49,5,25.67,40.41
2022-03-16 21:51,10,27.41,48.16
2022-03-16 21:51,11,26.02,42.04
2022-03-16 21:52,8,26.71,42.86
2022-03-16 21:54,9,27.06,45.71
2022-03-16 21:58,4,26.71,60
2022-03-16 22:01,7,26.02,40.41
2022-03-16 22:02,3,26.37,43.27
2022-03-16 22:03,6,26.02,40
2022-03-16 22:05,1,25.33,62.86
2022-03-16 22:05,12,27.41,37.55
2022-03-16 22:09,5,25.33,40
2022-03-16 22:11,11,26.02,42.45
2022-03-16 22:12,8,26.71,42.86
2022-03-16 22:13,9,27.06,45.31
2022-03-16 22:18,4,26.71,60
2022-03-16 22:21,7,26.02,40.41
2022-03-16 22:22,3,26.37,43.27
2022-03-16 22:23,6,26.02,40
2022-03-16 22:25,1,25.33,62.86
2022-03-16 22:25,12,27.06,37.55
2022-03-16 22:31,10,27.41,48.16
2022-03-16 22:31,11,26.02,42.45
2022-03-16 22:32,8,26.71,42.86
2022-03-16 22:33,9,27.06,45.31
2022-03-16 22:38,4,26.37,60
2022-03-16 22:41,3,26.37,43.27
2022-03-16 22:41,7,26.02,40.41
2022-03-16 22:43,6,26.02,40
2022-03-16 22:44,1,25.33,62.86
2022-03-16 22:44,12,27.06,37.55
2022-03-16 22:48,5,25.33,40
2022-03-16 22:51,10,27.06,48.16
2022-03-16 22:51,11,25.67,42.45
2022-03-16 22:52,8,26.71,42.86
2022-03-16 22:53,9,26.71,45.31
2022-03-16 22:58,4,26.37,60
2022-03-16 23:01,3,26.37,43.27
2022-03-16 23:01,7,26.02,40
2022-03-16 23:03,6,26.02,40
2022-03-16 23:04,1,25.33,62.86
2022-03-16 23:04,12,27.06,37.55
2022-03-16 23:08,5,25.33,40
2022-03-16 23:11,10,27.06,48.16
2022-03-16 23:11,11,25.67,42.45
2022-03-16 23:12,8,26.71,42.86
2022-03-16 23:13,9,26.71,45.31
2022-03-16 23:17,4,26.37,60
2022-03-16 23:21,3,26.02,43.27
2022-03-16 23:21,7,25.67,40
2022-03-16 23:23,6,26.02,40
2022-03-16 23:24,1,25.33,62.86
2022-03-16 23:24,12,26.71,37.14
2022-03-16 23:28,5,25.33,40
2022-03-16 23:31,10,26.71,48.16
2022-03-16 23:31,11,25.67,42.45
2022-03-16 23:32,8,26.37,42.86
2022-03-16 23:33,9,26.71,45.31
2022-03-16 23:37,4,26.37,60
2022-03-16 23:41,3,26.02,43.27
2022-03-16 23:41,7,25.67,40.41
2022-03-16 23:43,6,25.67,40
2022-03-16 23:44,1,25.33,62.86
2022-03-16 23:44,12,26.71,37.55
2022-03-16 23:48,5,25.33,40
2022-03-16 23:51,10,26.71,48.16
2022-03-16 23:51,11,25.67,42.45
2022-03-16 23:52,8,26.37,42.86
2022-03-16 23:53,9,26.71,45.31
2022-03-16 23:57,4,26.02,60
2022-03-17 00:00,7,25.67,40.41
2022-03-17 00:01,3,26.02,43.27
2022-03-17 00:03,6,25.67,40.41
2022-03-17 00:04,1,25.33,62.86
2022-03-17 00:04,12,26.37,37.55
2022-03-17 00:08,5,25.33,40
2022-03-17 00:10,11,25.67,42.86
2022-03-17 00:12,8,26.02,42.86
2022-03-17 00:13,9,26.37,45.31
2022-03-17 00:17,4,26.02,60
2022-03-17 00:20,7,25.67,40.41
2022-03-17 00:21,3,26.02,43.27
2022-03-17 00:23,6,25.67,40
2022-03-17 00:24,1,25.33,62.86
2022-03-17 00:24,12,26.37,37.55
2022-03-17 00:28,5,24.98,40
2022-03-17 00:30,11,25.33,42.86
2022-03-17 00:31,10,26.37,48.16
2022-03-17 00:32,8,26.02,42.86
2022-03-17 00:33,9,26.37,45.31
2022-03-17 00:37,4,26.02,60
2022-03-17 00:40,7,25.67,40.41
2022-03-17 00:41,3,25.67,43.27
2022-03-17 00:43,6,25.67,40.41
2022-03-17 00:44,1,24.98,62.86
2022-03-17 00:44,12,26.37,37.55
2022-03-17 00:48,5,24.98,40.41
2022-03-17 00:50,11,25.33,42.86
2022-03-17 00:52,8,26.02,42.86
2022-03-17 00:52,9,26.37,45.31
2022-03-17 00:57,4,26.02,60
2022-03-17 01:01,3,25.67,43.27
2022-03-17 01:03,6,25.33,40.41
2022-03-17 01:04,1,24.98,62.86
2022-03-17 01:08,5,24.98,40
2022-03-17 01:10,11,25.33,42.86
2022-03-17 01:11,8,26.02,42.86
2022-03-17 01:11,10,26.02,47.76
2022-03-17 01:12,9,26.02,45.31
2022-03-17 01:17,4,25.67,60
2022-03-17 01:20,7,25.33,40.41
2022-03-17 01:21,3,25.67,43.27
2022-03-17 01:22,6,25.33,40.41
2022-03-17 01:24,1,24.98,62.86
2022-03-17 01:24,12,26.02,37.55
2022-03-17 01:27,5,24.98,40.41
2022-03-17 01:30,10,26.02,48.16
2022-03-17 01:30,11,25.33,42.86
2022-03-17 01:31,8,25.67,42.86
2022-03-17 01:37,4,25.67,60
2022-03-17 01:40,7,25.33,40.41
2022-03-17 01:41,3,25.67,43.27
2022-03-17 01:42,6,25.33,40.41
2022-03-17 01:43,1,24.98,62.86
2022-03-17 01:44,12,26.02,37.55
2022-03-17 01:47,5,24.63,40.41
2022-03-17 01:50,11,25.33,42.86
2022-03-17 01:51,8,25.67,42.86
2022-03-17 01:52,9,26.02,45.31
2022-03-17 01:57,4,25.67,60
2022-03-17 02:00,3,25.33,43.27
2022-03-17 02:00,7,25.33,40.41
2022-03-17 02:02,6,25.33,40.41
2022-03-17 02:03,1,24.98,62.86
2022-03-17 02:03,12,25.67,37.55
2022-03-17 02:10,10,25.67,48.16
2022-03-17 02:10,11,24.98,42.86
2022-03-17 02:11,8,25.67,42.86
2022-03-17 02:12,9,25.67,45.31
2022-03-17 02:17,4,25.33,60
2022-03-17 02:20,3,25.33,43.67
2022-03-17 02:20,7,25.33,40.41
2022-03-17 02:22,6,25.33,40.41
2022-03-17 02:23,1,24.98,62.86
2022-03-17 02:23,12,25.67,37.55
2022-03-17 02:27,5,24.63,40.41
2022-03-17 02:30,10,25.67,48.16
2022-03-17 02:30,11,24.98,42.86
2022-03-17 02:31,8,25.33,42.86
2022-03-17 02:32,9,25.67,45.31
2022-03-17 02:37,4,25.33,60
2022-03-17 02:40,3,25.33,43.67
2022-03-17 02:40,7,25.33,40.41
2022-03-17 02:42,6,24.98,40.41
2022-03-17 02:43,1,24.63,62.86
2022-03-17 02:43,12,25.33,37.55
2022-03-17 02:47,5,24.63,40.41
2022-03-17 02:50,10,25.33,48.16
2022-03-17 02:50,11,24.98,42.86
2022-03-17 02:51,8,25.33,42.86
2022-03-17 02:52,9,25.67,45.31
2022-03-17 02:56,4,25.33,60.41
2022-03-17 03:00,3,25.33,43.67
2022-03-17 03:00,7,24.98,40.41
2022-03-17 03:02,6,24.98,40.41
2022-03-17 03:03,1,24.63,62.86
2022-03-17 03:03,12,25.33,37.55
2022-03-17 03:07,5,24.29,40.41
2022-03-17 03:10,10,25.33,48.16
2022-03-17 03:10,11,24.98,42.86
2022-03-17 03:11,8,25.33,42.86
2022-03-17 03:12,9,25.33,45.31
2022-03-17 03:16,4,25.33,60
2022-03-17 03:19,7,24.98,40.41
2022-03-17 03:20,3,24.98,43.67
2022-03-17 03:22,6,24.98,40.41
2022-03-17 03:23,1,24.63,62.86
2022-03-17 03:23,12,25.33,37.55
2022-03-17 03:27,5,24.29,40.41
2022-03-17 03:29,11,24.98,43.27
2022-03-17 03:30,10,25.33,48.16
2022-03-17 03:31,8,24.98,42.86
2022-03-17 03:32,9,25.33,44.9
2022-03-17 03:36,4,25.33,60
2022-03-17 03:39,7,24.98,40.82
2022-03-17 03:40,3,24.98,43.67
2022-03-17 03:42,6,24.98,40.82
2022-03-17 03:43,1,24.63,62.86
2022-03-17 03:43,12,25.33,37.55
2022-03-17 03:47,5,24.29,40.41
2022-03-17 03:49,11,24.63,43.27
2022-03-17 03:50,10,24.98,48.16
2022-03-17 03:51,8,24.98,43.27
2022-03-17 03:52,9,25.33,44.9
2022-03-17 03:56,4,24.98,60
2022-03-17 03:59,7,24.98,40.82
2022-03-17 04:00,3,24.98,43.67
2022-03-17 04:02,6,24.63,40.82
2022-03-17 04:03,1,24.63,62.45
2022-03-17 04:03,12,24.98,37.55
2022-03-17 04:07,5,24.29,40.41
2022-03-17 04:09,11,24.63,43.27
2022-03-17 04:10,10,24.98,48.16
2022-03-17 04:11,8,24.98,42.86
2022-03-17 04:11,9,25.33,45.31
2022-03-17 04:16,4,24.98,59.59
2022-03-17 04:19,7,24.98,40.82
2022-03-17 04:20,3,24.98,43.67
2022-03-17 04:22,6,24.63,40.82
2022-03-17 04:23,1,24.63,62.45
2022-03-17 04:23,12,24.98,37.55
2022-03-17 04:27,5,24.29,40.41
2022-03-17 04:29,11,24.63,43.27
2022-03-17 04:30,10,24.98,48.16
2022-03-17 04:31,8,24.98,42.86
2022-03-17 04:31,9,24.98,45.31
2022-03-17 04:36,4,24.98,60
2022-03-17 04:39,7,24.63,40.82
2022-03-17 04:40,3,24.63,43.67
2022-03-17 04:42,6,24.63,40.82
2022-03-17 04:43,1,24.29,62.86
2022-03-17 04:43,12,24.98,37.55
2022-03-17 04:46,5,23.94,40.41
2022-03-17 04:49,11,24.63,43.27
2022-03-17 04:50,8,24.63,42.86
2022-03-17 04:51,9,24.98,45.31
2022-03-17 04:56,4,24.98,59.59
2022-03-17 04:59,7,24.63,40.41
2022-03-17 05:00,3,24.63,43.67
2022-03-17 05:01,6,24.63,40.82
2022-03-17 05:02,1,24.29,62.45
2022-03-17 05:03,12,24.98,37.55
2022-03-17 05:06,5,23.94,40.41
2022-03-17 05:09,11,24.63,43.27
2022-03-17 05:10,8,24.63,42.86
2022-03-17 05:10,10,24.63,48.16
2022-03-17 05:11,9,24.98,45.31
2022-03-17 05:16,4,24.63,60
2022-03-17 05:19,7,24.63,40.82
2022-03-17 05:20,3,24.63,43.67
2022-03-17 05:21,6,24.29,40.82
2022-03-17 05:22,1,24.29,62.45
2022-03-17 05:22,12,24.63,37.55
2022-03-17 05:26,5,23.94,40.41
2022-03-17 05:29,11,24.29,43.27
2022-03-17 05:30,8,24.63,42.86
2022-03-17 05:31,9,24.98,44.9
2022-03-17 05:36,4,24.63,60
2022-03-17 05:39,3,24.63,43.67
2022-03-17 05:39,7,24.63,40.82
2022-03-17 05:41,6,24.29,40.82
2022-03-17 05:42,1,24.29,62.45
2022-03-17 05:42,12,24.63,37.55
2022-03-17 05:46,5,23.94,40.41
2022-03-17 05:49,10,24.63,48.16
2022-03-17 05:49,11,24.29,43.67
2022-03-17 05:50,8,24.63,43.27
2022-03-17 05:51,9,24.63,45.31
2022-03-17 05:56,4,24.63,59.59
2022-03-17 05:59,3,24.63,43.67
2022-03-17 05:59,7,24.63,40.82
2022-03-17 06:01,6,24.29,40.82
2022-03-17 06:02,1,24.29,62.45
2022-03-17 06:02,12,24.63,37.55
2022-03-17 06:09,10,24.29,48.16
2022-03-17 06:09,11,24.29,43.67
2022-03-17 06:10,8,24.29,43.27
2022-03-17 06:11,9,24.63,45.31
2022-03-17 06:16,4,24.63,60
2022-03-17 06:19,3,24.29,43.67
2022-03-17 06:19,7,24.29,40.82
2022-03-17 06:21,6,24.29,40.82
2022-03-17 06:22,1,24.29,62.45
2022-03-17 06:22,12,24.29,37.55
2022-03-17 06:26,5,23.59,40.41
2022-03-17 06:28,11,24.29,44.08
2022-03-17 06:29,10,24.29,48.16
2022-03-17 06:30,8,24.29,43.27
2022-03-17 06:31,9,24.63,44.9
2022-03-17 06:36,4,24.29,60
2022-03-17 06:38,7,24.29,40.82
2022-03-17 06:39,3,24.29,43.67
2022-03-17 06:41,6,24.29,40.82
2022-03-17 06:42,1,23.94,62.45
2022-03-17 06:42,12,24.29,37.55
2022-03-17 06:46,5,23.59,40.82
2022-03-17 06:48,11,24.29,43.67
2022-03-17 06:49,10,24.29,48.16
2022-03-17 06:50,8,24.29,43.27
2022-03-17 06:51,9,24.63,44.9
2022-03-17 06:55,4,24.29,59.59
2022-03-17 06:58,7,24.29,40.82
2022-03-17 06:59,3,24.29,43.67
2022-03-17 07:01,6,24.29,41.22
2022-03-17 07:02,1,23.94,62.45
2022-03-17 07:02,12,24.29,37.55
2022-03-17 07:06,5,23.59,40.82
2022-03-17 07:08,11,23.94,43.67
2022-03-17 07:09,10,24.29,48.16
2022-03-17 07:11,9,24.29,44.9
2022-03-17 07:15,4,24.29,59.59
2022-03-17 07:18,7,24.29,40.82
2022-03-17 07:19,3,24.29,43.67
2022-03-17 07:21,6,23.94,40.82
2022-03-17 07:22,1,23.94,62.45
2022-03-17 07:22,12,24.29,37.55
2022-03-17 07:26,5,23.59,40.82
2022-03-17 07:28,11,23.94,44.08
2022-03-17 07:29,10,23.94,48.16
2022-03-17 07:30,8,23.94,42.86
2022-03-17 07:30,9,24.29,44.9
2022-03-17 07:35,4,24.29,59.59
2022-03-17 07:38,7,24.29,40.82
2022-03-17 07:39,3,24.29,43.67
2022-03-17 07:41,6,23.94,40.82
2022-03-17 07:42,1,23.94,62.45
2022-03-17 07:42,12,24.29,37.55
2022-03-17 07:46,5,23.24,40.82
2022-03-17 07:48,11,23.94,44.08
2022-03-17 07:49,10,23.94,48.16
2022-03-17 07:50,8,23.94,43.27
2022-03-17 07:50,9,24.29,44.9
2022-03-17 07:55,4,24.29,59.59
2022-03-17 07:58,7,23.94,40.82
2022-03-17 07:59,3,23.94,43.67
2022-03-17 08:01,1,23.94,62.45
2022-03-17 08:02,12,23.94,37.55
2022-03-17 08:06,5,23.24,40.82
2022-03-17 08:08,11,23.94,44.08
2022-03-17 08:09,10,23.94,48.16
2022-03-17 08:10,9,24.29,45.31
2022-03-17 08:15,4,23.94,59.59
2022-03-17 08:18,7,23.94,40.82
2022-03-17 08:19,3,23.94,43.67
2022-03-17 08:21,1,23.94,62.45
2022-03-17 08:21,6,23.94,40.82
2022-03-17 08:22,12,23.94,37.55
2022-03-17 08:25,5,23.24,40.82
2022-03-17 08:28,11,23.94,44.08
2022-03-17 08:29,8,23.94,42.86
2022-03-17 08:29,10,23.94,48.16
2022-03-17 08:30,9,23.94,44.9
2022-03-17 08:35,4,23.94,59.18
2022-03-17 08:38,7,23.94,40.82
2022-03-17 08:39,3,23.94,43.67
2022-03-17 08:41,1,23.59,62.45
2022-03-17 08:41,6,23.94,40.82
2022-03-17 08:42,12,23.94,37.55
2022-03-17 08:48,11,23.59,44.49
2022-03-17 08:49,8,23.94,42.86
2022-03-17 08:50,9,23.94,44.9
2022-03-17 08:55,4,23.94,59.59
2022-03-17 08:58,7,23.94,40.82
2022-03-17 08:59,3,23.94,43.67
2022-03-17 09:00,6,23.59,40.82
2022-03-17 09:01,12,23.94,37.55
2022-03-17 09:05,5,23.24,40.82
2022-03-17 09:08,11,23.59,44.49
2022-03-17 09:09,8,23.59,42.86
2022-03-17 09:09,10,23.59,47.76
2022-03-17 09:10,9,23.94,44.9
2022-03-17 09:15,4,23.94,59.18
2022-03-17 09:18,3,23.94,43.67
2022-03-17 09:18,7,23.94,41.22
2022-03-17 09:20,6,23.59,40.82
2022-03-17 09:21,1,23.59,62.04
2022-03-17 09:21,12,23.59,37.55
2022-03-17 09:25,5,23.24,40.82
2022-03-17 09:28,11,23.59,44.49
2022-03-17 09:29,8,23.59,43.27
2022-03-17 09:29,10,23.59,48.16
2022-03-17 09:30,9,23.94,44.9
2022-03-17 09:35,4,23.94,59.59
2022-03-17 09:38,3,23.59,44.08
2022-03-17 09:38,7,23.94,40.82
2022-03-17 09:40,6,23.59,40.82
2022-03-17 09:41,1,23.59,62.45
2022-03-17 09:41,12,23.59,37.55
2022-03-17 09:45,5,22.9,40.82
2022-03-17 09:48,10,23.59,48.16
2022-03-17 09:48,11,23.59,44.49
2022-03-17 09:49,8,23.59,43.67
2022-03-17 09:50,9,23.94,44.9
2022-03-17 09:55,4,23.59,59.59
2022-03-17 09:57,7,23.59,41.22
2022-03-17 09:58,3,23.59,44.49
2022-03-17 10:00,6,23.59,41.22
2022-03-17 10:01,1,23.59,62.45
2022-03-17 10:01,12,23.59,37.55
2022-03-17 10:05,5,22.9,40.82
2022-03-17 10:07,11,23.59,44.49
2022-03-17 10:08,10,23.24,47.76
2022-03-17 10:09,8,23.59,43.27
2022-03-17 10:10,9,23.59,44.9
2022-03-17 10:15,4,23.59,59.59
2022-03-17 10:17,7,23.59,41.22
2022-03-17 10:18,3,23.59,44.49
2022-03-17 10:20,6,23.59,41.22
2022-03-17 10:21,1,23.59,62.45
2022-03-17 10:21,12,23.59,37.55
2022-03-17 10:25,5,22.9,40.82
2022-03-17 10:27,11,23.59,44.49
2022-03-17 10:28,10,23.24,48.16
2022-03-17 10:29,8,23.24,42.86
2022-03-17 10:30,9,23.59,44.9
2022-03-17 10:34,4,23.59,59.59
2022-03-17 10:37,7,23.59,41.22
2022-03-17 10:38,3,23.59,44.49
2022-03-17 10:40,6,23.59,41.22
2022-03-17 10:41,1,23.59,62.45
2022-03-17 10:41,12,23.59,37.55
2022-03-17 10:45,5,22.9,40.82
2022-03-17 10:47,11,23.24,44.9
2022-03-17 10:48,10,23.24,48.16
2022-03-17 10:49,8,23.24,42.86
2022-03-17 10:50,9,23.59,44.9
2022-03-17 10:54,4,23.59,59.59
2022-03-17 10:57,7,23.59,41.22
2022-03-17 10:58,3,23.59,44.08
2022-03-17 11:00,6,23.24,41.22
2022-03-17 11:01,1,23.24,62.04
2022-03-17 11:01,12,23.24,37.55
2022-03-17 11:07,11,23.24,44.9
2022-03-17 11:08,10,23.24,48.16
2022-03-17 11:09,8,23.24,43.27
2022-03-17 11:09,9,23.59,45.31
2022-03-17 11:14,4,23.59,59.59
2022-03-17 11:17,7,23.59,41.22
2022-03-17 11:18,3,23.59,44.08
2022-03-17 11:20,1,23.24,62.45
2022-03-17 11:20,6,23.24,41.22
2022-03-17 11:21,12,23.24,37.55
2022-03-17 11:25,5,22.9,40.82
2022-03-17 11:27,11,23.24,44.9
2022-03-17 11:28,10,22.9,48.16
2022-03-17 11:29,8,23.24,43.27
2022-03-17 11:29,9,23.59,45.31
2022-03-17 11:34,4,23.59,59.59
2022-03-17 11:37,7,23.59,41.22
2022-03-17 11:38,3,23.59,43.67
2022-03-17 11:40,1,23.24,62.04
2022-03-17 11:40,6,23.24,41.22
2022-03-17 11:41,12,23.24,37.55
2022-03-17 11:47,11,23.24,44.9
2022-03-17 11:48,10,22.9,48.16
2022-03-17 11:49,8,23.24,43.27
2022-03-17 11:49,9,23.59,45.31
2022-03-17 11:54,4,23.59,59.59
2022-03-17 11:57,7,23.59,41.63
2022-03-17 11:58,3,23.59,44.08
2022-03-17 12:00,1,23.24,62.45
2022-03-17 12:00,6,23.24,41.22
2022-03-17 12:01,12,23.24,37.55
2022-03-17 12:05,5,22.9,40.82
2022-03-17 12:07,11,23.24,44.9
2022-03-17 12:08,10,22.9,48.16
2022-03-17 12:09,8,23.24,42.86
2022-03-17 12:09,9,23.59,45.31
2022-03-17 12:14,4,23.59,59.59
2022-03-17 12:17,7,23.24,41.63
2022-03-17 12:18,3,23.59,44.08
2022-03-17 12:20,1,23.24,62.45
2022-03-17 12:20,6,23.24,41.22
2022-03-17 12:21,12,23.24,37.55
2022-03-17 12:24,5,22.9,40.82
2022-03-17 12:27,11,23.24,45.31
2022-03-17 12:28,10,23.24,48.16
2022-03-17 12:29,8,23.59,43.27
2022-03-17 12:29,9,23.59,45.31
2022-03-17 12:34,4,23.59,59.59
2022-03-17 12:37,7,23.59,41.63
2022-03-17 12:38,3,23.59,44.08
2022-03-17 12:40,1,23.24,62.45
2022-03-17 12:40,6,23.24,41.22
2022-03-17 12:41,12,23.59,37.55
2022-03-17 12:44,5,22.9,40.82
2022-03-17 12:47,11,23.24,45.31
2022-03-17 12:48,10,23.24,48.16
2022-03-17 12:49,8,23.59,42.86
2022-03-17 12:49,9,23.59,45.31
2022-03-17 12:54,4,23.59,59.59
2022-03-17 12:57,7,23.59,41.63
2022-03-17 12:58,3,23.94,44.08
2022-03-17 13:00,1,23.24,62.45
2022-03-17 13:00,6,23.59,41.22
2022-03-17 13:01,12,23.59,37.55
2022-03-17 13:04,5,22.9,40.82
2022-03-17 13:07,11,23.59,45.31
2022-03-17 13:08,8,23.59,43.27
2022-03-17 13:09,9,23.59,45.31
2022-03-17 13:14,4,23.94,59.59
2022-03-17 13:17,7,23.59,41.63
2022-03-17 13:18,3,23.94,44.08
2022-03-17 13:20,1,23.24,62.45
2022-03-17 13:20,6,23.59,41.22
2022-03-17 13:20,12,23.59,37.55
2022-03-17 13:24,5,22.9,40.82
2022-03-17 13:27,11,23.59,45.31
2022-03-17 13:28,8,23.94,42.86
2022-03-17 13:29,9,23.94,45.31
2022-03-17 13:34,4,23.94,59.59
2022-03-17 13:37,7,23.59,41.63
2022-03-17 13:38,3,23.94,44.49
2022-03-17 13:40,1,23.59,62.45
2022-03-17 13:40,6,23.59,41.22
2022-03-17 13:40,12,23.94,37.55
2022-03-17 13:44,5,22.9,40.82
2022-03-17 13:47,11,23.59,45.31
2022-03-17 13:48,10,23.59,48.16
2022-03-17 13:49,9,23.94,45.31
2022-03-17 13:54,4,23.94,59.59
2022-03-17 13:57,7,23.59,41.22
2022-03-17 13:58,3,24.29,44.08
2022-03-17 14:00,1,23.59,62.45
2022-03-17 14:00,6,23.59,41.22
2022-03-17 14:00,12,23.94,37.55
2022-03-17 14:04,5,23.24,40.82
2022-03-17 14:07,11,23.59,45.31
2022-03-17 14:08,8,24.29,42.86
2022-03-17 14:08,10,23.94,48.16
2022-03-17 14:09,9,24.29,45.31
2022-03-17 14:14,4,24.29,60
2022-03-17 14:17,3,24.63,44.08
2022-03-17 14:17,7,23.59,41.22
2022-03-17 14:20,1,23.59,62.45
2022-03-17 14:20,6,23.94,40.82
2022-03-17 14:20,12,24.29,37.55
2022-03-17 14:24,5,23.24,40.82
2022-03-17 14:27,11,23.94,45.31
2022-03-17 14:28,8,24.63,42.86
2022-03-17 14:28,10,24.29,48.16
2022-03-17 14:29,9,24.29,45.31
2022-03-17 14:34,4,24.63,59.59
2022-03-17 14:37,3,24.63,44.08
2022-03-17 14:40,1,23.59,62.45
2022-03-17 14:40,6,23.94,40.82
2022-03-17 14:40,12,24.63,37.55
2022-03-17 14:44,5,23.59,40.82
2022-03-17 14:47,11,23.94,45.31
2022-03-17 14:48,8,24.98,42.86
2022-03-17 14:49,9,24.63,45.31
2022-03-17 14:54,4,24.63,59.59
2022-03-17 14:56,7,23.94,41.22
2022-03-17 14:57,3,24.98,44.08
2022-03-17 15:00,1,23.94,62.04
2022-03-17 15:00,6,23.94,40.82
2022-03-17 15:00,12,24.63,37.55
2022-03-17 15:04,5,23.59,40.82
2022-03-17 15:06,11,24.29,45.31
2022-03-17 15:08,8,25.33,42.45
2022-03-17 15:08,10,25.33,47.76
2022-03-17 15:09,9,24.63,45.31
2022-03-17 15:14,4,24.98,60
2022-03-17 15:16,7,23.94,40.82
2022-03-17 15:17,3,25.33,44.08
2022-03-17 15:19,1,23.94,62.04
2022-03-17 15:19,6,24.29,40.82
2022-03-17 15:20,12,24.98,37.55
2022-03-17 15:24,5,23.94,40.41
2022-03-17 15:26,11,24.29,45.31
2022-03-17 15:28,8,25.67,42.45
2022-03-17 15:28,10,25.67,47.76
2022-03-17 15:29,9,24.98,45.71
2022-03-17 15:34,4,24.98,60
2022-03-17 15:36,7,24.29,40.82
2022-03-17 15:37,3,25.33,44.08
2022-03-17 15:39,1,24.29,62.04
2022-03-17 15:39,6,24.29,40.82
2022-03-17 15:40,12,24.98,37.55
2022-03-17 15:44,5,23.94,40.41
2022-03-17 15:46,11,24.63,44.9
2022-03-17 15:48,8,26.02,42.45
2022-03-17 15:48,9,24.98,45.71
2022-03-17 15:48,10,26.02,47.76
2022-03-17 15:53,4,25.33,60.41
2022-03-17 15:56,7,24.29,40.41
2022-03-17 15:57,3,25.67,43.67
2022-03-17 15:59,1,24.29,62.04
2022-03-17 15:59,6,24.63,40.41
2022-03-17 16:00,12,25.33,37.14
2022-03-17 16:04,5,24.29,40
2022-03-17 16:06,11,24.98,44.9
2022-03-17 16:07,10,26.37,47.76
2022-03-17 16:08,9,25.33,45.31
2022-03-17 16:13,4,25.67,60.41
2022-03-17 16:16,7,24.63,40.41
2022-03-17 16:17,3,25.67,44.08
2022-03-17 16:19,1,24.29,61.63
2022-03-17 16:19,6,24.63,40.41
2022-03-17 16:20,12,25.33,37.14
2022-03-17 16:24,5,24.29,40
2022-03-17 16:26,11,24.98,44.9
2022-03-17 16:27,10,26.71,47.76
2022-03-17 16:28,8,26.37,42.04
2022-03-17 16:28,9,25.33,45.31
2022-03-17 16:33,4,25.67,59.59
2022-03-17 16:37,3,26.02,44.08
2022-03-17 16:39,1,24.63,61.63
2022-03-17 16:39,6,24.63,40.41
2022-03-17 16:40,12,25.33,37.14
2022-03-17 16:44,5,24.63,40
2022-03-17 16:46,11,25.33,44.49
2022-03-17 16:47,10,27.06,47.76
2022-03-17 16:48,8,26.71,42.45
2022-03-17 16:48,9,25.33,45.31
2022-03-17 16:53,4,26.02,59.59
2022-03-17 16:56,7,24.63,40
2022-03-17 16:57,3,26.02,43.67
2022-03-17 16:59,1,24.63,61.63
2022-03-17 16:59,6,24.98,40.41
2022-03-17 17:00,12,25.67,37.14
2022-03-17 17:03,5,24.63,40
2022-03-17 17:06,11,25.33,44.49
2022-03-17 17:07,10,27.76,47.35
2022-03-17 17:08,8,27.06,42.04
2022-03-17 17:08,9,25.67,45.71
2022-03-17 17:13,4,26.02,59.18
2022-03-17 17:16,7,24.98,40
2022-03-17 17:17,3,26.02,44.08
2022-03-17 17:19,1,24.63,61.63
2022-03-17 17:19,6,24.98,40
2022-03-17 17:20,12,25.67,37.14
2022-03-17 17:23,5,24.63,39.59
2022-03-17 17:26,11,25.67,44.49
2022-03-17 17:27,10,28.1,47.35
2022-03-17 17:28,8,27.41,42.04
2022-03-17 17:28,9,25.67,45.31
2022-03-17 17:33,4,26.37,59.59
2022-03-17 17:36,7,24.98,39.59
2022-03-17 17:37,3,26.37,43.67
2022-03-17 17:39,1,24.98,61.63
2022-03-17 17:39,6,24.98,40
2022-03-17 17:39,12,26.02,37.14
2022-03-17 17:43,5,24.98,39.59
2022-03-17 17:46,11,25.67,44.49
2022-03-17 17:47,8,27.41,42.04
2022-03-17 17:47,10,28.45,47.35
2022-03-17 17:48,9,25.67,45.31
2022-03-17 17:53,4,26.37,59.18
2022-03-17 17:56,7,24.98,39.59
2022-03-17 17:57,3,26.37,43.67
2022-03-17 17:59,1,24.98,61.63
2022-03-17 17:59,6,25.33,40
2022-03-17 17:59,12,26.37,37.14
2022-03-17 18:03,5,24.98,39.59
2022-03-17 18:06,11,25.67,44.49
2022-03-17 18:07,10,28.8,46.94
2022-03-17 18:08,9,26.02,45.31
2022-03-17 18:13,4,26.37,59.18
2022-03-17 18:16,3,26.37,43.67
2022-03-17 18:16,7,25.33,39.59
2022-03-17 18:19,1,24.98,61.63
2022-03-17 18:19,6,25.33,39.59
2022-03-17 18:19,12,26.37,37.14
2022-03-17 18:23,5,24.98,39.59
2022-03-17 18:26,11,26.02,44.49
2022-03-17 18:28,9,26.02,45.31
2022-03-17 18:33,4,26.71,58.78
2022-03-17 18:35,7,25.33,39.18
2022-03-17 18:36,3,26.37,43.67
2022-03-17 18:39,1,25.33,61.63
2022-03-17 18:39,6,25.67,39.59
2022-03-17 18:39,12,26.71,37.14
2022-03-17 18:43,5,25.33,39.59
2022-03-17 18:45,11,26.02,44.08
2022-03-17 18:47,8,27.76,41.63
2022-03-17 18:48,9,26.37,45.31
2022-03-17 18:53,4,26.71,59.18
2022-03-17 18:55,7,25.33,39.18
2022-03-17 18:58,1,25.33,61.22
2022-03-17 18:59,6,25.67,39.18
2022-03-17 18:59,12,27.41,37.14
2022-03-17 19:03,5,25.33,39.59
2022-03-17 19:05,11,26.02,44.08
2022-03-17 19:07,8,27.76,42.04
2022-03-17 19:07,10,29.14,46.94
2022-03-17 19:08,9,26.37,45.31
2022-03-17 19:13,4,26.71,59.18
2022-03-17 19:15,7,25.67,39.18
2022-03-17 19:16,3,26.37,43.27
2022-03-17 19:18,1,25.33,61.22
2022-03-17 19:19,6,26.02,39.18
2022-03-17 19:19,12,27.41,37.14
2022-03-17 19:23,5,25.33,39.18
2022-03-17 19:25,11,26.02,44.08
2022-03-17 19:27,8,27.76,42.04
2022-03-17 19:27,9,26.71,45.31
2022-03-17 19:33,4,26.71,58.78
2022-03-17 19:36,3,26.71,43.27
2022-03-17 19:38,1,25.67,61.22
2022-03-17 19:38,6,26.02,39.18
2022-03-17 19:39,12,27.76,36.73
2022-03-17 19:43,5,25.67,39.18
2022-03-17 19:45,11,26.02,44.08
2022-03-17 19:46,10,29.14,46.94
2022-03-17 19:47,8,27.41,41.63
2022-03-17 19:47,9,26.71,45.31
2022-03-17 19:52,4,26.71,58.78
2022-03-17 19:55,7,25.67,38.78
2022-03-17 19:56,3,26.71,43.27
2022-03-17 19:58,1,25.67,61.22
2022-03-17 19:58,6,26.37,38.78
2022-03-17 19:59,12,27.76,36.73
2022-03-17 20:03,5,25.67,39.18
2022-03-17 20:05,11,26.02,44.08
2022-03-17 20:06,10,28.8,46.94
2022-03-17 20:07,8,27.41,42.04
2022-03-17 20:07,9,27.06,45.31
2022-03-17 20:12,4,27.06,58.78
2022-03-17 20:15,7,26.02,38.78
2022-03-17 20:16,3,26.71,43.27
2022-03-17 20:18,1,25.67,60.82
2022-03-17 20:18,6,26.37,38.78
2022-03-17 20:19,12,28.1,36.73
2022-03-17 20:22,5,25.67,39.18
2022-03-17 20:25,11,26.02,44.08
2022-03-17 20:26,10,28.8,46.53
2022-03-17 20:27,8,27.41,41.63
2022-03-17 20:27,9,27.06,44.9
2022-03-17 20:32,4,27.06,58.78
2022-03-17 20:35,7,26.02,38.78
2022-03-17 20:36,3,26.71,43.27
2022-03-17 20:38,1,25.67,61.22
2022-03-17 20:38,6,26.37,38.78
2022-03-17 20:39,12,28.1,36.73
2022-03-17 20:42,5,25.67,39.18
2022-03-17 20:45,11,26.02,44.08
2022-03-17 20:46,10,28.8,46.53
2022-03-17 20:47,8,27.41,41.63
2022-03-17 20:47,9,27.06,44.9
2022-03-17 20:52,4,27.06,58.78
2022-03-17 20:55,7,26.02,38.78
2022-03-17 20:56,3,26.71,42.86
2022-03-17 20:58,1,25.67,61.22
2022-03-17 20:58,6,26.37,38.78
2022-03-17 20:58,12,28.1,36.73
2022-03-17 21:02,5,25.67,39.18
2022-03-17 21:05,11,26.02,44.08
2022-03-17 21:06,8,27.41,41.63
2022-03-17 21:06,10,28.8,46.53
2022-03-17 21:07,9,27.06,44.9
2022-03-17 21:12,4,27.06,58.37
2022-03-17 21:15,7,26.02,38.37
2022-03-17 21:16,3,26.71,43.27
2022-03-17 21:18,1,25.67,60.82
2022-03-17 21:18,6,26.37,38.78
2022-03-17 21:18,12,28.1,37.14
2022-03-17 21:22,5,25.67,39.18
2022-03-17 21:25,11,26.02,43.67
2022-03-17 21:26,8,27.41,41.63
2022-03-17 21:26,10,28.45,46.53
2022-03-17 21:27,9,27.06,44.9
2022-03-17 21:32,4,27.06,58.37
2022-03-17 21:34,7,26.02,38.37
2022-03-17 21:35,3,26.71,42.86
2022-03-17 21:38,1,25.67,61.22
2022-03-17 21:38,6,26.37,38.78
2022-03-17 21:38,12,28.1,36.73
2022-03-17 21:42,5,25.67,39.18
2022-03-17 21:45,11,26.37,43.67
2022-03-17 21:46,8,27.41,41.63
2022-03-17 21:46,10,28.45,46.53
2022-03-17 21:47,9,27.06,44.9
2022-03-17 21:52,4,27.06,58.37
2022-03-17 21:54,7,26.37,38.37
2022-03-17 21:55,3,26.71,42.86
2022-03-17 21:58,1,25.67,60.82
2022-03-17 21:58,6,26.37,38.37
2022-03-17 21:58,12,28.1,36.73
2022-03-17 22:02,5,25.67,38.78
2022-03-17 22:04,11,26.37,43.67
2022-03-17 22:06,8,27.41,41.63
2022-03-17 22:06,9,27.06,44.9
2022-03-17 22:06,10,28.45,46.53
2022-03-17 22:12,4,27.06,58.37
2022-03-17 22:14,7,26.37,38.37
2022-03-17 22:15,3,26.71,42.86
2022-03-17 22:17,1,25.67,60.82
2022-03-17 22:18,6,26.37,38.78
2022-03-17 22:18,12,27.76,36.73
2022-03-17 22:22,5,25.67,38.78
2022-03-17 22:24,11,26.37,43.67
2022-03-17 22:26,8,27.06,41.63
2022-03-17 22:26,9,27.06,44.9
2022-03-17 22:26,10,28.1,46.53
2022-03-17 22:32,4,26.71,58.37
2022-03-17 22:34,7,26.37,38.37
2022-03-17 22:35,3,26.71,42.86
2022-03-17 22:37,1,25.67,60.82
2022-03-17 22:37,6,26.37,38.37
2022-03-17 22:38,12,27.76,36.73
2022-03-17 22:42,5,25.67,38.78
2022-03-17 22:44,11,26.02,43.27
2022-03-17 22:46,8,27.06,41.22
2022-03-17 22:46,9,27.06,44.49
2022-03-17 22:46,10,28.1,46.53
2022-03-17 22:51,4,26.71,58.37
2022-03-17 22:54,7,26.02,38.37
2022-03-17 22:55,3,26.71,42.86
2022-03-17 22:57,1,25.67,60.82
2022-03-17 22:57,6,26.37,38.37
2022-03-17 22:58,12,27.76,36.33
2022-03-17 23:02,5,25.67,38.78
2022-03-17 23:04,11,26.02,43.27
2022-03-17 23:05,10,28.1,46.53
2022-03-17 23:06,8,27.06,41.63
2022-03-17 23:06,9,26.71,44.49
2022-03-17 23:11,4,26.71,57.96
2022-03-17 23:14,7,26.02,38.37
2022-03-17 23:15,3,26.37,42.86
2022-03-17 23:17,1,25.67,60.82
2022-03-17 23:17,6,26.37,38.37
2022-03-17 23:18,12,27.41,36.33
2022-03-17 23:21,5,25.67,38.78
2022-03-17 23:24,11,26.02,43.27
2022-03-17 23:25,10,27.76,46.12
2022-03-17 23:26,8,27.06,41.63
2022-03-17 23:26,9,26.71,44.49
2022-03-17 23:31,4,26.71,57.96
2022-03-17 23:34,7,26.02,38.37
2022-03-17 23:35,3,26.37,42.86
2022-03-17 23:37,1,25.67,60.82
2022-03-17 23:37,6,26.37,38.37
2022-03-17 23:38,12,27.41,36.33
2022-03-17 23:41,5,25.67,38.78
2022-03-17 23:44,11,26.02,43.27
2022-03-17 23:45,10,27.76,46.12
2022-03-17 23:46,8,26.71,41.63
2022-03-17 23:46,9,26.71,44.49
2022-03-17 23:51,4,26.71,58.37
2022-03-17 23:54,7,26.02,38.37
2022-03-17 23:55,3,26.37,42.86
2022-03-17 23:57,1,25.67,60.82
2022-03-17 23:57,6,26.02,38.78
2022-03-17 23:57,12,27.41,36.33
2022-03-18 00:01,5,25.67,38.78
2022-03-18 00:04,11,26.02,43.27
2022-03-18 00:05,10,27.41,46.53
2022-03-18 00:06,9,26.71,44.49
2022-03-18 00:11,4,26.37,58.37
2022-03-18 00:14,7,26.02,38.37
2022-03-18 00:15,3,26.37,42.86
2022-03-18 00:17,1,25.67,60.82
2022-03-18 00:17,6,26.02,38.78
2022-03-18 00:17,12,27.06,36.33
2022-03-18 00:21,5,25.67,38.78
2022-03-18 00:24,11,26.02,43.27
2022-03-18 00:25,8,26.71,41.22
2022-03-18 00:25,10,27.41,46.53
2022-03-18 00:26,9,26.37,44.49
2022-03-18 00:31,4,26.37,58.37
2022-03-18 00:33,7,26.02,38.37
2022-03-18 00:35,3,26.02,42.86
2022-03-18 00:37,1,25.33,60.82
2022-03-18 00:37,6,26.02,38.78
2022-03-18 00:37,12,27.06,36.33
2022-03-18 00:41,5,25.33,38.78
2022-03-18 00:44,11,25.67,43.27
2022-03-18 00:45,8,26.71,41.63
2022-03-18 00:45,10,27.41,46.53
2022-03-18 00:46,9,26.37,44.49
2022-03-18 00:51,4,26.37,58.37
2022-03-18 00:53,7,26.02,38.37
2022-03-18 00:54,3,26.02,42.86
2022-03-18 00:57,1,25.33,60.82
2022-03-18 00:57,6,26.02,38.78
2022-03-18 00:57,12,27.06,36.33
2022-03-18 01:01,5,25.33,38.78
2022-03-18 01:04,11,25.67,43.67
2022-03-18 01:05,8,26.37,41.63
2022-03-18 01:05,9,26.37,44.49
2022-03-18 01:05,10,27.06,46.53
2022-03-18 01:11,4,26.37,57.96
2022-03-18 01:13,7,26.02,38.37
2022-03-18 01:14,3,26.02,42.86
2022-03-18 01:17,1,25.33,60.82
2022-03-18 01:17,12,26.71,36.33
2022-03-18 01:21,5,25.33,38.78
2022-03-18 01:23,11,25.67,43.27
2022-03-18 01:25,8,26.37,41.63
2022-03-18 01:25,9,26.37,44.49
2022-03-18 01:25,10,27.06,46.53
2022-03-18 01:31,4,26.37,57.96
2022-03-18 01:33,7,25.67,38.37
2022-03-18 01:34,3,26.02,42.86
2022-03-18 01:36,1,25.33,60.82
2022-03-18 01:37,6,25.67,38.78
2022-03-18 01:37,12,26.71,36.33
2022-03-18 01:41,5,25.33,38.78
2022-03-18 01:43,11,25.67,43.27
2022-03-18 01:45,8,26.37,41.63
2022-03-18 01:45,9,26.37,44.49
2022-03-18 01:45,10,27.06,46.53
2022-03-18 01:51,4,26.02,57.96
2022-03-18 01:53,7,25.67,38.37
2022-03-18 01:54,3,26.02,42.86
2022-03-18 01:56,1,25.33,60.82
2022-03-18 01:57,6,25.67,38.78
2022-03-18 01:57,12,26.71,36.33
2022-03-18 02:01,5,25.33,38.78
2022-03-18 02:03,11,25.67,43.27
2022-03-18 02:05,9,26.02,44.08
2022-03-18 02:05,10,26.71,46.53
2022-03-18 02:11,4,26.02,58.37
2022-03-18 02:13,7,25.67,38.37
2022-03-18 02:14,3,26.02,42.86
2022-03-18 02:16,1,25.33,60.82
2022-03-18 02:17,6,25.67,38.78
2022-03-18 02:17,12,26.71,36.33
2022-03-18 02:21,5,24.98,38.78
2022-03-18 02:23,11,25.67,43.27
2022-03-18 02:25,8,26.37,41.22
2022-03-18 02:25,9,26.02,44.49
2022-03-18 02:25,10,26.71,46.53
2022-03-18 02:31,4,26.02,57.96
2022-03-18 02:33,7,25.67,38.37
2022-03-18 02:34,3,25.67,42.86
2022-03-18 02:36,1,25.33,60.82
2022-03-18 02:36,6,25.67,38.78
2022-03-18 02:37,12,26.37,36.33
2022-03-18 02:40,5,24.98,39.18
2022-03-18 02:43,11,25.33,43.27
2022-03-18 02:45,8,26.02,41.63
2022-03-18 02:45,9,26.02,44.49
2022-03-18 02:50,4,26.02,58.37
2022-03-18 02:53,7,25.67,38.37
2022-03-18 02:54,3,25.67,42.86
2022-03-18 02:56,1,25.33,60.82
2022-03-18 02:56,6,25.67,38.78
2022-03-18 02:57,12,26.37,36.33
2022-03-18 03:00,5,24.98,38.78
2022-03-18 03:03,11,25.33,43.27
2022-03-18 03:05,8,26.02,41.63
2022-03-18 03:05,9,26.02,44.08
2022-03-18 03:05,10,26.37,46.53
2022-03-18 03:10,4,26.02,57.96
2022-03-18 03:13,7,25.67,38.37
2022-03-18 03:14,3,25.67,42.86
2022-03-18 03:16,1,24.98,60.41
2022-03-18 03:17,12,26.37,36.33
2022-03-18 03:20,5,24.98,38.78
2022-03-18 03:23,11,25.33,43.27
2022-03-18 03:24,10,26.37,46.53
2022-03-18 03:25,9,25.67,44.08
2022-03-18 03:30,4,25.67,58.37
2022-03-18 03:33,7,25.67,38.37
2022-03-18 03:34,3,25.67,42.86
2022-03-18 03:36,1,24.98,60.82
2022-03-18 03:36,6,25.33,38.78
2022-03-18 03:36,12,26.02,36.33
2022-03-18 03:40,5,24.98,39.18
2022-03-18 03:43,11,25.33,43.67
2022-03-18 03:44,10,26.37,46.53
2022-03-18 03:45,8,26.02,41.63
2022-03-18 03:45,9,25.67,44.08
2022-03-18 03:50,4,25.67,57.96
2022-03-18 03:53,7,25.33,38.78
2022-03-18 03:54,3,25.67,43.27
2022-03-18 03:56,1,24.98,60.82
2022-03-18 03:56,6,25.33,39.18
2022-03-18 03:56,12,26.02,36.73
2022-03-18 04:00,5,24.98,38.78
2022-03-18 04:03,11,25.33,43.67
2022-03-18 04:04,8,25.67,41.63
2022-03-18 04:04,10,26.37,46.53
2022-03-18 04:05,9,25.67,44.49
2022-03-18 04:10,4,25.67,57.96
2022-03-18 04:12,7,25.33,38.78
2022-03-18 04:14,3,25.67,43.27
2022-03-18 04:16,1,24.98,60.82
2022-03-18 04:16,6,25.33,39.18
2022-03-18 04:16,12,26.02,36.33
2022-03-18 04:20,5,24.98,39.18
2022-03-18 04:23,11,25.33,43.67
2022-03-18 04:24,8,25.67,41.63
2022-03-18 04:24,10,26.02,46.53
2022-03-18 04:25,9,25.67,44.49
2022-03-18 04:30,4,25.67,57.96
2022-03-18 04:32,7,25.33,38.78
2022-03-18 04:35,1,24.98,60.41
2022-03-18 04:36,6,25.33,38.78
2022-03-18 04:36,12,26.02,36.73
2022-03-18 04:40,5,24.63,39.18
2022-03-18 04:43,11,25.33,43.27
2022-03-18 04:44,8,25.67,41.63
2022-03-18 04:44,9,25.67,44.49
2022-03-18 04:44,10,26.02,46.53
2022-03-18 04:50,4,25.67,57.96
2022-03-18 04:52,7,25.33,38.37
2022-03-18 04:53,3,25.33,42.86
2022-03-18 04:55,1,24.98,60.41
2022-03-18 04:56,6,25.33,39.18
2022-03-18 04:56,12,26.02,37.14
2022-03-18 05:00,5,24.63,39.18
2022-03-18 05:02,11,25.33,43.67
2022-03-18 05:04,9,25.67,44.49
2022-03-18 05:04,10,26.02,46.53
2022-03-18 05:10,4,25.67,57.96
2022-03-18 05:12,7,25.33,38.37
2022-03-18 05:13,3,25.33,42.86
2022-03-18 05:15,1,24.98,60.41
2022-03-18 05:16,6,25.33,39.18
2022-03-18 05:16,12,26.02,36.73
2022-03-18 05:20,5,24.63,39.18
2022-03-18 05:22,11,25.33,43.67
2022-03-18 05:24,8,25.67,41.63
2022-03-18 05:24,9,25.67,44.49
2022-03-18 05:24,10,26.02,46.53
2022-03-18 05:30,4,25.67,57.96
2022-03-18 05:32,7,25.33,38.37
2022-03-18 05:33,3,25.33,42.86
2022-03-18 05:35,1,24.98,60.82
2022-03-18 05:36,6,25.33,39.18
2022-03-18 05:36,12,25.67,36.73
2022-03-18 05:40,5,24.63,39.18
2022-03-18 05:42,11,24.98,43.67
2022-03-18 05:44,8,25.67,41.63
2022-03-18 05:44,9,25.33,44.49
2022-03-18 05:44,10,26.02,46.53
2022-03-18 05:50,4,25.67,58.37
2022-03-18 05:52,7,25.33,38.78
2022-03-18 05:53,3,25.33,42.86
2022-03-18 05:55,1,24.98,60.41
2022-03-18 05:56,6,25.33,39.18
2022-03-18 05:56,12,25.67,36.73
2022-03-18 06:00,5,24.63,39.18
2022-03-18 06:02,11,24.98,43.67
2022-03-18 06:04,9,25.33,44.49
2022-03-18 06:04,10,26.02,46.53
2022-03-18 06:10,4,25.67,58.37
2022-03-18 06:12,7,25.33,38.78
2022-03-18 06:13,3,25.33,43.27
2022-03-18 06:15,1,24.98,60.41
2022-03-18 06:16,6,24.98,39.18
2022-03-18 06:16,12,25.67,36.73
2022-03-18 06:19,5,24.63,39.59
2022-03-18 06:22,11,24.98,43.67
2022-03-18 06:24,8,25.67,41.63
2022-03-18 06:24,9,25.33,44.08
2022-03-18 06:24,10,25.67,46.53
2022-03-18 06:29,4,25.33,57.96
2022-03-18 06:32,7,25.33,38.37
2022-03-18 06:33,3,25.33,42.86
2022-03-18 06:35,1,24.98,60.41
2022-03-18 06:36,6,24.98,39.18
2022-03-18 06:36,12,25.67,36.73
2022-03-18 06:39,5,24.63,39.18
2022-03-18 06:42,11,24.98,43.67
2022-03-18 06:44,8,25.67,41.63
2022-03-18 06:44,10,25.67,46.53
2022-03-18 06:49,4,25.33,57.96
2022-03-18 06:52,7,25.33,38.37
2022-03-18 06:53,3,25.33,42.86
2022-03-18 06:55,1,24.98,60.41
2022-03-18 06:55,6,24.98,39.18
2022-03-18 06:56,12,25.67,36.73
2022-03-18 06:59,5,24.63,39.18
2022-03-18 07:02,11,24.98,43.67
2022-03-18 07:04,8,25.33,41.63
2022-03-18 07:04,9,25.33,44.08
2022-03-18 07:09,4,25.33,57.96
2022-03-18 07:12,7,24.98,38.37
2022-03-18 07:13,3,25.33,43.27
2022-03-18 07:15,1,24.98,60.41
2022-03-18 07:15,6,24.98,39.18
2022-03-18 07:19,5,24.63,39.18
2022-03-18 07:22,11,24.98,43.67
2022-03-18 07:24,8,25.33,41.63
2022-03-18 07:24,9,25.33,44.08
2022-03-18 07:24,10,25.67,46.53
2022-03-18 07:29,4,25.33,57.96
2022-03-18 07:31,7,24.98,38.37
2022-03-18 07:33,3,25.33,43.27
2022-03-18 07:34,1,24.98,60.41
2022-03-18 07:35,6,24.98,39.18
2022-03-18 07:35,12,25.67,36.33
2022-03-18 07:39,5,24.63,39.18
2022-03-18 07:44,8,25.33,41.63
2022-03-18 07:44,9,25.33,44.08
2022-03-18 07:44,10,25.67,46.53
2022-03-18 07:49,4,25.33,57.96
2022-03-18 07:51,7,24.98,37.96
2022-03-18 07:53,3,25.33,42.86
2022-03-18 07:54,1,24.98,60.41
2022-03-18 07:55,6,24.98,39.18
2022-03-18 07:55,12,25.67,36.73
2022-03-18 07:59,5,24.63,39.18
2022-03-18 08:02,11,24.98,43.67
2022-03-18 08:03,8,25.33,41.63
2022-03-18 08:03,9,25.33,44.08
2022-03-18 08:03,10,25.67,46.53
2022-03-18 08:09,4,25.33,57.96
2022-03-18 08:11,7,24.98,38.37
2022-03-18 08:13,3,25.33,43.27
2022-03-18 08:14,1,24.98,60.41
2022-03-18 08:15,6,24.98,39.18
2022-03-18 08:15,12,25.67,36.73
2022-03-18 08:19,5,24.63,39.18
2022-03-18 08:22,11,24.98,43.67
2022-03-18 08:23,9,25.33,44.49
2022-03-18 08:23,10,25.67,46.53
2022-03-18 08:29,4,25.33,57.96
2022-03-18 08:31,7,24.98,38.37
2022-03-18 08:32,3,25.33,43.27
2022-03-18 08:34,1,24.63,60.41
2022-03-18 08:35,6,24.98,39.18
2022-03-18 08:35,12,25.33,36.73
2022-03-18 08:39,5,24.63,39.18
2022-03-18 08:41,11,24.98,43.67
2022-03-18 08:43,8,25.33,41.63
2022-03-18 08:43,9,25.33,44.08
2022-03-18 08:43,10,25.33,46.53
2022-03-18 08:49,4,25.33,57.96
2022-03-18 08:51,7,24.98,38.37
2022-03-18 08:52,3,25.33,42.86
2022-03-18 08:54,1,24.63,60.41
2022-03-18 08:55,6,24.98,39.59
2022-03-18 08:55,12,25.33,36.33
2022-03-18 08:59,5,24.63,39.18
2022-03-18 09:01,11,24.98,43.67
2022-03-18 09:03,8,25.33,41.63
2022-03-18 09:03,9,25.33,44.49
2022-03-18 09:09,4,25.33,57.96
2022-03-18 09:11,7,24.98,38.37
2022-03-18 09:12,3,25.33,43.27
2022-03-18 09:14,1,24.63,60.41
2022-03-18 09:15,6,24.98,39.18
2022-03-18 09:15,12,25.33,36.33
2022-03-18 09:19,5,24.63,39.18
2022-03-18 09:21,11,24.98,43.67
2022-03-18 09:23,8,25.33,41.63
2022-03-18 09:23,9,25.33,44.49
2022-03-18 09:23,10,25.33,46.53
2022-03-18 09:29,4,25.33,57.96
2022-03-18 09:31,7,24.98,38.37
2022-03-18 09:32,3,25.33,42.86
2022-03-18 09:34,1,24.63,60.41
2022-03-18 09:35,6,24.98,39.18
2022-03-18 09:35,12,25.33,36.73
2022-03-18 09:39,5,24.63,39.18
2022-03-18 09:41,11,24.98,43.67
2022-03-18 09:43,8,25.33,42.04
2022-03-18 09:43,9,25.33,44.08
2022-03-18 09:43,10,25.33,46.53
2022-03-18 09:49,4,25.33,57.96
2022-03-18 09:51,7,24.98,38.37
2022-03-18 09:52,3,25.33,42.86
2022-03-18 09:54,1,24.63,60.41
2022-03-18 09:55,6,24.98,39.18
2022-03-18 09:55,12,25.33,36.33
2022-03-18 09:58,5,24.29,39.18
2022-03-18 10:01,11,24.98,43.67
2022-03-18 10:03,8,25.33,41.63
2022-03-18 10:03,9,25.33,44.08
2022-03-18 10:03,10,25.33,46.53
2022-03-18 10:09,4,25.33,57.96
2022-03-18 10:11,7,24.98,38.37
2022-03-18 10:12,3,25.33,42.86
2022-03-18 10:14,1,24.63,60.41
2022-03-18 10:15,6,24.98,39.18
2022-03-18 10:15,12,25.33,36.33
2022-03-18 10:18,5,24.29,39.18
2022-03-18 10:21,11,24.98,43.67
2022-03-18 10:23,8,25.33,41.63
2022-03-18 10:23,9,25.33,44.08
2022-03-18 10:23,10,25.33,46.53
2022-03-18 10:28,4,25.33,57.96
2022-03-18 10:31,7,24.98,38.37
2022-03-18 10:32,3,25.33,43.27
2022-03-18 10:34,1,24.63,60.41
2022-03-18 10:35,6,24.98,39.18
2022-03-18 10:38,5,24.29,39.18
2022-03-18 10:41,11,24.98,43.67
2022-03-18 10:43,8,25.33,41.63
2022-03-18 10:43,9,25.33,44.49
2022-03-18 10:43,10,25.33,46.53
2022-03-18 10:48,4,25.33,57.96
2022-03-18 10:52,3,25.33,43.27
2022-03-18 10:54,1,24.63,60.41
2022-03-18 10:54,12,25.33,36.33
2022-03-18 10:55,6,24.98,39.18
2022-03-18 10:58,5,24.29,39.18
2022-03-18 11:01,11,24.98,43.67
2022-03-18 11:03,9,25.33,44.49
2022-03-18 11:03,10,25.33,46.53
2022-03-18 11:08,4,25.33,57.96
2022-03-18 11:10,7,24.98,38.37
2022-03-18 11:12,3,25.33,42.86
2022-03-18 11:13,1,24.63,60.41
2022-03-18 11:14,12,25.33,36.73
2022-03-18 11:15,6,24.98,39.18
2022-03-18 11:18,5,24.29,39.18
2022-03-18 11:21,11,24.98,43.67
2022-03-18 11:23,9,25.33,44.49
2022-03-18 11:28,4,25.33,57.96
2022-03-18 11:30,7,24.98,38.37
2022-03-18 11:32,3,25.33,43.27
2022-03-18 11:33,1,24.63,60.41
2022-03-18 11:34,6,24.98,39.18
2022-03-18 11:34,12,25.33,36.73
2022-03-18 11:38,5,24.29,39.18
2022-03-18 11:41,11,24.98,43.67
2022-03-18 11:42,9,25.33,44.49
2022-03-18 11:43,8,25.33,41.63
2022-03-18 11:43,10,25.33,46.53
2022-03-18 11:48,4,25.33,57.96
2022-03-18 11:50,7,24.98,38.37
2022-03-18 11:52,3,25.33,42.86
2022-03-18 11:53,1,24.63,60.41
2022-03-18 11:54,6,24.98,39.18
2022-03-18 11:54,12,25.33,36.73
2022-03-18 11:58,5,24.29,39.18
2022-03-18 12:01,11,24.98,43.67
2022-03-18 12:02,9,25.33,44.49
2022-03-18 12:03,8,25.33,41.63
2022-03-18 12:03,10,25.33,46.53
2022-03-18 12:08,4,25.33,57.55
2022-03-18 12:10,7,24.98,38.37
2022-03-18 12:12,3,25.33,43.27
2022-03-18 12:13,1,24.63,60.41
2022-03-18 12:14,6,24.98,39.18
2022-03-18 12:14,12,25.33,36.73
2022-03-18 12:18,5,24.63,39.18
2022-03-18 12:20,11,24.98,43.67
2022-03-18 12:22,9,25.33,44.49
2022-03-18 12:23,8,25.33,41.63
2022-03-18 12:23,10,25.33,46.53
2022-03-18 12:28,4,25.33,57.55
2022-03-18 12:30,7,24.98,38.37
2022-03-18 12:31,3,25.33,43.27
2022-03-18 12:33,1,24.63,60.41
2022-03-18 12:34,6,24.98,39.18
2022-03-18 12:34,12,25.33,36.73
2022-03-18 12:38,5,24.63,39.18
2022-03-18 12:40,11,24.98,43.67
2022-03-18 12:42,8,25.33,42.04
2022-03-18 12:42,9,25.33,44.49
2022-03-18 12:43,10,25.33,46.53
2022-03-18 12:48,4,25.33,57.55
2022-03-18 12:50,7,24.98,38.37
2022-03-18 12:51,3,25.33,43.27
2022-03-18 12:53,1,24.63,60.41
2022-03-18 12:54,6,24.98,39.59
2022-03-18 12:54,12,25.33,36.73
2022-03-18 12:58,5,24.63,39.18
2022-03-18 13:00,11,24.98,43.67
2022-03-18 13:02,8,25.33,41.63
2022-03-18 13:02,9,25.33,44.49
2022-03-18 13:03,10,25.67,46.53
2022-03-18 13:08,4,25.67,57.96
2022-03-18 13:10,7,24.98,38.37
2022-03-18 13:11,3,25.33,43.27
2022-03-18 13:14,6,24.98,39.18
2022-03-18 13:14,12,25.67,36.73
2022-03-18 13:18,5,24.63,39.18
2022-03-18 13:20,11,24.98,43.67
2022-03-18 13:22,8,25.67,41.63
2022-03-18 13:22,9,25.33,44.49
2022-03-18 13:28,4,25.67,57.96
2022-03-18 13:30,7,24.98,38.37
2022-03-18 13:31,3,25.67,43.27
2022-03-18 13:33,1,24.98,60.41
2022-03-18 13:34,6,24.98,39.18
2022-03-18 13:34,12,25.67,36.73
2022-03-18 13:38,5,24.63,39.18
2022-03-18 13:40,11,25.33,43.67
2022-03-18 13:42,9,25.67,44.49
2022-03-18 13:42,10,26.02,46.53
2022-03-18 13:48,4,25.67,57.96
2022-03-18 13:50,7,24.98,38.37
2022-03-18 13:51,3,25.67,43.27
2022-03-18 13:54,6,25.33,39.18
2022-03-18 13:54,12,25.67,36.73
2022-03-18 13:58,5,24.63,39.18
2022-03-18 14:00,11,25.33,43.67
2022-03-18 14:02,8,26.02,41.63
2022-03-18 14:02,9,25.67,44.49
2022-03-18 14:08,4,26.02,57.96
2022-03-18 14:10,7,25.33,37.96
2022-03-18 14:11,3,26.02,43.27
2022-03-18 14:13,1,24.98,60.41
2022-03-18 14:14,6,25.33,39.18
2022-03-18 14:14,12,26.02,36.33
2022-03-18 14:17,5,24.98,38.78
2022-03-18 14:20,11,25.33,43.67
2022-03-18 14:22,8,26.37,41.63
2022-03-18 14:22,9,25.67,44.49
2022-03-18 14:28,4,26.02,57.96
2022-03-18 14:30,7,25.33,37.96
2022-03-18 14:31,3,26.02,43.27
2022-03-18 14:33,1,24.98,60.41
2022-03-18 14:34,6,25.33,39.18
2022-03-18 14:34,12,26.02,36.33
2022-03-18 14:37,5,24.98,39.18
2022-03-18 14:40,11,25.33,43.67
2022-03-18 14:42,8,26.37,41.63
2022-03-18 14:42,9,26.02,44.9
2022-03-18 14:42,10,26.71,46.12
2022-03-18 14:48,4,26.37,57.96
2022-03-18 14:50,7,25.33,37.96
2022-03-18 14:51,3,26.37,43.27
2022-03-18 14:52,1,25.33,60.41
2022-03-18 14:54,6,25.33,38.78
2022-03-18 14:54,12,26.37,36.33
2022-03-18 14:57,5,24.98,38.78
2022-03-18 15:00,11,25.67,43.27
2022-03-18 15:02,8,26.71,41.63
2022-03-18 15:02,9,26.02,44.49
2022-03-18 15:02,10,27.06,46.12
2022-03-18 15:08,4,26.37,57.55
2022-03-18 15:10,7,25.33,37.55
2022-03-18 15:11,3,26.37,43.27
2022-03-18 15:12,1,25.33,60.41
2022-03-18 15:14,6,25.67,38.78
2022-03-18 15:14,12,26.71,36.33
2022-03-18 15:17,5,25.33,38.78
2022-03-18 15:20,11,25.67,43.27
2022-03-18 15:22,8,27.06,41.22
2022-03-18 15:22,9,26.37,44.49
2022-03-18 15:22,10,27.41,46.12
2022-03-18 15:27,4,26.71,57.55
2022-03-18 15:29,7,25.67,37.55
2022-03-18 15:31,3,26.71,43.27
2022-03-18 15:32,1,25.33,60.41
2022-03-18 15:33,12,26.71,36.33
2022-03-18 15:34,6,25.67,38.78
2022-03-18 15:37,5,25.33,38.78
2022-03-18 15:40,11,26.02,43.27
2022-03-18 15:42,8,27.41,41.22
2022-03-18 15:42,9,26.37,44.49
2022-03-18 15:42,10,27.76,46.12
2022-03-18 15:47,4,26.71,57.55
2022-03-18 15:49,7,25.67,37.55
2022-03-18 15:51,3,26.71,42.86
2022-03-18 15:52,1,25.33,60
2022-03-18 15:53,12,27.06,36.33
2022-03-18 15:54,6,25.67,38.78
2022-03-18 15:57,5,25.67,38.78
2022-03-18 16:00,11,26.02,43.27
2022-03-18 16:01,9,26.37,44.49
2022-03-18 16:02,8,27.41,41.22
2022-03-18 16:02,10,28.1,46.12
2022-03-18 16:07,4,26.71,57.14
2022-03-18 16:09,7,25.67,37.55
2022-03-18 16:11,3,27.06,42.86
2022-03-18 16:12,1,25.67,60
2022-03-18 16:13,12,27.06,36.33
2022-03-18 16:14,6,26.02,38.37
2022-03-18 16:17,5,25.67,38.78
2022-03-18 16:20,11,26.02,43.27
2022-03-18 16:21,9,26.71,44.49
2022-03-18 16:22,8,27.41,41.22
2022-03-18 16:22,10,28.1,45.71
2022-03-18 16:29,7,26.02,37.55
2022-03-18 16:31,3,27.06,42.86
2022-03-18 16:32,1,25.67,60
2022-03-18 16:33,12,27.41,36.33
2022-03-18 16:34,6,26.02,38.37
2022-03-18 16:37,5,25.67,38.37
2022-03-18 16:39,11,26.37,43.27
2022-03-18 16:41,9,26.71,44.49
2022-03-18 16:42,8,27.76,41.22
2022-03-18 16:42,10,28.45,45.71
2022-03-18 16:47,4,27.06,57.14
2022-03-18 16:49,7,26.02,37.55
2022-03-18 16:50,3,27.06,42.86
2022-03-18 16:52,1,25.67,60
2022-03-18 16:53,6,26.02,38.37
2022-03-18 16:53,12,27.41,35.92
2022-03-18 16:57,5,26.02,38.37
2022-03-18 16:59,11,26.37,42.86
2022-03-18 17:01,9,27.06,44.08
2022-03-18 17:02,8,27.76,40.82
2022-03-18 17:02,10,28.8,45.71
2022-03-18 17:07,4,27.06,57.14
2022-03-18 17:09,7,26.02,37.14
2022-03-18 17:10,3,27.41,42.86
2022-03-18 17:12,1,26.02,59.59
2022-03-18 17:13,6,26.37,37.96
2022-03-18 17:13,12,27.76,35.92
2022-03-18 17:17,5,26.02,38.37
2022-03-18 17:19,11,26.37,42.86
2022-03-18 17:21,8,27.76,40.82
2022-03-18 17:21,9,27.06,44.08
2022-03-18 17:22,10,28.8,45.71
2022-03-18 17:27,4,27.41,57.55
2022-03-18 17:29,7,26.02,37.55
2022-03-18 17:30,3,27.41,42.86
2022-03-18 17:32,1,26.02,59.59
2022-03-18 17:33,6,26.37,37.96
2022-03-18 17:33,12,27.76,35.92
2022-03-18 17:37,5,26.02,38.37
2022-03-18 17:39,11,26.37,42.86
2022-03-18 17:41,8,28.1,40.82
2022-03-18 17:41,9,27.06,44.08
2022-03-18 17:42,10,28.8,45.71
2022-03-18 17:47,4,27.41,57.55
2022-03-18 17:49,7,26.37,37.14
2022-03-18 17:50,3,27.41,42.86
2022-03-18 17:52,1,26.02,59.59
2022-03-18 17:53,6,26.37,37.96
2022-03-18 17:53,12,27.76,35.92
2022-03-18 17:56,5,26.37,38.37
2022-03-18 17:59,11,26.71,42.86
2022-03-18 18:01,8,28.1,40.82
2022-03-18 18:01,9,27.06,44.08
2022-03-18 18:07,4,27.41,57.55
2022-03-18 18:09,7,26.37,37.14
2022-03-18 18:10,3,27.41,42.86
2022-03-18 18:12,1,26.02,59.59
2022-03-18 18:13,6,26.37,37.96
2022-03-18 18:13,12,28.1,35.92
2022-03-18 18:16,5,26.37,37.96
2022-03-18 18:19,11,26.71,42.86
2022-03-18 18:21,8,28.1,40.82
2022-03-18 18:21,9,27.41,44.08
2022-03-18 18:21,10,29.14,45.71
2022-03-18 18:27,4,27.41,57.55
2022-03-18 18:29,7,26.37,37.14
2022-03-18 18:30,3,27.41,42.86
2022-03-18 18:32,1,26.37,60
2022-03-18 18:33,6,26.71,37.96
2022-03-18 18:33,12,28.45,35.92
2022-03-18 18:36,5,26.37,38.37
2022-03-18 18:39,11,26.71,42.86
2022-03-18 18:41,8,28.1,40.82
2022-03-18 18:41,9,27.41,44.08
2022-03-18 18:41,10,29.49,45.31
2022-03-18 18:47,4,27.76,57.14
2022-03-18 18:48,7,26.37,37.14
2022-03-18 18:50,3,27.41,42.86
2022-03-18 18:51,1,26.37,59.59
2022-03-18 18:53,6,26.71,37.55
2022-03-18 18:53,12,28.45,35.92
2022-03-18 18:56,5,26.37,38.37
2022-03-18 18:59,11,26.71,42.86
2022-03-18 19:01,8,28.1,40.82
2022-03-18 19:01,9,27.76,44.08
2022-03-18 19:06,4,27.76,57.14
2022-03-18 19:08,7,26.71,36.73
2022-03-18 19:10,3,27.76,42.86
2022-03-18 19:11,1,26.37,59.59
2022-03-18 19:13,6,27.06,37.55
2022-03-18 19:13,12,28.8,35.92
2022-03-18 19:19,11,26.71,42.45
2022-03-18 19:20,9,27.76,44.08
2022-03-18 19:21,8,28.1,40.82
2022-03-18 19:21,10,29.49,45.31
2022-03-18 19:26,4,27.76,57.14
2022-03-18 19:28,7,26.71,37.14
2022-03-18 19:30,3,27.76,42.86
2022-03-18 19:31,1,26.37,59.59
2022-03-18 19:32,12,28.8,35.92
2022-03-18 19:33,6,27.06,37.55
2022-03-18 19:36,5,26.71,37.96
2022-03-18 19:39,11,27.06,42.45
2022-03-18 19:40,9,27.76,44.08
2022-03-18 19:41,10,29.49,45.31
2022-03-18 19:46,4,27.76,57.14
2022-03-18 19:48,7,26.71,36.73
2022-03-18 19:50,3,27.76,42.86
2022-03-18 19:51,1,26.37,59.59
2022-03-18 19:52,12,29.14,35.92
2022-03-18 19:53,6,27.06,37.55
2022-03-18 19:56,5,26.71,37.96
2022-03-18 19:59,11,27.06,42.45
2022-03-18 20:00,9,28.1,44.08
2022-03-18 20:01,8,28.1,40.41
2022-03-18 20:01,10,29.49,45.31
2022-03-18 20:06,4,27.76,57.14
2022-03-18 20:08,7,27.06,36.73
2022-03-18 20:10,3,27.76,42.45
2022-03-18 20:11,1,26.71,59.18
2022-03-18 20:12,12,29.14,35.92
2022-03-18 20:13,6,27.41,37.55
2022-03-18 20:16,5,26.71,37.96
2022-03-18 20:19,11,27.06,42.45
2022-03-18 20:20,9,28.1,44.08
2022-03-18 20:21,10,29.49,45.31
2022-03-18 20:26,4,27.76,56.73
2022-03-18 20:30,3,27.76,42.86
2022-03-18 20:31,1,26.71,59.18
2022-03-18 20:32,12,29.14,35.92
2022-03-18 20:33,6,27.41,37.55
2022-03-18 20:36,5,27.06,37.96
2022-03-18 20:38,11,27.06,42.45
2022-03-18 20:40,9,28.1,44.08
2022-03-18 20:41,8,28.1,40.41
2022-03-18 20:41,10,29.49,45.31
2022-03-18 20:46,4,27.76,57.14
2022-03-18 20:48,7,27.06,36.33
2022-03-18 20:49,3,27.76,42.45
2022-03-18 20:51,1,26.71,59.18
2022-03-18 20:52,12,29.14,35.51
2022-03-18 20:53,6,27.41,37.55
2022-03-18 20:56,5,27.06,37.96
2022-03-18 20:58,11,27.06,42.45
2022-03-18 21:00,9,28.1,43.67
2022-03-18 21:01,10,29.49,45.31
2022-03-18 21:06,4,27.76,56.73
2022-03-18 21:08,7,27.06,36.33
2022-03-18 21:09,3,27.76,42.45
2022-03-18 21:11,1,26.71,59.18
2022-03-18 21:12,12,29.14,35.92
2022-03-18 21:16,5,27.06,37.96
2022-03-18 21:18,11,27.06,42.45
2022-03-18 21:20,8,28.1,40.82
2022-03-18 21:20,9,28.1,43.67
2022-03-18 21:21,10,29.49,45.31
2022-03-18 21:26,4,27.76,56.73
2022-03-18 21:28,7,27.06,36.33
2022-03-18 21:29,3,27.76,42.45
2022-03-18 21:32,6,27.41,37.55
2022-03-18 21:32,12,29.14,35.51
2022-03-18 21:35,5,27.06,37.96
2022-03-18 21:38,11,27.06,42.45
2022-03-18 21:40,8,28.1,40.41
2022-03-18 21:40,9,28.1,43.67
2022-03-18 21:40,10,29.14,45.31
2022-03-18 21:46,4,27.76,56.73
2022-03-18 21:48,7,27.06,36.33
2022-03-18 21:49,3,27.76,42.45
2022-03-18 21:50,1,26.71,59.18
2022-03-18 21:52,6,27.41,37.14
2022-03-18 21:52,12,29.14,35.51
2022-03-18 21:55,5,27.06,37.96
2022-03-18 21:58,11,27.06,42.45
2022-03-18 21:59,9,28.1,43.67
2022-03-18 22:00,8,28.1,40.41
2022-03-18 22:00,10,29.14,44.9
2022-03-18 22:06,4,27.76,56.73
2022-03-18 22:07,7,27.06,36.33
2022-03-18 22:09,3,27.76,42.45
2022-03-18 22:10,1,26.71,59.18
2022-03-18 22:12,6,27.41,37.14
2022-03-18 22:12,12,29.14,35.51
2022-03-18 22:15,5,27.06,37.55
2022-03-18 22:18,11,27.06,42.45
2022-03-18 22:19,9,27.76,43.67
2022-03-18 22:20,8,28.1,40.41
2022-03-18 22:20,10,29.14,44.9
2022-03-18 22:25,4,27.76,56.33
2022-03-18 22:27,7,27.06,35.92
2022-03-19 01:54,5,26.02,37.96
2022-03-19 01:58,9,26.71,43.27
2022-03-19 01:59,8,27.06,40.41
2022-03-19 01:59,10,27.76,44.9
2022-03-19 02:04,4,26.71,56.33
2022-03-19 02:06,7,26.71,36.33
2022-03-19 02:08,3,26.71,42.45
2022-03-19 02:09,1,26.02,58.78
2022-03-19 02:10,12,27.41,35.51
2022-03-19 02:11,6,26.37,37.55
2022-03-19 02:14,5,26.02,37.96
2022-03-19 02:17,11,26.37,42.04
2022-03-19 02:18,9,26.71,43.27
2022-03-19 02:19,8,27.06,40.41
2022-03-19 02:19,10,27.41,45.31
2022-03-19 02:24,4,26.71,56.33
2022-03-19 02:26,7,26.37,35.92
2022-03-19 02:28,3,26.71,42.04
2022-03-19 02:29,1,26.02,58.78
2022-03-19 02:30,12,27.41,35.51
2022-03-19 02:34,5,26.02,37.96
2022-03-19 02:37,11,26.37,42.04
2022-03-19 02:38,9,26.71,43.27
2022-03-19 02:39,8,27.06,40.41
2022-03-19 02:44,4,26.71,56.33
2022-03-19 02:46,7,26.37,36.33
2022-03-19 02:48,3,26.71,42.04
2022-03-19 02:49,1,26.02,58.78
2022-03-19 02:50,12,27.41,35.51
2022-03-19 02:51,6,26.37,37.55
2022-03-19 02:54,5,26.02,37.96
2022-03-19 02:56,11,26.37,42.04
2022-03-19 02:58,9,26.71,43.27
2022-03-19 02:59,8,26.71,40.41
2022-03-19 02:59,10,27.41,44.9
2022-03-19 03:04,4,26.71,55.92
2022-03-19 03:06,7,26.37,36.33
2022-03-19 03:08,3,26.71,42.45
2022-03-19 03:09,1,26.02,58.78
2022-03-19 03:11,6,26.37,37.55
2022-03-19 03:14,5,25.67,37.96
2022-03-19 03:16,11,26.02,42.04
2022-03-19 03:18,9,26.71,43.27
2022-03-19 03:19,8,26.71,40.41
2022-03-19 03:19,10,27.41,44.9
2022-03-19 03:24,4,26.71,55.92
2022-03-19 03:26,7,26.37,36.33
2022-03-19 03:27,3,26.71,42.45
2022-03-19 03:29,1,26.02,58.78
2022-03-19 03:30,12,27.06,35.51
2022-03-19 03:31,6,26.37,37.55
2022-03-19 03:34,5,25.67,37.96
2022-03-19 03:36,11,26.02,42.04
2022-03-19 03:38,9,26.71,43.27
2022-03-19 03:39,8,26.71,40.41
2022-03-19 03:39,10,27.06,44.9
2022-03-19 03:44,4,26.71,56.33
2022-03-19 03:46,7,26.37,36.33
2022-03-19 03:47,3,26.37,42.04
2022-03-19 03:49,1,26.02,58.78
2022-03-19 03:50,12,27.06,35.51
2022-03-19 03:51,6,26.02,37.55
2022-03-19 03:54,5,25.67,37.55
2022-03-19 03:56,11,26.02,42.04
2022-03-19 03:58,8,26.71,40.41
2022-03-19 03:58,9,26.37,43.27
2022-03-19 03:59,10,27.06,44.9
2022-03-19 04:04,4,26.71,56.73
2022-03-19 04:06,7,26.37,36.33
2022-03-19 04:07,3,26.37,42.04
2022-03-19 04:08,1,25.67,58.78
2022-03-19 04:10,12,27.06,35.92
2022-03-19 04:11,6,26.02,37.96
2022-03-19 04:13,5,25.67,37.96
2022-03-19 04:16,11,26.02,42.04
2022-03-19 04:17,9,26.37,43.27
2022-03-19 04:18,8,26.71,40.41
2022-03-19 04:19,10,27.06,45.31
2022-03-19 04:24,4,26.37,56.73
2022-03-19 04:25,7,26.37,36.33
2022-03-19 04:27,3,26.37,42.45
2022-03-19 04:28,1,25.67,59.18
2022-03-19 04:30,12,27.06,35.92
2022-03-19 04:33,5,25.67,37.96
2022-03-19 04:36,11,26.02,42.04
2022-03-19 04:37,9,26.37,43.27
2022-03-19 04:39,10,27.06,45.31
2022-03-19 04:44,4,26.37,57.14
2022-03-19 04:45,7,26.02,36.33
2022-03-19 04:47,3,26.37,42.45
2022-03-19 04:48,1,25.67,59.18
2022-03-19 04:50,6,26.02,37.55
2022-03-19 04:50,12,26.71,35.92
2022-03-19 04:53,5,25.67,37.96
2022-03-19 04:56,11,26.02,42.04
2022-03-19 04:57,9,26.37,43.27
2022-03-19 04:59,10,26.71,45.31
2022-03-19 05:04,4,26.37,57.14
2022-03-19 05:05,7,26.02,36.33
2022-03-19 05:07,3,26.37,42.45
2022-03-19 05:08,1,25.67,59.59
2022-03-19 05:10,6,26.02,37.96
2022-03-19 05:10,12,26.71,35.51
2022-03-19 05:13,5,25.67,37.96
2022-03-19 05:16,11,26.02,42.45
2022-03-19 05:17,9,26.37,43.27
2022-03-19 05:18,8,26.37,40
2022-03-19 05:18,10,26.71,45.31
2022-03-19 05:24,4,26.37,57.14
2022-03-19 05:25,7,26.02,36.33
2022-03-19 05:27,3,26.37,42.45
2022-03-19 05:28,1,25.67,59.59
2022-03-19 05:30,6,26.02,37.96
2022-03-19 05:30,12,26.71,35.92
2022-03-19 05:33,5,25.67,37.96
2022-03-19 05:36,11,26.02,42.45
2022-03-19 05:37,9,26.37,43.27
2022-03-19 05:38,8,26.37,40.41
2022-03-19 05:38,10,26.71,45.31
2022-03-19 05:43,4,26.37,57.14
2022-03-19 05:45,7,26.02,36.33
2022-03-19 05:47,3,26.37,42.04
2022-03-19 05:48,1,25.67,59.59
2022-03-19 05:49,12,26.71,35.92
2022-03-19 05:50,6,26.02,37.96
2022-03-19 05:53,5,25.33,37.96
2022-03-19 05:56,11,26.02,42.45
2022-03-19 05:57,9,26.02,43.27
2022-03-19 05:58,8,26.37,40.41
2022-03-19 06:03,4,26.37,56.73
2022-03-19 06:05,7,26.02,35.92
2022-03-19 06:07,3,26.02,42.45
2022-03-19 06:10,6,25.67,37.96
2022-03-19 06:13,5,25.33,37.96
2022-03-19 06:15,11,25.67,42.04
2022-03-19 06:17,9,26.02,43.27
2022-03-19 06:18,8,26.37,40.41
2022-03-19 06:18,10,26.71,45.31
2022-03-19 06:23,4,26.37,56.73
2022-03-19 06:25,7,26.02,36.33
2022-03-19 06:27,3,26.02,42.45
2022-03-19 06:29,12,26.37,35.92
2022-03-19 06:30,6,25.67,37.96
2022-03-19 06:33,5,25.33,37.96
2022-03-19 06:35,11,25.67,42.45
2022-03-19 06:37,9,26.02,43.27
2022-03-19 06:38,8,26.37,40.41
2022-03-19 06:43,4,26.02,57.14
2022-03-19 06:45,7,26.02,36.33
2022-03-19 06:47,3,26.02,42.45
2022-03-19 06:48,1,25.67,60
2022-03-19 06:49,12,26.37,35.92
2022-03-19 06:53,5,25.33,37.96
2022-03-19 06:55,11,25.67,42.04
2022-03-19 06:58,8,26.02,40.41
2022-03-19 06:58,10,26.37,44.9
2022-03-19 07:03,4,26.02,57.14
2022-03-19 07:05,7,25.67,36.33
2022-03-19 07:06,3,26.02,42.45
2022-03-19 07:08,1,25.33,60
2022-03-19 07:09,12,26.37,35.92
2022-03-19 07:10,6,25.67,37.96
2022-03-19 07:13,5,25.33,37.96
2022-03-19 07:15,11,25.67,42.45
2022-03-19 07:18,10,26.37,44.9
2022-03-19 07:23,4,26.02,57.14
2022-03-19 07:25,7,25.67,36.33
2022-03-19 07:26,3,26.02,42.45
2022-03-19 07:27,1,25.33,60
2022-03-19 07:29,12,26.37,35.92
2022-03-19 07:30,6,25.67,37.96
2022-03-19 07:32,5,25.33,37.96
2022-03-19 07:35,11,25.67,42.45
2022-03-19 07:36,9,26.02,43.27
2022-03-19 07:37,8,26.02,40.41
2022-03-19 07:38,10,26.37,45.31
2022-03-19 07:43,4,26.02,57.14
2022-03-19 07:45,7,25.67,36.33
2022-03-19 07:46,3,26.02,42.45
2022-03-19 07:47,1,25.33,60
2022-03-19 07:49,12,26.37,35.92
2022-03-19 07:50,6,25.67,37.96
2022-03-19 07:52,5,25.33,37.96
2022-03-19 07:55,11,25.67,42.45
2022-03-19 07:56,9,26.02,43.27
2022-03-19 07:57,8,26.02,40.41
2022-03-19 07:58,10,26.37,45.31
2022-03-19 08:03,4,26.02,57.14
2022-03-19 08:04,7,25.67,36.33
2022-03-19 08:06,3,26.02,42.45
2022-03-19 08:07,1,25.33,60
2022-03-19 08:09,12,26.02,35.92
2022-03-19 08:10,6,25.67,37.96
2022-03-19 08:12,5,25.33,37.96
2022-03-19 08:15,11,25.67,42.45
2022-03-19 08:16,9,26.02,43.27
2022-03-19 08:17,8,26.02,40.41
2022-03-19 08:18,10,26.02,45.31
2022-03-19 08:23,4,26.02,57.14
2022-03-19 08:24,7,25.67,36.33
2022-03-19 08:26,3,26.02,42.45
2022-03-19 08:29,12,26.02,35.92
2022-03-19 08:30,6,25.33,37.96
2022-03-19 08:32,5,24.98,37.96
2022-03-19 08:35,11,25.67,42.45
2022-03-19 08:36,9,25.67,43.27
2022-03-19 08:37,8,26.02,40.41
2022-03-19 08:38,10,26.02,45.31
2022-03-19 08:43,4,26.02,57.14
2022-03-19 08:44,7,25.67,36.33
2022-03-19 08:46,3,25.67,42.45
2022-03-19 08:47,1,25.33,60
2022-03-19 08:49,6,25.33,37.96
2022-03-19 08:49,12,26.02,35.92
2022-03-19 08:52,5,24.98,37.96
2022-03-19 08:55,11,25.33,42.45
2022-03-19 08:56,9,25.67,43.27
2022-03-19 08:57,8,26.02,40.41
2022-03-19 08:58,10,26.02,45.31
2022-03-19 09:03,4,26.02,57.14
2022-03-19 09:04,7,25.67,36.33
2022-03-19 09:06,3,25.67,42.45
2022-03-19 09:07,1,25.33,60
2022-03-19 09:09,6,25.33,37.96
2022-03-19 09:09,12,26.02,35.51
2022-03-19 09:12,5,24.98,37.96
2022-03-19 09:15,11,25.33,42.45
2022-03-19 09:16,9,25.67,43.27
2022-03-19 09:17,8,25.67,40.82
2022-03-19 09:18,10,26.02,44.9
2022-03-19 09:23,4,26.02,57.14
2022-03-19 09:24,7,25.67,36.33
2022-03-19 09:26,3,25.67,42.45
2022-03-19 09:27,1,25.33,60
2022-03-19 09:28,12,26.02,35.51
2022-03-19 09:29,6,25.33,37.96
2022-03-19 09:32,5,24.98,37.96
2022-03-19 09:34,11,25.33,42.45
2022-03-19 09:36,9,25.67,43.27
2022-03-19 09:37,8,25.67,40.82
2022-03-19 09:37,10,26.02,45.31
2022-03-19 09:42,4,25.67,57.14
2022-03-19 09:44,7,25.67,36.33
2022-03-19 09:46,3,25.67,42.45
2022-03-19 09:47,1,25.33,60
2022-03-19 09:48,12,25.67,35.51
2022-03-19 09:49,6,25.33,37.96
2022-03-19 09:52,5,24.98,37.96
2022-03-19 09:54,11,25.33,42.45
2022-03-19 09:56,9,25.67,43.27
2022-03-19 09:57,8,25.67,40.41
2022-03-19 09:57,10,26.02,44.9
2022-03-19 10:02,4,25.67,57.14
2022-03-19 10:04,7,25.33,36.33
2022-03-19 10:06,1,25.33,60
2022-03-19 10:06,3,25.67,42.45
2022-03-19 10:08,12,25.67,35.51
2022-03-19 10:09,6,25.33,37.96
2022-03-19 10:14,11,25.33,42.45
2022-03-19 10:16,9,25.67,43.27
2022-03-19 10:17,8,25.67,40.41
2022-03-19 10:17,10,25.67,45.31
2022-03-19 10:22,4,25.67,56.73
2022-03-19 10:24,7,25.33,36.33
2022-03-19 10:25,3,25.67,42.45
2022-03-19 10:26,1,24.98,60
2022-03-19 10:28,12,25.67,35.51
2022-03-19 10:29,6,25.33,37.96
2022-03-19 10:32,5,24.98,37.96
2022-03-19 10:34,11,25.33,42.04
2022-03-19 10:36,9,25.67,43.27
2022-03-19 10:37,8,25.67,40.41
2022-03-19 10:37,10,25.67,44.9
2022-03-19 10:42,4,25.67,57.14
2022-03-19 10:44,7,25.33,36.33
2022-03-19 10:45,3,25.67,42.45
2022-03-19 10:46,1,24.98,60
2022-03-19 10:48,12,25.67,35.51
2022-03-19 10:49,6,25.33,37.96
2022-03-19 10:51,5,24.98,37.96
2022-03-19 10:54,11,25.33,42.45
2022-03-19 10:55,9,25.33,43.27
2022-03-19 10:57,8,25.33,40.82
2022-03-19 10:57,10,25.67,45.31
2022-03-19 11:02,4,25.67,56.73
2022-03-19 11:04,7,25.33,36.33
2022-03-19 11:05,3,25.33,42.45
2022-03-19 11:06,1,24.98,60
2022-03-19 11:08,12,25.67,35.51
2022-03-19 11:09,6,24.98,37.96
2022-03-19 11:11,5,24.98,37.96
2022-03-19 11:14,11,25.33,42.45
2022-03-19 11:15,9,25.33,43.27
2022-03-19 11:16,8,25.33,40.82
2022-03-19 11:17,10,25.67,44.9
2022-03-19 11:22,4,25.33,57.14
2022-03-19 11:23,7,25.33,36.73
2022-03-19 11:25,3,25.33,42.45
2022-03-19 11:26,1,24.98,60
2022-03-19 11:28,12,25.33,35.51
2022-03-19 11:29,6,24.98,37.96
2022-03-19 11:31,5,24.63,37.96
2022-03-19 11:34,11,24.98,42.45
2022-03-19 11:35,9,25.33,43.27
2022-03-19 11:37,10,25.33,45.31
2022-03-19 11:43,7,25.33,36.73
2022-03-19 11:45,3,25.33,42.86
2022-03-19 11:46,1,24.98,60
2022-03-19 11:48,12,25.33,35.92
2022-03-19 11:49,6,24.98,37.96
2022-03-19 13:33,11,24.98,42.45
2022-03-19 13:35,9,25.33,43.27
2022-03-19 13:36,8,25.33,40.82
2022-03-19 13:43,7,24.98,36.73
2022-03-19 13:45,3,25.33,42.86
2022-03-19 13:47,12,25.33,35.92
2022-03-19 13:48,6,24.98,37.96
2022-03-19 13:51,5,24.63,38.37
2022-03-19 13:53,11,24.98,42.45
2022-03-19 13:55,9,25.33,43.27
2022-03-19 13:56,8,25.33,40.82
2022-03-19 22:25,12,26.71,35.1
2022-03-19 22:26,6,26.02,36.73
2022-03-19 22:28,5,25.67,37.14
2022-03-19 22:31,11,26.02,41.63
2022-03-19 22:32,9,26.71,42.86
2022-03-19 22:34,8,26.37,39.59
2022-03-19 22:34,10,26.71,44.08
2022-03-19 22:39,4,26.37,56.73
2022-03-19 22:40,7,26.02,35.51
2022-03-19 22:42,3,26.37,42.04
2022-03-19 22:43,1,25.33,59.18
2022-03-19 22:45,12,26.71,35.1
2022-03-19 22:48,5,25.67,37.14
2022-03-19 22:51,11,25.67,42.04
2022-03-19 22:52,9,26.71,42.86
2022-03-19 22:53,8,26.37,39.59
2022-03-19 22:54,10,26.71,44.08
2022-03-19 22:59,4,26.37,56.73
2022-03-19 23:00,7,26.02,35.51
2022-03-19 23:02,1,25.33,59.59
2022-03-19 23:02,3,26.37,42.04
2022-03-19 23:06,6,25.67,37.55
2022-03-19 23:08,5,25.33,37.14
2022-03-19 23:10,11,25.67,42.04
2022-03-19 23:12,9,26.37,42.86
2022-03-19 23:13,8,26.37,39.59
2022-03-19 23:14,10,26.71,44.08
2022-03-19 23:19,4,26.02,56.33
2022-03-19 23:20,7,25.67,35.51
2022-03-19 23:22,1,25.33,59.59
2022-03-19 23:22,3,26.02,42.04
2022-03-19 23:25,12,26.71,35.1
2022-03-19 23:26,6,25.67,37.96
2022-03-19 23:28,5,25.33,37.14
2022-03-19 23:30,11,25.67,42.04
2022-03-19 23:32,9,26.37,42.86
2022-03-19 23:33,8,26.02,39.59
2022-03-19 23:34,10,26.37,44.08
2022-03-19 23:39,4,26.02,56.73
2022-03-19 23:40,7,25.67,35.51
2022-03-19 23:42,1,25.33,59.18
2022-03-19 23:42,3,26.02,42.45
2022-03-19 23:44,12,26.37,35.1
2022-03-19 23:48,5,25.33,37.14
2022-03-19 23:50,11,25.67,42.04
2022-03-19 23:52,9,26.37,42.86
2022-03-19 23:53,8,26.02,39.59
2022-03-19 23:54,10,26.37,44.08
2022-03-19 23:59,4,26.02,56.33
2022-03-20 00:00,7,25.67,35.51
2022-03-20 00:02,1,25.33,59.18
2022-03-20 00:02,3,26.02,42.45
2022-03-20 00:04,12,26.37,35.1
2022-03-20 00:08,5,25.33,37.14
2022-03-20 00:10,11,25.67,42.04
2022-03-20 00:11,9,26.37,42.86
2022-03-20 00:13,8,26.02,39.59
2022-03-20 00:19,4,26.02,56.73
2022-03-20 00:20,7,25.67,35.51
2022-03-20 00:22,1,25.33,59.18
2022-03-20 00:22,3,26.02,42.45
2022-03-20 00:24,12,26.02,35.1
2022-03-20 00:26,6,25.33,37.96
2022-03-20 00:28,5,25.33,37.55
2022-03-20 00:31,9,26.02,42.86
2022-03-20 00:33,8,25.67,40
2022-03-20 00:34,10,26.02,44.08
2022-03-20 00:38,4,25.67,56.73
2022-03-20 00:40,7,25.67,35.51
2022-03-20 00:42,1,24.98,59.59
2022-03-20 00:42,3,25.67,42.45
2022-03-20 00:44,12,26.02,35.1
2022-03-20 00:46,6,25.33,37.96
2022-03-20 00:48,5,24.98,37.55
2022-03-20 00:50,11,25.33,42.04
2022-03-20 00:51,9,26.02,42.86
2022-03-20 00:53,8,25.67,39.59
2022-03-20 00:54,10,26.02,44.49
2022-03-20 00:58,4,25.67,56.73
2022-03-20 00:59,7,25.67,35.51
2022-03-20 01:01,3,25.67,42.04
2022-03-20 01:02,1,24.98,59.18
2022-03-20 01:04,12,26.02,35.1
2022-03-20 01:08,5,24.98,37.55
2022-03-20 01:10,11,25.33,42.04
2022-03-20 01:11,9,26.02,42.86
2022-03-20 01:13,8,25.67,39.59
2022-03-20 01:14,10,26.02,44.08
2022-03-20 01:18,4,25.67,56.33
2022-03-20 01:19,7,25.33,35.51
2022-03-20 01:21,3,25.67,42.04
2022-03-20 01:22,1,24.98,59.18
2022-03-20 01:24,12,25.67,35.51
2022-03-20 01:27,5,24.98,37.55
2022-03-20 01:30,11,25.33,42.04
2022-03-20 01:31,9,25.67,42.86
2022-03-20 01:33,8,25.67,40
2022-03-20 01:34,10,25.67,44.49
2022-03-20 01:38,4,25.67,56.33
2022-03-20 01:39,7,25.33,35.51
2022-03-20 01:41,1,24.98,59.18
2022-03-20 01:41,3,25.67,42.04
2022-03-20 01:44,12,25.67,35.51
2022-03-20 01:47,5,24.98,37.55
2022-03-20 01:50,11,25.33,42.04
2022-03-20 01:51,9,25.67,42.86
2022-03-20 01:53,8,25.33,40
2022-03-20 01:54,10,25.67,44.49
2022-03-20 01:58,4,25.33,56.33
2022-03-20 01:59,7,25.33,35.51
2022-03-20 02:01,1,24.98,59.18
2022-03-20 02:01,3,25.33,42.45
2022-03-20 02:04,12,25.67,35.51
2022-03-20 02:05,6,24.98,38.78
2022-03-20 02:07,5,24.63,37.55
2022-03-20 02:10,11,24.98,42.04
2022-03-20 02:11,9,25.67,42.86
2022-03-20 02:13,8,25.33,40
2022-03-20 02:13,10,25.67,44.49
2022-03-20 02:18,4,25.33,56.73
2022-03-20 02:19,7,25.33,35.51
2022-03-20 02:21,1,24.98,59.18
2022-03-20 02:21,3,25.33,42.04
2022-03-20 02:25,6,24.98,39.18
2022-03-20 02:27,5,24.63,37.55
2022-03-20 02:29,11,24.98,42.04
2022-03-20 02:31,9,25.33,42.45
2022-03-20 02:32,8,25.33,40
2022-03-20 02:33,10,25.33,44.49
2022-03-20 02:38,4,25.33,56.33
2022-03-20 02:39,7,25.33,35.92
2022-03-20 02:41,1,24.63,59.18
2022-03-20 02:41,3,25.33,42.04
2022-03-20 02:44,12,25.33,35.51
2022-03-20 02:45,6,24.98,39.18
2022-03-20 02:47,5,24.63,37.55
2022-03-20 02:49,11,24.98,42.04
2022-03-20 02:51,9,25.33,42.86
2022-03-20 02:52,8,24.98,40
2022-03-20 02:53,10,25.33,44.49
2022-03-20 02:58,4,25.33,56.33
2022-03-20 02:59,7,24.98,35.92
2022-03-20 03:01,1,24.63,59.18
2022-03-20 03:01,3,25.33,42.04
2022-03-20 03:04,12,25.33,35.51
2022-03-20 03:05,6,24.98,39.18
2022-03-20 03:07,5,24.63,37.55
2022-03-20 03:09,11,24.98,42.04
2022-03-20 03:11,9,25.33,42.45
2022-03-20 03:12,8,24.98,40
2022-03-20 03:13,10,24.98,44.49
2022-03-20 03:18,4,24.98,56.33
2022-03-20 03:19,7,24.98,35.92
2022-03-20 03:21,1,24.63,59.18
2022-03-20 03:21,3,24.98,42.45
2022-03-20 03:23,12,24.98,35.51
2022-03-20 03:27,5,24.29,37.55
2022-03-20 03:29,11,24.98,42.04
2022-03-20 03:30,9,25.33,42.45
2022-03-20 03:32,8,24.98,40
2022-03-20 03:38,4,24.98,56.33
2022-03-20 03:39,7,24.98,35.92
2022-03-20 03:41,1,24.63,59.18
2022-03-20 03:41,3,24.98,42.45
2022-03-20 03:43,12,24.98,35.51
2022-03-20 03:45,6,24.63,39.59
2022-03-20 03:47,5,24.29,37.55
2022-03-20 03:49,11,24.63,42.04
2022-03-20 03:50,9,24.98,42.45
2022-03-20 03:53,10,24.98,44.49
2022-03-20 03:58,4,24.98,56.33
2022-03-20 03:59,7,24.98,35.92
2022-03-20 04:01,1,24.63,59.18
2022-03-20 04:01,3,24.98,42.45
2022-03-20 04:03,12,24.98,35.51
2022-03-20 04:07,5,24.29,37.55
2022-03-20 04:09,11,24.63,42.04
2022-03-20 04:10,9,24.98,42.45
2022-03-20 04:12,8,24.63,39.59
2022-03-20 04:13,10,24.63,44.49
2022-03-20 04:17,4,24.98,56.33
2022-03-20 04:18,7,24.98,35.92
2022-03-20 04:21,1,24.29,59.18
2022-03-20 04:21,3,24.98,42.45
2022-03-20 04:23,12,24.63,35.1
2022-03-20 04:25,6,24.63,39.59
2022-03-20 04:27,5,24.29,37.55
2022-03-20 04:29,11,24.63,42.45
2022-03-20 04:30,9,24.98,42.86
2022-03-20 04:32,8,24.63,40
2022-03-20 04:37,4,24.63,56.33
2022-03-20 04:38,7,24.63,35.92
2022-03-20 04:40,3,24.63,42.04
2022-03-20 04:43,12,24.63,35.1
2022-03-20 04:46,5,23.94,37.55
2022-03-20 04:49,11,24.63,42.45
2022-03-20 04:50,9,24.63,42.45
2022-03-20 04:52,8,24.63,40
2022-03-20 04:53,10,24.63,44.49
2022-03-20 04:57,4,24.63,56.33
2022-03-20 04:58,7,24.63,35.92
2022-03-20 05:00,1,24.29,59.18
2022-03-20 05:00,3,24.63,42.04
2022-03-20 05:06,5,23.94,37.55
2022-03-20 05:09,11,24.29,42.45
2022-03-20 05:10,9,24.63,42.86
2022-03-20 05:12,8,24.63,40
2022-03-20 05:13,10,24.63,44.49
2022-03-20 05:17,4,24.63,56.33
2022-03-20 05:18,7,24.63,36.33
2022-03-20 05:20,1,24.29,59.18
2022-03-20 05:20,3,24.63,42.45
2022-03-20 05:23,12,24.63,35.51
2022-03-20 05:24,6,24.29,39.59
2022-03-20 05:26,5,23.94,37.55
2022-03-20 05:28,11,24.29,42.45
2022-03-20 05:30,9,24.63,42.45
2022-03-20 05:32,8,24.29,40
2022-03-20 05:33,10,24.29,44.49
2022-03-20 05:37,4,24.63,56.33
2022-03-20 05:38,7,24.63,36.33
2022-03-20 05:40,1,24.29,59.18
2022-03-20 05:40,3,24.63,42.45
2022-03-20 05:44,6,24.29,39.59
2022-03-20 05:46,5,23.94,37.96
2022-03-20 05:48,11,24.29,42.45
2022-03-20 05:50,9,24.63,42.86
2022-03-20 05:52,8,24.29,40
2022-03-20 05:57,4,24.29,56.33
2022-03-20 05:58,7,24.29,36.33
2022-03-20 06:00,1,24.29,59.18
2022-03-20 06:00,3,24.29,42.45
2022-03-20 06:03,12,24.29,35.51
2022-03-20 06:04,6,24.29,39.59
2022-03-20 06:06,5,23.94,37.96
2022-03-20 06:08,11,24.29,42.45
2022-03-20 06:10,9,24.29,42.45
2022-03-20 06:11,8,24.29,40
2022-03-20 06:13,10,24.29,44.49
2022-03-20 06:17,4,24.29,56.33
2022-03-20 06:18,7,24.29,36.33
2022-03-20 06:20,1,23.94,59.18
2022-03-20 06:20,3,24.29,42.04
2022-03-20 06:23,12,24.29,35.51
2022-03-20 06:24,6,23.94,39.59
2022-03-20 06:26,5,23.59,37.96
2022-03-20 06:28,11,24.29,42.45
2022-03-20 06:30,9,24.29,42.86
2022-03-20 06:31,8,24.29,40
2022-03-20 06:32,10,23.94,44.49
2022-03-20 06:37,4,24.29,56.73
2022-03-20 06:38,7,24.29,36.33
2022-03-20 06:40,1,23.94,59.18
2022-03-20 06:40,3,24.29,42.45
2022-03-20 06:42,12,24.29,35.51
2022-03-20 06:44,6,23.94,40
2022-03-20 06:46,5,23.59,37.96
2022-03-20 06:48,11,23.94,42.45
2022-03-20 06:49,9,24.29,42.45
2022-03-20 06:52,10,23.94,44.49
2022-03-20 06:57,4,24.29,56.33
2022-03-20 06:58,7,24.29,36.33
2022-03-20 07:00,1,23.94,58.78
2022-03-20 07:00,3,24.29,42.45
2022-03-20 07:02,12,23.94,35.51
2022-03-20 07:06,5,23.59,37.96
2022-03-20 07:08,11,23.94,42.45
2022-03-20 07:09,9,24.29,42.86
2022-03-20 07:11,8,23.94,40
2022-03-20 07:12,10,23.94,44.49
2022-03-20 07:17,4,24.29,56.33
2022-03-20 07:18,7,24.29,36.33
2022-03-20 07:20,1,23.94,59.18
2022-03-20 07:20,3,24.29,42.45
2022-03-20 07:22,12,23.94,35.51
2022-03-20 07:26,5,23.59,37.96
2022-03-20 07:28,11,23.94,42.45
2022-03-20 07:29,9,24.29,42.45
2022-03-20 07:31,8,23.94,40
2022-03-20 07:32,10,23.94,44.49
2022-03-20 07:37,4,24.29,56.73
2022-03-20 07:38,7,23.94,36.33
2022-03-20 07:40,1,23.94,59.18
2022-03-20 07:40,3,24.29,42.45
2022-03-20 07:42,12,23.94,35.51
2022-03-20 07:44,6,23.94,40
2022-03-20 07:46,5,23.59,38.37
2022-03-20 07:48,11,23.94,42.45
2022-03-20 07:49,9,23.94,42.45
2022-03-20 07:51,8,23.94,40
2022-03-20 07:52,10,23.94,44.49
2022-03-20 07:56,4,23.94,56.33
2022-03-20 07:57,7,23.94,36.33
2022-03-20 08:00,1,23.94,59.18
2022-03-20 08:00,3,23.94,42.45
2022-03-20 08:02,12,23.94,35.51
2022-03-20 08:06,5,23.24,37.96
2022-03-20 08:08,11,23.94,42.45
2022-03-20 08:09,9,23.94,42.86
2022-03-20 08:12,10,23.59,44.49
2022-03-20 08:16,4,23.94,56.33
2022-03-20 08:17,7,23.94,36.73
2022-03-20 08:19,3,23.94,42.45
2022-03-20 08:20,1,23.59,59.18
2022-03-20 08:22,12,23.94,35.51
2022-03-20 08:25,5,23.24,37.96
2022-03-20 08:27,11,23.94,42.45
2022-03-20 08:29,9,23.94,42.86
2022-03-20 08:31,8,23.94,40
2022-03-20 08:32,10,23.59,44.49
2022-03-20 08:36,4,23.94,56.33
2022-03-20 08:37,7,23.94,36.73
2022-03-20 08:39,1,23.59,59.18
2022-03-20 08:39,3,23.94,42.45
2022-03-20 08:42,12,23.59,35.51
2022-03-20 08:44,6,23.59,40
2022-03-20 08:45,5,23.24,37.96
2022-03-20 08:47,11,23.59,42.45
2022-03-20 08:49,9,23.94,42.45
2022-03-20 08:51,8,23.94,40
2022-03-20 08:52,10,23.59,44.49
2022-03-20 08:56,4,23.94,56.33
2022-03-20 08:57,7,23.94,36.73
2022-03-20 08:59,3,23.94,42.45
2022-03-20 09:02,12,23.59,35.51
2022-03-20 09:03,6,23.59,40
2022-03-20 09:05,5,23.24,37.96
2022-03-20 09:07,11,23.59,42.86
2022-03-20 09:09,9,23.94,42.45
2022-03-20 09:11,8,23.59,40
2022-03-20 09:12,10,23.59,44.49
2022-03-20 09:16,4,23.94,56.33
2022-03-20 09:17,7,23.94,36.73
2022-03-20 09:19,3,23.94,42.45
2022-03-20 09:22,12,23.59,35.51
2022-03-20 09:23,6,23.59,40.41
2022-03-20 09:25,5,23.24,37.96
2022-03-20 09:27,11,23.59,42.45
2022-03-20 09:29,9,23.94,42.45
2022-03-20 09:31,8,23.59,40
2022-03-20 09:32,10,23.59,44.49
2022-03-20 09:36,4,23.94,56.33
2022-03-20 09:37,7,23.94,36.73
2022-03-20 09:39,1,23.59,59.18
2022-03-20 09:39,3,23.94,42.45
2022-03-20 09:42,12,23.59,35.51
2022-03-20 09:43,6,23.59,40.41
2022-03-20 09:45,5,23.24,37.96
2022-03-20 09:47,11,23.59,42.86
2022-03-20 09:49,9,23.59,42.45
2022-03-20 09:52,10,23.24,44.49
2022-03-20 09:56,4,23.94,56.33
2022-03-20 09:57,7,23.59,36.73
2022-03-20 09:59,1,23.59,59.18
2022-03-20 09:59,3,23.94,42.45
2022-03-20 10:01,12,23.59,35.51
2022-03-20 10:03,6,23.59,40.41
2022-03-20 10:05,5,22.9,37.96
2022-03-20 10:07,11,23.59,42.86
2022-03-20 10:08,9,23.59,42.45
2022-03-20 10:10,8,23.59,40
2022-03-20 10:12,10,23.24,44.49
2022-03-20 10:16,4,23.59,56.33
2022-03-20 10:17,7,23.59,36.73
2022-03-20 10:19,1,23.59,59.18
2022-03-20 10:19,3,23.59,42.45
2022-03-20 10:21,12,23.24,35.51
2022-03-20 10:25,5,22.9,37.96
2022-03-20 10:27,11,23.59,42.45
2022-03-20 10:28,9,23.59,42.45
2022-03-20 10:30,8,23.59,40
2022-03-20 10:36,4,23.59,56.33
2022-03-20 10:37,7,23.59,36.73
2022-03-20 10:39,3,23.59,42.45
2022-03-20 10:41,12,23.24,35.51
2022-03-20 10:45,5,22.9,37.96
2022-03-20 10:47,11,23.59,42.45
2022-03-20 10:48,9,23.59,42.45
2022-03-20 10:50,8,23.59,40
2022-03-20 10:51,10,23.24,44.49
2022-03-20 10:56,4,23.59,56.33
2022-03-20 10:57,7,23.59,36.73
2022-03-20 10:59,1,23.24,59.18
2022-03-20 10:59,3,23.59,42.45
2022-03-20 11:01,12,23.24,35.51
2022-03-20 11:03,6,23.24,40.41
2022-03-20 11:05,5,22.9,37.96
2022-03-20 11:07,11,23.24,42.45
2022-03-20 11:08,9,23.59,42.45
2022-03-20 11:10,8,23.59,40
2022-03-20 11:11,10,23.24,44.49
2022-03-20 11:16,4,23.59,55.92
2022-03-20 11:16,7,23.59,36.73
2022-03-20 11:19,1,23.24,59.18
2022-03-20 11:19,3,23.59,42.45
2022-03-20 11:21,12,23.24,35.51
2022-03-20 11:23,6,23.24,40.82
2022-03-20 11:25,5,22.9,37.96
2022-03-20 11:27,11,23.24,42.45
2022-03-20 11:28,9,23.59,42.86
2022-03-20 11:30,8,23.24,40
2022-03-20 11:31,10,23.24,44.49
2022-03-20 11:36,4,23.59,56.33
2022-03-20 11:36,7,23.59,36.73
2022-03-20 11:39,1,23.24,59.18
2022-03-20 11:39,3,23.59,42.86
2022-03-20 11:41,12,23.24,35.51
2022-03-20 11:43,6,23.24,40.41
2022-03-20 11:45,5,22.9,37.96
2022-03-20 11:47,11,23.24,42.45
2022-03-20 11:48,9,23.59,42.86
2022-03-20 11:50,8,23.59,40
2022-03-20 11:51,10,22.9,44.49
2022-03-20 11:55,4,23.59,56.33
2022-03-20 11:56,7,23.59,36.73
2022-03-20 11:59,1,23.24,59.18
2022-03-20 11:59,3,23.59,42.45
2022-03-20 12:01,12,23.24,35.51
2022-03-20 12:03,6,23.24,40.41
2022-03-20 12:04,5,22.9,37.96
2022-03-20 12:07,11,23.24,42.86
2022-03-20 12:08,9,23.59,42.86
2022-03-20 12:10,8,23.59,40.41
2022-03-20 12:11,10,22.9,44.49
2022-03-20 21:49,10,27.76,43.27
2022-03-20 21:53,4,26.37,55.51
2022-03-20 21:54,7,25.67,34.69
2022-03-20 21:56,1,25.33,58.37
2022-03-20 21:58,12,27.06,34.69
2022-03-20 22:01,6,26.02,39.18
2022-03-20 22:02,5,25.33,36.73
2022-03-20 22:04,11,25.67,41.63
2022-03-20 22:05,9,26.71,42.45
2022-03-20 22:07,8,27.06,38.78
2022-03-20 22:09,10,27.41,43.27
2022-03-20 22:13,4,26.37,55.51
2022-03-20 22:13,7,25.67,34.69
2022-03-20 22:15,1,25.33,58.37
2022-03-20 22:16,3,26.37,41.63
2022-03-20 22:18,12,27.06,34.69
2022-03-20 22:20,6,26.02,39.18
2022-03-20 22:22,5,25.33,36.73
2022-03-20 22:24,11,25.67,41.63
2022-03-20 22:25,9,26.71,42.45
2022-03-20 22:27,8,27.06,38.78
2022-03-20 22:29,10,27.41,43.27
2022-03-20 22:33,4,26.37,55.1
2022-03-20 22:33,7,25.67,34.69
2022-03-20 22:35,1,25.33,58.37
2022-03-20 22:38,12,27.06,34.69
2022-03-20 22:40,6,25.67,39.18
2022-03-20 22:42,5,25.33,36.73
2022-03-20 22:44,11,25.67,41.63
2022-03-20 22:45,9,26.71,42.45
2022-03-20 22:47,8,27.06,38.78
2022-03-20 22:53,4,26.02,55.1
2022-03-20 22:53,7,25.67,34.69
2022-03-20 22:55,1,24.98,58.37
2022-03-20 22:56,3,26.02,41.63
2022-03-20 22:58,12,27.06,34.69
2022-03-20 23:00,6,25.67,39.18
2022-03-20 23:01,5,25.33,36.73
2022-03-20 23:03,11,25.67,41.63
2022-03-20 23:05,9,26.37,42.04
2022-03-20 23:07,8,26.71,38.78
2022-03-20 23:09,10,27.06,43.27
2022-03-20 23:13,4,26.02,55.1
2022-03-20 23:13,7,25.67,34.69
2022-03-20 23:15,1,24.98,58.37
2022-03-20 23:15,3,26.02,41.63
2022-03-20 23:18,12,26.71,34.69
2022-03-20 23:20,6,25.67,38.78
2022-03-20 23:21,5,25.33,36.73
2022-03-20 23:23,11,25.67,41.63
2022-03-20 23:25,9,26.37,42.04
2022-03-20 23:27,8,26.71,38.78
2022-03-20 23:28,10,27.06,43.27
2022-03-20 23:32,4,26.02,55.1
2022-03-20 23:33,7,25.67,34.69
2022-03-20 23:35,1,24.98,58.37
2022-03-20 23:35,3,26.02,41.63
2022-03-20 23:38,12,26.71,34.69
2022-03-20 23:40,6,25.67,38.78
2022-03-20 23:41,5,25.33,36.73
2022-03-20 23:43,11,25.67,41.63
2022-03-20 23:45,9,26.37,42.04
2022-03-20 23:47,8,26.71,38.78
2022-03-20 23:48,10,27.06,43.27
2022-03-20 23:52,4,26.02,55.1
2022-03-20 23:53,7,25.67,34.69
2022-03-20 23:55,1,24.98,58.37
2022-03-20 23:55,3,25.67,41.63
2022-03-20 23:58,12,26.71,34.69
2022-03-21 00:00,6,25.67,38.78
2022-03-21 00:01,5,24.98,36.73
2022-03-21 00:03,11,25.33,41.63
2022-03-21 00:04,9,26.02,42.04
2022-03-21 00:08,10,26.71,43.27
2022-03-21 00:12,4,26.02,55.1
2022-03-21 00:13,7,25.33,34.69
2022-03-21 00:15,1,24.98,58.37
2022-03-21 00:15,3,25.67,41.63
2022-03-21 00:18,12,26.37,34.69
2022-03-21 00:20,6,25.33,39.18
2022-03-21 00:21,5,24.98,36.73
2022-03-21 00:23,11,25.33,41.63
2022-03-21 00:24,9,26.02,42.04
2022-03-21 00:27,8,26.37,38.78
2022-03-21 00:32,4,25.67,55.1
2022-03-21 00:33,7,25.33,34.69
2022-03-21 00:35,1,24.98,58.37
2022-03-21 00:35,3,25.67,41.63
2022-03-21 00:38,12,26.37,34.69
2022-03-21 00:40,6,25.33,38.78
2022-03-21 00:41,5,24.98,36.73
2022-03-21 00:43,11,25.33,41.63
2022-03-21 00:44,9,26.02,42.04
2022-03-21 00:47,8,26.37,38.78
2022-03-21 00:48,10,26.71,43.27
2022-03-21 00:52,4,25.67,55.1
2022-03-21 00:53,7,25.33,34.69
2022-03-21 00:55,3,25.67,41.63
2022-03-21 00:58,12,26.37,34.69
2022-03-21 01:00,6,25.33,39.18
2022-03-21 01:01,5,24.98,36.73
2022-03-21 01:03,11,25.33,41.63
2022-03-21 01:04,9,26.02,42.04
2022-03-21 01:07,8,26.37,38.78
2022-03-21 01:08,10,26.37,43.27
2022-03-21 01:12,4,25.67,55.1
2022-03-21 01:12,7,25.33,34.69
2022-03-21 01:14,1,24.98,58.37
2022-03-21 01:15,3,25.67,41.63
2022-03-21 01:17,12,26.02,34.69
2022-03-21 01:20,6,25.33,39.18
2022-03-21 01:21,5,24.98,36.73
2022-03-21 01:23,11,25.33,41.63
2022-03-21 01:24,9,25.67,42.04
2022-03-21 01:26,8,26.02,38.78
2022-03-21 01:28,10,26.37,43.27
2022-03-21 01:32,4,25.67,55.1
2022-03-21 01:32,7,25.33,35.1
2022-03-21 01:34,1,24.98,58.37
2022-03-21 01:35,3,25.67,41.63
2022-03-21 01:37,12,26.02,34.69
2022-03-21 01:40,6,25.33,39.18
2022-03-21 01:41,5,24.98,36.73
2022-03-21 01:43,11,25.33,41.63
2022-03-21 01:44,9,25.67,42.04
2022-03-21 01:46,8,26.02,38.78
2022-03-21 01:52,4,25.67,55.1
2022-03-21 01:52,7,25.33,35.1
2022-03-21 01:54,1,24.98,58.37
2022-03-21 01:55,3,25.33,41.63
2022-03-21 01:57,12,26.02,34.69
2022-03-21 01:59,6,25.33,39.18
2022-03-21 02:01,5,24.63,36.73
2022-03-21 02:03,11,24.98,41.63
2022-03-21 02:04,9,25.67,42.04
2022-03-21 02:06,8,26.02,38.78
2022-03-21 02:08,10,26.02,43.27
2022-03-21 02:12,4,25.33,55.1
2022-03-21 02:12,7,25.33,35.1
2022-03-21 02:14,1,24.63,57.96
2022-03-21 02:15,3,25.33,41.63
2022-03-21 02:17,12,25.67,34.69
2022-03-21 02:19,6,24.98,39.18
2022-03-21 02:20,5,24.63,36.73
2022-03-21 02:23,11,24.98,41.63
2022-03-21 02:24,9,25.67,42.04
2022-03-21 02:26,8,25.67,38.78
2022-03-21 02:28,10,26.02,43.27
2022-03-21 02:32,4,25.33,55.1
2022-03-21 02:32,7,24.98,35.1
2022-03-21 02:34,1,24.63,57.96
2022-03-21 02:35,3,25.33,41.63
2022-03-21 02:37,12,25.67,34.69
2022-03-21 02:39,6,24.98,39.18
2022-03-21 02:40,5,24.63,36.73
2022-03-21 02:42,11,24.98,41.63
2022-03-21 02:44,9,25.33,42.04
2022-03-21 02:48,10,26.02,43.27
2022-03-21 02:52,4,25.33,55.1
2022-03-21 02:52,7,24.98,35.1
2022-03-21 02:54,1,24.63,57.96
2022-03-21 02:54,3,25.33,41.63
2022-03-21 02:57,12,25.67,34.69
2022-03-21 02:59,6,24.98,39.59
2022-03-21 03:00,5,24.63,36.73
2022-03-21 03:02,11,24.98,41.63
2022-03-21 03:04,9,25.33,42.04
2022-03-21 03:06,8,25.67,38.78
2022-03-21 03:08,10,25.67,43.27
2022-03-21 03:11,4,25.33,55.1
2022-03-21 03:12,7,24.98,35.1
2022-03-21 03:14,1,24.63,57.96
2022-03-21 03:14,3,25.33,41.63
2022-03-21 03:17,12,25.67,34.69
2022-03-21 03:19,6,24.98,39.59
2022-03-21 03:20,5,24.63,36.73
2022-03-21 03:22,11,24.98,41.63
2022-03-21 03:24,9,25.33,42.04
2022-03-21 03:26,8,25.67,38.78
2022-03-21 03:31,4,25.33,55.1
2022-03-21 03:32,7,24.98,35.1
2022-03-21 03:34,1,24.63,57.96
2022-03-21 03:34,3,25.33,41.63
2022-03-21 03:37,12,25.33,34.69
2022-03-21 03:39,6,24.98,39.59
2022-03-21 03:40,5,24.29,36.73
2022-03-21 03:42,11,24.98,41.63
2022-03-21 03:43,9,25.33,42.04
2022-03-21 03:46,8,25.67,38.78
2022-03-21 03:47,10,25.67,43.27
2022-03-21 03:52,7,24.98,35.1
2022-03-21 03:54,1,24.63,57.96
2022-03-21 03:54,3,24.98,41.63
2022-03-21 03:57,12,25.33,34.69
2022-03-21 03:59,6,24.98,39.59
2022-03-21 04:00,5,24.29,36.73
2022-03-21 04:02,11,24.63,41.63
2022-03-21 04:03,9,25.33,42.04
2022-03-21 04:11,4,24.98,55.1
2022-03-21 04:12,7,24.98,35.51
2022-03-21 04:13,1,24.63,57.96
2022-03-21 04:14,3,24.98,41.63
2022-03-21 04:17,12,25.33,34.69
2022-03-21 04:19,6,24.63,39.59
2022-03-21 04:20,5,24.29,36.73
2022-03-21 04:22,11,24.63,41.63
2022-03-21 04:23,9,24.98,42.04
2022-03-21 04:26,8,25.33,38.78
2022-03-21 04:31,4,24.98,55.1
2022-03-21 04:31,7,24.98,35.1
2022-03-21 04:33,1,24.29,57.96
2022-03-21 04:34,3,24.98,41.63
2022-03-21 04:36,12,25.33,34.69
2022-03-21 04:39,6,24.63,39.59
2022-03-21 04:40,5,24.29,36.73
2022-03-21 04:42,11,24.63,41.63
2022-03-21 04:43,9,24.98,42.04
2022-03-21 04:46,8,25.33,38.78
2022-03-21 04:47,10,25.33,43.27
2022-03-21 04:51,4,24.98,55.1
2022-03-21 04:51,7,24.63,35.1
2022-03-21 04:53,1,24.29,57.96
2022-03-21 04:54,3,24.98,41.63
2022-03-21 04:56,12,24.98,34.69
2022-03-21 04:59,6,24.63,39.59
2022-03-21 05:00,5,24.29,36.73
2022-03-21 05:02,11,24.63,42.04
2022-03-21 05:03,9,24.98,42.04
2022-03-21 05:05,8,25.33,39.18
2022-03-21 05:07,10,25.33,43.27
2022-03-21 05:11,4,24.98,55.1
2022-03-21 05:11,7,24.63,35.1
2022-03-21 05:13,1,24.29,57.96
2022-03-21 05:14,3,24.98,41.63
2022-03-21 05:16,12,24.98,34.69
2022-03-21 05:19,6,24.63,39.59
2022-03-21 05:20,5,24.29,36.73
2022-03-21 05:22,11,24.63,41.63
2022-03-21 05:23,9,24.98,42.04
2022-03-21 05:25,8,24.98,39.18
2022-03-21 05:27,10,24.98,43.27
2022-03-21 05:31,4,24.98,55.51
2022-03-21 05:31,7,24.63,35.1
2022-03-21 05:33,1,24.29,57.96
2022-03-21 05:34,3,24.63,41.63
2022-03-21 05:36,12,24.98,34.69
2022-03-21 05:39,5,23.94,36.73
2022-03-21 05:39,6,24.63,39.59
2022-03-21 05:42,11,24.63,41.63
2022-03-21 05:43,9,24.98,42.04
2022-03-21 05:47,10,24.98,43.27
2022-03-21 05:51,4,24.63,55.1
2022-03-21 05:53,1,24.29,57.96
2022-03-21 05:54,3,24.63,41.63
2022-03-21 05:56,12,24.98,34.69
2022-03-21 05:58,6,24.29,39.59
2022-03-21 05:59,5,23.94,37.14
2022-03-21 06:01,11,24.29,42.04
2022-03-21 06:03,9,24.63,42.04
2022-03-21 06:05,8,24.98,38.78
2022-03-21 06:07,10,24.98,43.27
2022-03-21 06:11,4,24.63,55.1
2022-03-21 06:11,7,24.63,35.1
2022-03-21 06:13,1,24.29,57.96
2022-03-21 06:14,3,24.63,41.63
2022-03-21 06:16,12,24.63,34.69
2022-03-21 06:18,6,24.29,39.59
2022-03-21 06:19,5,23.94,37.14
2022-03-21 06:21,11,24.29,42.04
2022-03-21 06:23,9,24.63,42.04
2022-03-21 06:25,8,24.98,39.18
2022-03-21 06:31,4,24.63,55.1
2022-03-21 06:31,7,24.63,35.51
2022-03-21 06:33,1,24.29,57.96
2022-03-21 06:33,3,24.63,41.63
2022-03-21 06:36,12,24.63,34.69
2022-03-21 06:38,6,24.29,39.59
2022-03-21 06:39,5,23.94,37.14
2022-03-21 06:41,11,24.29,42.04
2022-03-21 06:42,9,24.63,42.04
2022-03-21 06:45,8,24.98,39.18
2022-03-21 06:47,10,24.63,43.27
2022-03-21 06:51,4,24.63,55.1
2022-03-21 06:51,7,24.29,35.1
2022-03-21 06:53,1,24.29,57.96
2022-03-21 06:53,3,24.63,41.63
2022-03-21 06:56,12,24.63,35.1
2022-03-21 06:58,6,24.29,39.59
2022-03-21 06:59,5,23.94,37.14
2022-03-21 07:01,11,24.29,42.04
2022-03-21 07:02,9,24.63,42.04
2022-03-21 07:05,8,24.63,39.18
2022-03-21 07:07,10,24.63,43.67
2022-03-21 07:10,4,24.63,55.1
2022-03-21 07:11,7,24.29,35.51
2022-03-21 07:12,1,23.94,57.96
2022-03-21 07:13,3,24.29,41.63
2022-03-21 07:16,12,24.63,34.69
2022-03-21 07:18,6,24.29,39.59
2022-03-21 07:19,5,23.94,37.14
2022-03-21 07:21,11,24.29,42.04
2022-03-21 07:22,9,24.63,42.04
2022-03-21 07:25,8,24.63,39.18
2022-03-21 07:26,10,24.63,43.67
2022-03-21 07:30,4,24.29,55.1
2022-03-21 07:31,7,24.29,35.51
2022-03-21 07:32,1,23.94,57.96
2022-03-21 07:33,3,24.29,41.63
2022-03-21 07:36,12,24.63,34.69
2022-03-21 07:39,5,23.59,37.14
2022-03-21 07:41,11,24.29,42.04
2022-03-21 07:42,9,24.29,42.04
2022-03-21 07:45,8,24.63,39.18
2022-03-21 07:46,10,24.63,43.27
2022-03-21 07:50,4,24.29,54.69
2022-03-21 07:50,7,24.29,35.51
2022-03-21 07:52,1,23.94,57.96
2022-03-21 07:53,3,24.29,41.63
2022-03-21 07:56,12,24.29,34.69
2022-03-21 07:58,6,23.94,39.59
2022-03-21 07:59,5,23.59,37.14
2022-03-21 08:01,11,23.94,42.04
2022-03-21 08:02,9,24.29,42.04
2022-03-21 08:05,8,24.63,39.18
2022-03-21 08:06,10,24.29,43.27
2022-03-21 08:10,4,24.29,55.1
2022-03-21 08:10,7,24.29,35.92
2022-03-21 08:12,1,23.94,57.96
2022-03-21 08:13,3,24.29,42.04
2022-03-21 08:16,12,24.29,34.69
2022-03-21 08:18,6,23.94,39.59
2022-03-21 08:19,5,23.59,37.14
2022-03-21 08:21,11,23.94,42.04
2022-03-21 08:22,9,24.29,42.04
2022-03-21 08:25,8,24.29,39.18
2022-03-21 08:26,10,24.29,43.67
2022-03-21 08:30,4,24.29,55.1
2022-03-21 08:30,7,24.29,35.51
2022-03-21 08:32,1,23.94,57.96
2022-03-21 08:33,3,24.29,42.04
2022-03-21 08:35,12,24.29,34.69
2022-03-21 08:38,6,23.94,39.59
2022-03-21 08:39,5,23.59,37.14
2022-03-21 08:41,11,23.94,42.04
2022-03-21 08:42,9,24.29,42.04
2022-03-21 08:45,8,24.29,39.18
2022-03-21 08:46,10,24.29,43.67
2022-03-21 08:50,4,24.29,55.51
2022-03-21 08:50,7,24.29,35.51
2022-03-21 08:52,1,23.94,57.96
2022-03-21 08:53,3,24.29,42.04
2022-03-21 08:55,12,24.29,34.69
2022-03-21 08:58,6,23.94,40
2022-03-21 08:59,5,23.59,37.14
2022-03-21 09:01,11,23.94,42.04
2022-03-21 09:02,9,24.29,42.04
2022-03-21 09:04,8,24.29,39.18
2022-03-21 09:06,10,24.29,43.67
2022-03-21 09:10,4,24.29,55.51
2022-03-21 09:10,7,23.94,35.92
2022-03-21 09:12,1,23.94,57.55
2022-03-21 09:13,3,24.29,41.63
2022-03-21 09:15,12,24.29,34.69
2022-03-21 09:18,5,23.59,37.14
2022-03-21 09:18,6,23.94,40
2022-03-21 09:21,11,23.94,42.04
2022-03-21 09:22,9,24.29,42.04
2022-03-21 09:24,8,24.29,39.18
2022-03-21 09:26,10,24.29,43.67
2022-03-21 09:30,4,24.29,55.1
2022-03-21 09:30,7,23.94,35.92
2022-03-21 09:32,1,23.94,57.55
2022-03-21 09:33,3,24.29,41.63
2022-03-21 09:35,12,24.29,35.1
2022-03-21 09:38,5,23.24,37.14
2022-03-21 09:38,6,23.94,39.59
2022-03-21 09:40,11,23.94,42.04
2022-03-21 09:42,9,23.94,42.04
2022-03-21 09:44,8,24.29,39.18
2022-03-21 09:46,10,23.94,43.67
2022-03-21 09:50,4,24.29,55.51
2022-03-21 09:50,7,23.94,35.92
2022-03-21 09:52,1,23.59,57.96
2022-03-21 09:53,3,23.94,42.04
2022-03-21 09:55,12,23.94,35.1
2022-03-21 09:58,5,23.24,37.14
2022-03-21 09:58,6,23.94,39.59
2022-03-21 10:00,11,23.94,42.04
2022-03-21 10:02,9,23.94,42.04
2022-03-21 10:04,8,24.29,39.18
2022-03-21 10:06,10,23.94,43.27
2022-03-21 10:10,4,23.94,55.1
2022-03-21 10:10,7,23.94,35.92
2022-03-21 10:12,1,23.59,57.96
2022-03-21 10:12,3,23.94,42.04
2022-03-21 10:15,12,23.94,35.1
2022-03-21 10:17,6,23.59,40
2022-03-21 10:18,5,23.24,37.14
2022-03-21 10:20,11,23.94,42.04
2022-03-21 10:21,9,23.94,42.04
2022-03-21 10:24,8,24.29,39.18
2022-03-21 10:26,10,23.94,43.67
2022-03-21 10:30,4,23.94,55.1
2022-03-21 10:30,7,23.94,35.92
2022-03-21 10:32,1,23.59,57.96
2022-03-21 10:32,3,23.94,42.04
2022-03-21 10:35,12,23.94,35.51
2022-03-21 10:37,6,23.59,40
2022-03-21 10:38,5,23.24,37.14
2022-03-21 10:40,11,23.94,42.45
2022-03-21 10:41,9,23.94,42.04
2022-03-21 10:44,8,24.29,39.18
2022-03-21 10:46,10,23.94,43.67
2022-03-21 10:49,4,23.94,55.1
2022-03-21 10:50,7,23.94,35.92
2022-03-21 10:51,1,23.59,57.55
2022-03-21 10:52,3,23.94,42.04
2022-03-21 10:55,12,23.94,35.51
2022-03-21 10:58,5,23.24,37.14
2022-03-21 11:00,11,23.59,42.45
2022-03-21 11:01,9,23.94,42.04
2022-03-21 11:04,8,23.94,39.18
2022-03-21 11:06,10,23.94,43.67
2022-03-21 11:09,4,23.94,55.1
2022-03-21 11:10,7,23.94,36.33
2022-03-21 11:11,1,23.59,57.55
2022-03-21 11:12,3,23.94,42.04
2022-03-21 11:15,12,23.94,35.1
2022-03-21 11:17,6,23.59,40
2022-03-21 11:18,5,23.24,37.14
2022-03-21 11:20,11,23.59,42.45
2022-03-21 11:21,9,23.94,42.04
2022-03-21 11:24,8,23.94,39.18
2022-03-21 11:26,10,23.94,43.67
2022-03-21 11:29,4,23.94,55.1
2022-03-21 11:29,7,23.94,35.92
2022-03-21 11:31,1,23.59,57.55
2022-03-21 11:32,3,23.94,42.04
2022-03-21 11:35,12,23.94,35.51
2022-03-21 11:38,5,23.24,37.14
2022-03-21 11:40,11,23.59,42.45
2022-03-21 11:41,9,23.94,42.04
2022-03-21 11:44,8,24.29,39.18
2022-03-21 11:46,10,23.94,43.67
2022-03-21 11:49,4,23.94,55.1
2022-03-21 11:49,7,23.94,36.33
2022-03-21 11:51,1,23.59,57.96
2022-03-21 11:52,3,23.94,42.04
2022-03-21 11:55,12,23.94,35.1
2022-03-21 11:57,6,23.59,40
2022-03-21 11:58,5,23.24,37.55
2022-03-21 12:00,11,23.59,42.45
2022-03-21 12:01,9,23.94,42.04
2022-03-21 12:04,8,24.29,39.18
2022-03-21 12:06,10,23.94,43.67
2022-03-21 12:09,4,23.94,55.51
2022-03-21 12:09,7,23.94,36.33
2022-03-21 12:11,1,23.59,57.96
2022-03-21 12:12,3,23.94,42.04
2022-03-21 12:15,12,23.94,35.51
2022-03-21 12:17,6,23.59,40
2022-03-21 12:18,5,23.24,37.55
2022-03-21 12:20,11,23.59,42.45
2022-03-21 12:21,9,23.94,42.04
2022-03-21 12:24,8,24.29,39.18
2022-03-21 12:29,4,23.94,55.51
2022-03-21 12:29,7,23.94,36.33
2022-03-21 12:31,1,23.59,57.55
2022-03-21 12:32,3,24.29,42.04
2022-03-21 12:34,12,23.94,35.1
2022-03-21 12:38,5,23.24,37.55
2022-03-21 12:40,11,23.94,42.45
2022-03-21 12:41,9,23.94,42.04
2022-03-21 12:44,8,24.29,39.18
2022-03-21 12:45,10,23.94,43.67
2022-03-21 12:49,4,24.29,55.51
2022-03-21 12:49,7,23.94,36.33
2022-03-21 12:51,1,23.59,57.55
2022-03-21 12:52,3,24.29,42.04
2022-03-21 12:54,12,24.29,35.51
2022-03-21 12:57,6,23.94,40
2022-03-21 12:58,5,23.24,37.14
2022-03-21 13:00,11,23.94,42.45
2022-03-21 13:01,9,24.29,42.45
2022-03-21 13:04,8,24.63,39.18
2022-03-21 13:05,10,23.94,43.67
2022-03-21 13:09,4,24.29,55.51
2022-03-21 13:09,7,23.94,35.92
2022-03-21 13:11,1,23.59,57.96
2022-03-21 13:12,3,24.29,42.04
2022-03-21 13:14,12,24.29,35.51
2022-03-21 13:17,6,23.94,40
2022-03-21 13:18,5,23.24,37.14
2022-03-21 13:20,11,23.94,42.45
2022-03-21 13:21,9,24.29,42.45
2022-03-21 13:24,8,24.63,39.18
2022-03-21 13:25,10,24.29,43.67
2022-03-21 13:29,4,24.29,55.51
2022-03-21 13:29,7,23.94,36.33
2022-03-21 13:31,1,23.59,57.96
2022-03-21 13:32,3,24.63,42.04
2022-03-21 13:34,12,24.29,35.1
2022-03-21 13:37,5,23.59,37.55
2022-03-21 13:37,6,23.94,40
2022-03-21 13:40,11,23.94,42.45
2022-03-21 13:41,9,24.29,42.04
2022-03-21 13:43,8,24.63,39.18
2022-03-21 13:45,10,24.63,43.67
2022-03-21 13:49,4,24.63,55.1
2022-03-21 13:49,7,23.94,36.33
2022-03-21 13:51,1,23.94,57.55
2022-03-21 13:52,3,24.63,42.04
2022-03-21 13:54,12,24.63,35.51
2022-03-21 13:57,5,23.59,37.55
2022-03-21 13:57,6,23.94,40
2022-03-21 14:00,11,23.94,42.45
2022-03-21 14:01,9,24.63,42.45
2022-03-21 14:05,10,24.63,43.67
2022-03-21 14:09,4,24.63,55.51
2022-03-21 14:09,7,23.94,35.92
2022-03-21 14:11,1,23.94,57.96
2022-03-21 14:12,3,24.98,42.04
2022-03-21 14:14,12,24.63,35.51
2022-03-21 14:17,5,23.59,37.14
2022-03-21 14:17,6,23.94,40
2022-03-21 14:19,11,24.29,42.45
2022-03-21 14:21,9,24.63,42.04
2022-03-21 14:25,10,24.98,43.67
2022-03-21 14:29,4,24.63,55.51
2022-03-21 14:29,7,24.29,35.92
2022-03-21 14:31,1,23.94,57.96
2022-03-21 14:34,12,24.98,35.1
2022-03-21 14:37,5,23.94,37.14
2022-03-21 14:37,6,24.29,39.59
2022-03-21 14:39,11,24.29,42.04
2022-03-21 14:40,9,24.63,42.04
2022-03-21 14:43,8,25.33,38.78
2022-03-21 14:45,10,25.33,43.27
2022-03-21 14:49,4,24.98,55.51
2022-03-21 14:49,7,24.29,35.92
2022-03-21 14:50,1,23.94,57.55
2022-03-21 14:51,3,25.33,42.04
2022-03-21 14:54,12,24.98,35.1
2022-03-21 14:57,5,23.94,37.14
2022-03-21 14:57,6,24.29,40
2022-03-21 14:59,11,24.29,42.04
2022-03-21 15:00,9,24.98,42.45
2022-03-21 15:03,8,25.67,38.78
2022-03-21 15:09,7,24.29,35.92
2022-03-21 15:10,1,24.29,57.55
2022-03-21 15:11,3,25.33,42.04
2022-03-21 15:14,12,24.98,35.1
2022-03-21 15:17,5,23.94,37.14
2022-03-21 15:17,6,24.29,39.59
2022-03-21 15:19,11,24.63,42.45
2022-03-21 15:20,9,24.98,42.45
2022-03-21 15:23,8,26.02,38.78
2022-03-21 15:25,10,26.02,43.27
2022-03-21 15:29,4,25.33,55.51
2022-03-21 15:29,7,24.29,35.51
2022-03-21 15:30,1,24.29,57.55
2022-03-21 15:31,3,25.67,42.04
2022-03-21 15:34,12,25.33,35.1
2022-03-21 15:37,5,24.29,36.73
2022-03-21 15:39,11,24.63,42.04
2022-03-21 15:40,9,24.98,42.04
2022-03-21 15:43,8,26.37,38.78
2022-03-21 15:45,10,26.37,43.27
2022-03-21 15:49,4,25.67,55.51
2022-03-21 15:49,7,24.63,35.92
2022-03-21 15:50,1,24.29,57.55
2022-03-21 15:51,3,25.67,42.04
2022-03-21 15:54,12,25.33,35.1
2022-03-21 15:57,5,24.29,36.73
2022-03-21 15:59,11,24.98,42.04
2022-03-21 16:00,9,25.33,42.04
2022-03-21 16:03,8,26.71,38.37
2022-03-21 16:05,10,26.71,43.27
2022-03-21 16:08,4,26.02,55.51
2022-03-21 16:08,7,24.63,35.51
2022-03-21 16:10,1,24.63,57.55
2022-03-21 16:11,3,26.02,42.04
2022-03-21 16:14,12,25.67,35.1
2022-03-21 16:16,6,24.63,39.59
2022-03-21 16:17,5,24.63,36.73
2022-03-21 16:19,11,24.98,42.04
2022-03-21 16:20,9,25.33,42.04
2022-03-21 16:23,8,27.06,38.37
2022-03-21 16:25,10,27.41,43.27
2022-03-21 16:28,4,26.02,55.51
2022-03-21 16:28,7,24.63,35.51
2022-03-21 16:30,1,24.63,57.55
2022-03-21 16:31,3,26.02,42.04
2022-03-21 16:34,12,25.67,35.1
2022-03-21 16:36,6,24.98,39.18
2022-03-21 16:37,5,24.63,36.73
2022-03-21 16:39,11,25.33,42.04
2022-03-21 16:40,9,25.67,42.04
2022-03-21 16:43,8,27.41,38.37
2022-03-21 16:48,4,26.37,55.51
2022-03-21 16:48,7,24.98,35.51
2022-03-21 16:50,1,24.63,57.96
2022-03-21 16:51,3,26.37,41.63
2022-03-21 16:53,12,26.02,35.1
2022-03-21 16:56,6,24.98,39.18
2022-03-21 16:57,5,24.63,36.73
2022-03-21 16:59,11,25.33,41.63
2022-03-21 17:00,9,25.67,42.04
2022-03-21 17:03,8,27.76,38.78
2022-03-21 17:05,10,28.1,42.86
2022-03-21 17:08,4,26.37,55.51
2022-03-21 17:08,7,24.98,35.1
2022-03-21 17:10,1,24.63,57.96
2022-03-21 17:11,3,26.37,41.63
2022-03-21 17:13,12,26.02,35.1
2022-03-21 17:16,6,24.98,39.18
2022-03-21 17:17,5,24.98,36.73
2022-03-21 17:19,11,25.67,41.63
2022-03-21 17:20,9,25.67,42.04
2022-03-21 17:23,8,27.76,38.37
2022-03-21 17:28,4,26.37,55.1
2022-03-21 17:28,7,24.98,35.1
2022-03-21 17:30,1,24.98,57.55
2022-03-21 17:31,3,26.37,41.63
2022-03-21 17:33,12,26.37,35.1
2022-03-21 17:36,5,24.98,36.73
2022-03-21 17:36,6,25.33,39.18
2022-03-21 17:39,11,25.67,41.63
2022-03-21 17:40,9,26.02,42.04
2022-03-21 17:43,8,28.1,38.37
2022-03-21 17:44,10,29.14,42.86
2022-03-21 17:48,7,24.98,35.1
2022-03-21 17:50,1,24.98,57.55
2022-03-21 17:51,3,26.37,41.63
2022-03-21 17:53,12,26.71,35.1
2022-03-21 17:56,5,24.98,36.73
2022-03-21 17:56,6,25.33,39.18
2022-03-21 17:59,11,25.67,41.63
2022-03-21 18:00,9,26.02,42.04
2022-03-21 18:02,8,28.1,38.37
2022-03-21 18:08,4,26.71,55.1
2022-03-21 18:08,7,25.33,35.1
2022-03-21 18:10,1,24.98,57.96
2022-03-21 18:11,3,26.37,41.63
2022-03-21 18:13,12,26.71,35.1
2022-03-21 18:16,5,25.33,36.73
2022-03-21 18:18,11,26.02,41.63
2022-03-21 18:19,9,26.37,42.04
2022-03-21 18:22,8,28.1,38.37
2022-03-21 18:24,10,29.49,42.45
2022-03-21 18:28,4,26.71,55.1
2022-03-21 18:28,7,25.33,34.69
2022-03-21 18:29,1,24.98,57.55
2022-03-21 18:33,12,27.06,35.1
2022-03-21 18:36,5,25.33,36.33
2022-03-21 18:36,6,25.67,38.78
2022-03-21 18:38,11,26.02,41.63
2022-03-21 18:39,9,26.37,42.04
2022-03-21 18:42,8,28.45,38.37
2022-03-21 18:44,10,29.49,42.45
2022-03-21 18:48,4,26.71,54.69
2022-03-21 18:48,7,25.33,34.69
2022-03-21 18:49,1,25.33,57.55
2022-03-21 18:50,3,26.71,41.63
2022-03-21 18:53,12,27.41,35.1
2022-03-21 18:56,5,25.33,36.33
2022-03-21 18:56,6,25.67,38.78
2022-03-21 18:58,11,26.02,41.22
2022-03-21 18:59,9,26.37,42.04
2022-03-21 19:02,8,28.45,38.37
2022-03-21 19:08,4,27.06,54.69
2022-03-21 19:08,7,25.67,34.69
2022-03-21 19:09,1,25.33,57.55
2022-03-21 19:10,3,26.71,41.63
2022-03-21 19:13,12,27.76,35.1
2022-03-21 19:16,5,25.67,36.33
2022-03-21 19:16,6,26.02,38.78
2022-03-21 19:18,11,26.02,41.22
2022-03-21 19:19,9,26.71,42.04
2022-03-21 19:22,8,28.45,38.37
2022-03-21 19:24,10,29.49,42.45
2022-03-21 19:28,4,27.06,54.69
2022-03-21 19:28,7,25.67,34.69
2022-03-21 19:29,1,25.33,57.55
2022-03-21 19:30,3,26.71,41.63
2022-03-21 19:33,12,28.1,35.1
2022-03-21 19:36,5,25.67,36.33
2022-03-21 19:36,6,26.02,38.37
2022-03-21 19:38,11,26.02,41.22
2022-03-21 19:39,9,26.71,42.04
2022-03-21 19:42,8,28.1,37.96
2022-03-21 19:44,10,29.49,42.45
2022-03-21 19:47,4,27.06,54.69
2022-03-21 19:47,7,26.02,34.69
2022-03-21 19:49,1,25.67,57.55
2022-03-21 19:50,3,26.71,41.22
2022-03-21 19:53,12,28.1,35.1
2022-03-21 19:56,5,26.02,36.33
2022-03-21 19:56,6,26.37,38.37
2022-03-21 19:58,11,26.37,41.22
2022-03-21 19:59,9,27.06,42.04
2022-03-21 20:02,8,28.1,37.96
2022-03-21 20:04,10,29.49,42.45
2022-03-21 20:07,4,27.06,54.29
2022-03-21 20:07,7,26.02,34.69
2022-03-21 20:09,1,25.67,57.55
2022-03-21 20:10,3,26.71,41.22
2022-03-21 20:13,12,28.1,34.69
2022-03-21 20:15,6,26.37,38.37
2022-03-21 20:16,5,26.02,36.33
2022-03-21 20:18,11,26.37,41.22
2022-03-21 20:19,9,27.06,42.04
2022-03-21 20:22,8,28.1,37.96
2022-03-21 20:24,10,29.49,42.45
2022-03-21 20:27,4,27.06,54.69
2022-03-21 20:27,7,26.02,34.29
2022-03-21 20:29,1,25.67,57.55
2022-03-21 20:30,3,26.71,41.22
2022-03-21 20:32,12,28.45,34.69
2022-03-21 20:35,6,26.37,38.37
2022-03-21 20:36,5,26.02,36.33
2022-03-21 20:38,11,26.37,41.22
2022-03-21 20:39,9,27.06,42.04
2022-03-21 20:42,8,28.1,37.96
2022-03-21 20:44,10,29.14,42.45
2022-03-21 20:47,4,27.06,54.29
2022-03-21 20:47,7,26.02,34.29
2022-03-21 20:49,1,25.67,57.14
2022-03-21 20:50,3,26.71,41.22
2022-03-21 20:52,12,28.45,34.69
2022-03-21 20:55,5,26.02,36.33
2022-03-21 20:55,6,26.37,38.37
2022-03-21 20:58,11,26.37,41.22
2022-03-21 20:59,9,27.06,41.63
2022-03-21 21:02,8,28.1,37.96
2022-03-21 21:07,4,27.06,54.29
2022-03-21 21:07,7,26.02,34.29
2022-03-21 21:09,1,25.67,57.14
2022-03-21 21:10,3,26.71,41.22
2022-03-21 21:12,12,28.45,35.1
2022-03-21 21:15,5,26.02,36.33
2022-03-21 21:18,11,26.37,41.22
2022-03-21 21:19,9,27.06,41.63
2022-03-21 21:21,8,28.1,37.96
2022-03-21 21:23,10,29.14,42.45
2022-03-21 21:27,4,27.06,54.29
2022-03-21 21:27,7,26.37,34.29
2022-03-21 21:29,1,25.67,57.14
2022-03-21 21:30,3,26.71,41.22
2022-03-21 21:32,12,28.45,34.69
2022-03-21 21:35,5,26.02,35.92
2022-03-21 21:35,6,26.37,38.37
2022-03-21 21:38,9,27.06,41.63
2022-03-21 21:41,8,28.1,37.96
2022-03-21 21:43,10,28.8,42.45
2022-03-21 21:47,4,27.06,54.29
2022-03-21 21:47,7,26.37,34.29
2022-03-21 21:48,1,25.67,57.14
2022-03-21 21:52,12,28.1,35.1
2022-03-21 21:55,5,26.02,35.92
2022-03-21 21:55,6,26.37,38.37
2022-03-21 21:57,11,26.37,40.82
2022-03-21 21:58,9,27.06,41.63
2022-03-21 22:01,8,27.76,37.96
2022-03-21 22:03,10,28.8,42.04
2022-03-21 22:07,4,27.06,54.29
2022-03-21 22:07,7,26.37,34.29
2022-03-21 22:08,1,25.67,57.14
2022-03-21 22:09,3,26.71,41.22
2022-03-21 22:12,12,28.1,34.69
2022-03-21 22:15,5,26.02,35.92
2022-03-21 22:17,11,26.37,40.82
2022-03-21 22:18,9,27.06,41.63
2022-03-21 22:23,10,28.8,42.04
2022-03-21 22:26,7,26.37,33.88
2022-03-21 22:27,4,27.06,53.88
2022-03-21 22:28,1,25.67,57.14
2022-03-21 22:32,12,28.1,34.69
2022-03-21 22:35,5,26.02,35.92
2022-03-21 22:35,6,26.37,38.37
2022-03-21 22:37,11,26.37,40.82
2022-03-21 22:38,9,27.06,41.22
2022-03-21 22:41,8,27.76,37.55
2022-03-21 22:43,10,28.45,42.04
2022-03-21 22:46,7,26.37,33.88
2022-03-21 22:47,4,27.06,53.88
2022-03-21 22:48,1,25.67,57.14
2022-03-21 22:49,3,26.71,40.82
2022-03-21 22:52,12,28.1,34.69
2022-03-21 22:55,5,26.02,35.92
2022-03-21 22:55,6,26.37,37.96
2022-03-21 22:57,11,26.37,40.82
2022-03-21 22:58,9,27.06,41.22
2022-03-21 23:01,8,27.76,37.96
2022-03-21 23:06,4,26.71,53.88
2022-03-21 23:06,7,26.37,33.88
2022-03-21 23:08,1,25.67,57.55
2022-03-21 23:09,3,26.37,40.82
2022-03-21 23:12,12,27.76,34.69
2022-03-21 23:15,5,26.02,35.92
2022-03-21 23:15,6,26.37,37.96
2022-03-21 23:17,11,26.37,40.82
2022-03-21 23:18,9,26.71,41.22
2022-03-21 23:21,8,27.41,37.55
2022-03-21 23:23,10,28.45,42.04
2022-03-21 23:26,4,26.71,53.88
2022-03-21 23:26,7,26.37,33.88
2022-03-21 23:28,1,25.67,57.14
2022-03-21 23:29,3,26.37,40.82
2022-03-21 23:31,12,27.76,34.29
2022-03-21 23:34,6,26.02,37.96
2022-03-21 23:35,5,26.02,35.92
2022-03-21 23:37,11,26.37,40.82
2022-03-21 23:38,9,26.71,41.22
2022-03-21 23:43,10,28.1,42.04
2022-03-21 23:46,4,26.71,53.88
2022-03-21 23:46,7,26.02,33.88
2022-03-21 23:48,1,25.67,57.55
2022-03-21 23:49,3,26.37,41.22
2022-03-21 23:51,12,27.76,34.69
2022-03-21 23:54,5,25.67,35.92
2022-03-21 23:54,6,26.02,37.96
2022-03-21 23:57,11,26.37,40.82
2022-03-21 23:58,9,26.71,41.22
2022-03-22 00:03,10,28.1,42.04
2022-03-22 00:06,4,26.71,53.88
2022-03-22 00:06,7,26.02,33.88
2022-03-22 00:08,1,25.67,57.14
2022-03-22 00:09,3,26.37,40.82
2022-03-22 00:11,12,27.41,34.29
2022-03-22 00:14,5,25.67,35.92
2022-03-22 00:14,6,26.02,37.96
2022-03-22 00:17,11,26.02,40.82
2022-03-22 00:18,9,26.71,41.22
2022-03-22 00:23,10,27.76,42.04
2022-03-22 00:26,4,26.71,53.88
2022-03-22 00:26,7,26.02,33.88
2022-03-22 00:28,1,25.33,57.14
2022-03-22 00:29,3,26.37,40.82
2022-03-22 00:31,12,27.41,34.69
2022-03-22 00:34,5,25.67,35.92
2022-03-22 00:34,6,26.02,37.96
2022-03-22 00:37,9,26.71,41.22
2022-03-22 00:37,11,26.02,40.82
2022-03-22 00:43,10,27.76,42.04
2022-03-22 00:46,4,26.71,53.88
2022-03-22 00:46,7,26.02,34.29
2022-03-22 00:47,1,25.33,57.14
2022-03-22 00:49,3,26.37,40.82
2022-03-22 00:51,12,27.41,34.29
2022-03-22 00:54,5,25.67,35.92
2022-03-22 00:54,6,26.02,38.37
2022-03-22 00:56,11,26.02,40.82
2022-03-22 00:57,9,26.37,41.22
2022-03-22 01:00,8,27.06,37.55
2022-03-22 01:02,10,27.76,42.04
2022-03-22 01:06,4,26.37,53.88
2022-03-22 01:06,7,26.02,34.29
2022-03-22 01:07,1,25.33,57.14
2022-03-22 01:09,3,26.02,40.82
2022-03-22 01:11,12,27.41,34.29
2022-03-22 01:14,5,25.67,35.92
2022-03-22 01:14,6,26.02,37.96
2022-03-22 01:16,11,26.02,40.82
2022-03-22 01:17,9,26.37,41.22
2022-03-22 01:20,8,27.06,37.55
2022-03-22 01:22,10,27.41,42.04
2022-03-22 01:26,4,26.37,53.88
2022-03-22 01:26,7,26.02,34.29
2022-03-22 01:27,1,25.33,57.14
2022-03-22 01:29,3,26.02,40.82
2022-03-22 01:31,12,27.06,34.29
2022-03-22 01:34,5,25.67,35.92
2022-03-22 01:34,6,25.67,37.96
2022-03-22 01:36,11,26.02,40.82
2022-03-22 01:37,9,26.37,41.22
2022-03-22 01:40,8,27.06,37.96
2022-03-22 01:45,7,26.02,34.29
2022-03-22 01:46,4,26.37,53.88
2022-03-22 01:47,1,25.33,57.14
2022-03-22 01:48,3,26.02,40.82
2022-03-22 01:51,12,27.06,34.29
2022-03-22 01:54,5,25.33,35.92
2022-03-22 01:54,6,25.67,37.96
2022-03-22 01:56,11,26.02,41.22
2022-03-22 01:57,9,26.37,41.22
2022-03-22 02:00,8,26.71,37.96
2022-03-22 02:02,10,27.41,42.04
2022-03-22 02:05,7,26.02,33.88
2022-03-22 02:06,4,26.37,53.88
2022-03-22 02:07,1,25.33,57.14
2022-03-22 02:08,3,26.02,40.82
2022-03-22 02:11,12,27.06,34.29
2022-03-22 02:14,5,25.33,35.92
2022-03-22 02:14,6,25.67,38.37
2022-03-22 02:16,11,25.67,41.22
2022-03-22 02:17,9,26.37,41.22
2022-03-22 02:20,8,26.71,37.96
2022-03-22 02:22,10,27.06,42.04
2022-03-22 02:25,7,25.67,34.29
2022-03-22 02:26,4,26.37,53.88
2022-03-22 02:27,1,25.33,57.14
2022-03-22 02:28,3,26.02,40.82
2022-03-22 02:31,12,27.06,34.29
2022-03-22 02:34,5,25.33,35.92
2022-03-22 02:34,6,25.67,37.96
2022-03-22 02:36,11,25.67,41.22
2022-03-22 02:37,9,26.02,41.22
2022-03-22 02:40,8,26.71,37.96
2022-03-22 02:42,10,27.06,42.04
2022-03-22 02:45,4,26.37,53.88
2022-03-22 02:45,7,25.67,33.88
2022-03-22 02:47,1,25.33,57.14
2022-03-22 02:48,3,26.02,40.82
2022-03-22 02:50,12,26.71,34.29
2022-03-22 02:54,5,25.33,35.92
2022-03-22 02:54,6,25.67,37.96
2022-03-22 02:56,11,25.67,41.22
2022-03-22 02:57,9,26.02,41.22
2022-03-22 03:00,8,26.71,37.96
2022-03-22 03:02,10,27.06,42.45
2022-03-22 03:05,4,26.02,53.88
2022-03-22 03:05,7,25.67,34.29
2022-03-22 03:07,1,25.33,57.14
2022-03-22 03:08,3,26.02,40.82
2022-03-22 03:10,12,26.71,34.29
2022-03-22 03:14,5,25.33,35.92
2022-03-22 03:14,6,25.67,38.37
2022-03-22 03:16,11,25.67,41.22
2022-03-22 03:17,9,26.02,41.22
2022-03-22 03:20,8,26.71,37.96
2022-03-22 03:25,4,26.02,53.47
2022-03-22 03:25,7,25.67,34.29
2022-03-22 03:27,1,25.33,57.14
2022-03-22 03:28,3,25.67,40.82
2022-03-22 03:30,12,26.71,34.29
2022-03-22 03:33,5,25.33,35.92
2022-03-22 03:34,6,25.67,38.37
2022-03-22 03:36,11,25.67,41.22
2022-03-22 03:37,9,26.02,41.22
2022-03-22 03:40,8,26.37,37.96
2022-03-22 03:42,10,27.06,42.45
2022-03-22 03:45,7,25.67,34.29
2022-03-22 03:47,1,25.33,57.14
2022-03-22 03:48,3,25.67,40.82
2022-03-22 03:50,12,26.71,34.29
2022-03-22 03:53,5,25.33,35.92
2022-03-22 03:53,6,25.67,38.37
2022-03-22 03:56,9,26.02,41.22
2022-03-22 03:56,11,25.67,40.82
2022-03-22 04:00,8,26.37,37.96
2022-03-22 04:02,10,26.71,42.45
2022-03-22 04:05,4,26.02,53.88
2022-03-22 04:05,7,25.67,33.88
2022-03-22 04:06,1,25.33,57.14
2022-03-22 04:08,3,25.67,40.82
2022-03-22 04:10,12,26.71,34.29
2022-03-22 04:13,5,25.33,35.92
2022-03-22 04:13,6,25.33,38.37
2022-03-22 04:16,9,26.02,41.22
2022-03-22 04:16,11,25.67,40.82
2022-03-22 04:22,10,26.71,42.45
2022-03-22 04:25,4,26.02,53.47
2022-03-22 04:25,7,25.67,34.29
2022-03-22 04:26,1,24.98,57.14
2022-03-22 04:30,12,26.37,34.29
2022-03-22 04:33,5,24.98,35.92
2022-03-22 04:33,6,25.33,38.37
2022-03-22 04:35,11,25.33,40.82
2022-03-22 04:36,9,25.67,41.22
2022-03-22 04:39,8,26.37,37.55
2022-03-22 04:42,10,26.71,42.45
2022-03-22 04:45,4,26.02,53.47
2022-03-22 04:45,7,25.67,34.29
2022-03-22 04:46,1,24.98,57.14
2022-03-22 04:48,3,25.67,40.82
2022-03-22 04:50,12,26.37,34.29
2022-03-22 04:53,5,24.98,35.92
2022-03-22 04:53,6,25.33,38.37
2022-03-22 04:56,9,25.67,41.22
2022-03-22 04:59,8,26.37,37.96
2022-03-22 05:02,10,26.71,42.04
2022-03-22 05:05,4,26.02,53.47
2022-03-22 05:05,7,25.33,34.29
2022-03-22 05:06,1,24.98,56.73
2022-03-22 05:07,3,25.67,40.82
2022-03-22 05:10,12,26.37,34.29
2022-03-22 05:13,5,24.98,35.92
2022-03-22 05:13,6,25.33,38.37
2022-03-22 05:15,11,25.33,41.22
2022-03-22 05:16,9,25.67,41.22
2022-03-22 05:19,8,26.37,37.96
2022-03-22 05:21,10,26.37,42.45
2022-03-22 05:24,7,25.33,34.29
2022-03-22 05:25,4,25.67,53.88
2022-03-22 05:26,1,24.98,56.73
2022-03-22 05:27,3,25.67,40.82
2022-03-22 05:30,12,26.37,34.29
2022-03-22 05:33,5,24.98,35.92
2022-03-22 05:33,6,25.33,38.37
2022-03-22 05:35,11,25.33,41.22
2022-03-22 05:36,9,25.67,41.22
2022-03-22 05:39,8,26.02,37.96
2022-03-22 05:41,10,26.37,42.45
2022-03-22 05:44,7,25.33,34.29
2022-03-22 05:45,4,25.67,53.88
2022-03-22 05:46,1,24.98,57.14
2022-03-22 05:47,3,25.67,40.82
2022-03-22 05:50,12,26.02,34.29
2022-03-22 05:53,5,24.98,35.92
2022-03-22 05:53,6,25.33,38.37
2022-03-22 05:55,11,25.33,41.22
2022-03-22 05:56,9,25.67,41.22
2022-03-22 05:59,8,26.02,37.96
2022-03-22 06:01,10,26.37,42.04
2022-03-22 06:04,7,25.33,34.29
2022-03-22 06:05,4,25.67,53.88
2022-03-22 06:06,1,24.98,57.14
2022-03-22 06:07,3,25.67,40.82
2022-03-22 06:10,12,26.02,34.29
2022-03-22 06:13,5,24.98,35.92
2022-03-22 06:13,6,25.33,38.37
2022-03-22 06:15,11,25.33,41.22
2022-03-22 06:16,9,25.67,41.22
2022-03-22 06:21,10,26.37,42.45
2022-03-22 06:24,7,25.33,34.69
2022-03-22 06:25,4,25.67,53.88
2022-03-22 06:26,1,24.98,57.14
2022-03-22 06:29,12,26.02,34.29
2022-03-22 06:33,5,24.98,35.92
2022-03-22 06:35,11,25.33,41.22
2022-03-22 06:36,9,25.67,41.22
2022-03-22 06:39,8,26.02,37.55
2022-03-22 06:41,10,26.37,42.45
2022-03-22 06:44,4,25.67,53.47
2022-03-22 06:44,7,25.33,34.69
2022-03-22 06:46,1,24.98,56.73
2022-03-22 06:49,12,26.02,34.29
2022-03-22 06:53,5,24.98,35.92
2022-03-22 06:55,9,25.33,41.22
2022-03-22 06:55,11,25.33,41.22
2022-03-22 06:59,8,26.02,37.96
2022-03-22 07:01,10,26.02,42.45
2022-03-22 07:04,4,25.67,53.47
2022-03-22 07:04,7,25.33,34.29
2022-03-22 07:06,1,24.98,57.14
2022-03-22 07:07,3,25.33,40.82
2022-03-22 07:09,12,26.02,34.29
2022-03-22 07:12,5,24.98,35.92
2022-03-22 07:13,6,24.98,38.78
2022-03-22 07:15,9,25.33,41.22
2022-03-22 07:15,11,25.33,41.22
2022-03-22 07:19,8,26.02,37.96
2022-03-22 07:21,10,26.02,42.45
2022-03-22 07:24,4,25.67,53.47
2022-03-22 07:24,7,25.33,34.29
2022-03-22 07:25,1,24.98,57.14
2022-03-22 07:27,3,25.33,40.82
2022-03-22 07:29,12,26.02,34.29
2022-03-22 07:32,5,24.63,35.92
2022-03-22 07:33,6,24.98,38.37
2022-03-22 07:35,9,25.33,41.22
2022-03-22 07:35,11,25.33,41.22
2022-03-22 07:41,10,26.02,42.45
2022-03-22 07:44,4,25.67,53.47
2022-03-22 07:44,7,25.33,34.69
2022-03-22 07:45,1,24.98,57.14
2022-03-22 07:47,3,25.33,41.22
2022-03-22 07:49,12,26.02,34.29
2022-03-22 07:52,5,24.63,35.92
2022-03-22 07:52,6,24.98,38.78
2022-03-22 07:55,9,25.33,41.22
2022-03-22 07:59,8,25.67,37.96
2022-03-22 08:01,10,26.02,42.45
2022-03-22 08:04,4,25.33,53.47
2022-03-22 08:04,7,25.33,34.69
2022-03-22 08:05,1,24.98,56.73
2022-03-22 08:07,3,25.33,41.22
2022-03-22 08:09,12,25.67,34.29
2022-03-22 08:12,5,24.63,36.33
2022-03-22 08:12,6,24.98,38.78
2022-03-22 08:15,9,25.33,41.22
2022-03-22 08:15,11,25.33,41.22
2022-03-22 08:18,8,25.67,37.96
2022-03-22 08:21,10,26.02,42.45
2022-03-22 08:24,4,25.33,53.47
2022-03-22 08:24,7,25.33,34.29
2022-03-22 08:25,1,24.98,57.14
2022-03-22 08:29,12,25.67,34.29
2022-03-22 08:32,5,24.63,35.92
2022-03-22 08:32,6,24.98,38.78
2022-03-22 08:34,11,24.98,41.22
2022-03-22 08:35,9,25.33,41.22
2022-03-22 08:38,8,25.67,37.96
2022-03-22 08:41,10,26.02,42.45
2022-03-22 08:43,7,24.98,34.69
2022-03-22 08:44,4,25.33,53.47
2022-03-22 08:45,1,24.63,57.14
2022-03-22 08:46,3,25.33,40.82
2022-03-22 08:49,12,25.67,34.29
2022-03-22 08:52,5,24.63,35.92
2022-03-22 08:52,6,24.98,38.37
2022-03-22 08:54,11,24.98,41.22
2022-03-22 08:55,9,25.33,41.22
2022-03-22 08:58,8,25.67,37.96
2022-03-22 09:01,10,25.67,42.04
2022-03-22 09:03,7,24.98,34.69
2022-03-22 09:04,4,25.33,53.47
2022-03-22 09:05,1,24.63,56.73
2022-03-22 09:06,3,25.33,40.82
2022-03-22 09:09,12,25.67,34.29
2022-03-22 09:12,5,24.63,36.33
2022-03-22 09:12,6,24.98,38.37
2022-03-22 09:14,11,24.98,41.22
2022-03-22 09:15,9,25.33,40.82
2022-03-22 09:18,8,25.67,37.96
2022-03-22 09:20,10,25.67,42.45
2022-03-22 09:23,7,24.98,34.69
2022-03-22 09:24,4,25.33,53.47
2022-03-22 09:25,1,24.63,56.73
2022-03-22 09:26,3,25.33,40.82
2022-03-22 09:29,12,25.67,34.29
2022-03-22 09:32,5,24.63,35.92
2022-03-22 09:32,6,24.98,38.37
2022-03-22 09:34,11,24.98,41.22
2022-03-22 09:35,9,25.33,40.82
2022-03-22 09:38,8,25.67,37.96
2022-03-22 09:40,10,25.67,42.04
2022-03-22 09:43,7,24.98,34.69
2022-03-22 09:44,4,25.33,53.47
2022-03-22 09:45,1,24.63,56.73
2022-03-22 09:46,3,25.33,40.82
2022-03-22 09:49,12,25.67,34.29
2022-03-22 09:52,5,24.63,35.92
2022-03-22 09:52,6,24.98,38.78
2022-03-22 09:54,11,24.98,41.22
2022-03-22 09:55,9,24.98,41.22
2022-03-22 10:00,10,25.67,42.04
2022-03-22 10:03,7,24.98,34.29
2022-03-22 10:04,4,25.33,53.47
2022-03-22 10:05,1,24.63,56.73
2022-03-22 10:06,3,24.98,40.82
2022-03-22 10:08,12,25.67,34.29
2022-03-22 10:12,5,24.63,35.92
2022-03-22 10:12,6,24.63,38.37
2022-03-22 10:14,9,24.98,40.82
2022-03-22 10:14,11,24.98,41.22
2022-03-22 10:18,8,25.33,37.96
2022-03-22 10:20,10,25.67,42.45
2022-03-22 10:23,4,25.33,53.47
2022-03-22 10:23,7,24.98,34.29
2022-03-22 10:24,1,24.63,56.73
2022-03-22 10:26,3,24.98,40.82
2022-03-22 10:28,12,25.33,34.29
2022-03-22 10:31,5,24.63,35.92
2022-03-22 10:32,6,24.63,38.37
2022-03-22 10:34,9,24.98,41.22
2022-03-22 10:34,11,24.98,41.22
2022-03-22 10:38,8,25.33,37.96
2022-03-22 10:43,4,25.33,53.47
2022-03-22 10:43,7,24.98,34.29
2022-03-22 10:44,1,24.63,56.73
2022-03-22 10:46,3,24.98,40.82
2022-03-22 10:48,12,25.33,34.29
2022-03-22 10:51,5,24.63,36.33
2022-03-22 10:52,6,24.63,38.37
2022-03-22 10:54,9,24.98,41.22
2022-03-22 10:54,11,24.98,41.22
2022-03-22 10:58,8,25.33,37.96
2022-03-22 11:00,10,25.33,42.45
2022-03-22 11:03,4,25.33,53.47
2022-03-22 11:03,7,24.98,34.69
2022-03-22 11:04,1,24.63,56.73
2022-03-22 11:06,3,24.98,40.82
2022-03-22 11:08,12,25.33,34.29
2022-03-22 11:11,5,24.29,36.33
2022-03-22 11:12,6,24.63,38.78
2022-03-22 11:14,9,24.98,40.82
2022-03-22 11:14,11,24.98,41.22
2022-03-22 11:18,8,25.33,38.37
2022-03-22 11:20,10,25.33,42.45
2022-03-22 11:23,4,25.33,53.47
2022-03-22 11:23,7,24.98,34.69
2022-03-22 11:24,1,24.63,56.73
2022-03-22 11:26,3,24.98,41.22
2022-03-22 11:28,12,25.33,34.69
2022-03-22 11:31,5,24.29,36.33
2022-03-22 11:32,6,24.63,38.78
2022-03-22 11:33,11,24.63,41.22
2022-03-22 11:34,9,24.98,41.22
2022-03-22 11:38,8,25.33,37.96
2022-03-22 11:40,10,25.33,42.45
2022-03-22 11:43,4,25.33,53.47
2022-03-22 11:43,7,24.98,34.69
2022-03-22 11:44,1,24.63,56.73
2022-03-22 11:46,3,24.98,41.22
2022-03-22 11:48,12,25.33,34.29
2022-03-22 11:51,5,24.29,36.33
2022-03-22 11:52,6,24.63,38.78
2022-03-22 11:53,11,24.63,41.22
2022-03-22 11:54,9,24.98,41.22
2022-03-22 11:58,8,25.33,37.96
2022-03-22 12:00,10,25.33,42.45
2022-03-22 12:03,4,25.33,53.47
2022-03-22 12:03,7,24.98,34.69
2022-03-22 12:04,1,24.63,56.73
2022-03-22 12:06,3,24.98,40.82
2022-03-22 12:08,12,25.33,34.69
2022-03-22 12:11,5,24.29,36.33
2022-03-22 12:11,6,24.63,38.78
2022-03-22 12:13,11,24.63,41.63
2022-03-22 12:14,9,24.98,41.22
2022-03-22 12:18,8,25.33,37.96
2022-03-22 12:23,4,25.33,53.47
2022-03-22 12:23,7,24.98,34.69
2022-03-22 12:24,1,24.63,56.73
2022-03-22 12:26,3,24.98,41.22
2022-03-22 12:31,5,24.29,36.33
2022-03-22 12:31,6,24.63,38.78
2022-03-22 12:34,9,24.98,41.22
2022-03-22 12:37,8,25.33,37.96
2022-03-22 12:40,10,25.33,42.45
2022-03-22 12:42,7,24.98,34.69
2022-03-22 12:43,4,25.33,53.47
2022-03-22 12:44,1,24.63,56.73
2022-03-22 12:46,3,24.98,41.22
2022-03-22 12:48,12,25.33,34.69
2022-03-22 12:51,5,24.29,36.33
2022-03-22 12:51,6,24.63,38.78
2022-03-22 12:53,11,24.63,41.63
2022-03-22 12:54,9,24.98,41.22
2022-03-22 12:57,8,25.33,37.96
2022-03-22 13:02,7,24.98,34.69
2022-03-22 13:03,4,25.33,53.47
2022-03-22 13:04,1,24.63,56.73
2022-03-22 13:06,3,24.98,41.22
2022-03-22 13:08,12,25.33,34.69
2022-03-22 13:11,5,24.63,36.33
2022-03-22 13:11,6,24.63,38.78
2022-03-22 13:13,11,24.98,41.22
2022-03-22 13:14,9,24.98,41.22
2022-03-22 13:17,8,25.67,37.96
2022-03-22 13:20,10,25.67,42.45
2022-03-22 13:22,7,24.98,34.69
2022-03-22 13:23,4,25.33,53.47
2022-03-22 13:24,1,24.63,56.73
2022-03-22 13:25,3,25.33,41.22
2022-03-22 13:28,12,25.67,34.69
2022-03-22 13:31,5,24.63,36.33
2022-03-22 13:33,11,24.98,41.22
2022-03-22 13:34,9,24.98,41.22
2022-03-22 13:37,8,25.67,37.96
2022-03-22 13:40,10,25.67,42.45
2022-03-22 13:42,7,24.98,34.69
2022-03-22 13:43,4,25.33,53.47
2022-03-22 13:44,1,24.63,56.73
2022-03-22 13:45,3,25.33,41.22
2022-03-22 13:48,12,25.67,34.69
2022-03-22 13:51,5,24.63,36.33
2022-03-22 13:51,6,24.63,38.78
2022-03-22 13:53,11,24.98,41.22
2022-03-22 13:54,9,25.33,41.22
2022-03-22 13:57,8,25.67,37.96
2022-03-22 14:00,10,26.02,42.04
2022-03-22 14:02,7,24.98,34.69
2022-03-22 14:03,4,25.67,53.47
2022-03-22 14:04,1,24.63,56.73
2022-03-22 14:05,3,25.33,41.22
2022-03-22 14:08,12,25.67,34.69
2022-03-22 14:11,5,24.63,36.33
2022-03-22 14:11,6,24.98,38.78
2022-03-22 14:13,11,24.98,41.22
2022-03-22 14:14,9,25.33,41.22
2022-03-22 14:17,8,26.02,37.96
2022-03-22 14:22,7,24.98,34.29
2022-03-22 14:23,1,24.63,56.73
2022-03-22 14:23,4,25.67,53.47
2022-03-22 14:25,3,25.67,41.22
2022-03-22 14:27,12,26.02,34.69
2022-03-22 14:31,5,24.63,36.33
2022-03-22 14:31,6,24.98,38.78
2022-03-22 14:33,9,25.33,41.22
2022-03-22 14:33,11,24.98,41.22
2022-03-22 14:37,8,26.02,37.55
2022-03-22 14:39,10,26.37,42.04
2022-03-22 14:42,7,24.98,34.29
2022-03-22 14:43,1,24.98,56.33
2022-03-22 14:43,4,25.67,53.06
2022-03-22 14:45,3,25.67,41.22
2022-03-22 14:47,12,26.02,34.29
2022-03-22 14:50,5,24.98,35.92
2022-03-22 14:53,9,25.67,41.22
2022-03-22 14:53,11,24.98,41.22
2022-03-22 14:57,8,26.37,37.55
2022-03-22 15:02,7,24.98,34.29
2022-03-22 15:03,1,24.98,56.33
2022-03-22 15:03,4,26.02,53.06
2022-03-22 15:05,3,26.02,40.82
2022-03-22 15:07,12,26.37,34.29
2022-03-22 15:10,5,24.98,35.92
2022-03-22 15:13,9,25.67,41.22
2022-03-22 15:13,11,25.33,41.22
2022-03-22 15:19,10,26.71,42.04
2022-03-22 15:22,4,26.02,53.47
2022-03-22 15:22,7,25.33,34.29
2022-03-22 15:23,1,24.98,56.33
2022-03-22 15:25,3,26.02,40.82
2022-03-22 15:27,12,26.37,34.29
2022-03-22 15:30,5,24.98,35.92
2022-03-22 15:31,6,24.98,38.37
2022-03-22 15:33,9,25.67,41.22
2022-03-22 15:33,11,25.33,41.22
2022-03-22 15:37,8,26.37,37.55
2022-03-22 15:39,10,27.06,41.63
2022-03-22 15:42,4,26.02,53.06
2022-03-22 15:42,7,25.33,34.29
2022-03-22 15:43,1,24.98,56.33
2022-03-22 15:45,3,26.02,40.82
2022-03-22 15:47,12,26.37,34.29
2022-03-22 15:50,5,24.98,35.92
2022-03-22 15:51,6,25.33,38.37
2022-03-22 15:52,11,25.33,41.22
2022-03-22 15:53,9,26.02,41.22
2022-03-22 15:57,8,26.71,37.55
2022-03-22 15:59,10,27.06,42.04
2022-03-22 16:02,4,26.02,53.47
2022-03-22 16:02,7,25.33,34.29
2022-03-22 16:03,1,24.98,56.33
2022-03-22 16:05,3,26.02,40.82
2022-03-22 16:07,12,26.71,34.29
2022-03-22 16:10,5,25.33,35.92
2022-03-22 16:11,6,25.33,38.37
2022-03-22 16:12,11,25.33,40.82
2022-03-22 16:13,9,26.02,40.82
2022-03-22 16:17,8,26.71,37.55
2022-03-22 16:19,10,27.41,41.63
2022-03-22 16:21,7,25.33,34.29
2022-03-22 16:22,4,26.37,53.47
2022-03-22 16:23,1,24.98,56.33
2022-03-22 16:25,3,26.02,40.82
2022-03-22 16:27,12,26.71,34.29
2022-03-22 16:30,5,25.33,35.92
2022-03-22 16:31,6,25.33,38.37
2022-03-22 16:32,11,25.33,40.82
2022-03-22 16:33,9,26.02,40.82
2022-03-22 16:37,8,26.71,37.55
2022-03-22 16:39,10,27.41,41.63
2022-03-22 16:41,7,25.33,33.88
2022-03-22 16:42,4,26.37,53.06
2022-03-22 16:43,1,25.33,56.33
2022-03-22 16:45,3,26.37,40.82
2022-03-22 16:47,12,26.71,34.29
2022-03-22 16:50,5,25.33,35.92
2022-03-22 16:51,6,25.33,38.37
2022-03-22 16:52,11,25.33,40.82
2022-03-22 16:53,9,26.02,40.82
2022-03-22 16:56,8,26.71,37.55
2022-03-22 16:59,10,27.41,41.63
2022-03-22 17:01,7,25.33,33.88
2022-03-22 17:02,4,26.37,53.06
2022-03-22 17:03,1,25.33,56.33
2022-03-22 17:04,3,26.37,40.82
2022-03-22 17:07,12,27.06,34.29
2022-03-22 17:10,5,25.33,35.92
2022-03-22 17:10,6,25.33,38.37
2022-03-22 17:12,11,25.33,40.82
2022-03-22 17:13,9,26.37,40.82
2022-03-22 17:19,10,27.76,41.63
2022-03-22 17:21,7,25.33,33.88
2022-03-22 17:22,4,26.37,53.06
2022-03-22 17:23,1,25.33,56.33
2022-03-22 17:24,3,26.37,40.82
2022-03-22 17:27,12,27.06,33.88
2022-03-22 17:30,5,25.33,35.92
2022-03-22 17:30,6,25.33,37.96
2022-03-22 17:32,11,25.67,40.82
2022-03-22 17:33,9,26.37,40.82
2022-03-22 17:36,8,27.06,37.55
2022-03-22 17:39,10,27.76,41.63
2022-03-22 17:41,7,25.67,33.88
2022-03-22 17:42,1,25.33,56.33
2022-03-22 17:42,4,26.37,53.06
2022-03-22 17:44,3,26.37,40.82
2022-03-22 17:47,12,27.06,33.88
2022-03-22 17:50,5,25.67,35.51
2022-03-22 17:50,6,25.33,37.96
2022-03-22 17:52,11,25.67,40.82
2022-03-22 17:53,9,26.37,40.82
2022-03-22 17:56,8,27.06,37.14
2022-03-22 17:59,10,27.76,41.63
2022-03-22 18:01,7,25.67,33.88
2022-03-22 18:02,1,25.33,56.33
2022-03-22 18:02,4,26.71,53.06
2022-03-22 18:04,3,26.37,40.82
2022-03-22 18:07,12,27.06,34.29
2022-03-22 18:10,5,25.67,35.51
2022-03-22 18:10,6,25.67,37.96
2022-03-22 18:12,9,26.37,40.82
2022-03-22 18:12,11,25.67,40.82
2022-03-22 18:21,7,25.67,33.88
2022-03-22 18:22,1,25.33,56.33
2022-03-22 18:22,4,26.71,53.06
2022-03-22 18:26,12,27.41,34.29
2022-03-22 18:30,5,25.67,35.51
2022-03-22 18:30,6,25.67,37.96
2022-03-22 18:32,9,26.37,40.82
2022-03-22 18:32,11,25.67,40.82
2022-03-22 18:36,8,27.06,37.14
2022-03-22 18:39,10,28.1,41.63
2022-03-22 18:41,7,25.67,33.88
2022-03-22 18:42,1,25.33,56.33
2022-03-22 18:42,4,26.71,52.65
2022-03-22 18:44,3,26.71,40.82
2022-03-22 18:46,12,27.41,33.88
2022-03-22 18:49,5,25.67,35.51
2022-03-22 18:50,6,25.67,37.96
2022-03-22 18:52,9,26.71,40.82
2022-03-22 18:52,11,25.67,40.82
2022-03-22 18:56,8,27.06,37.14
2022-03-22 18:58,10,28.1,41.63
2022-03-22 19:01,7,25.67,33.88
2022-03-22 19:02,1,25.67,56.33
2022-03-22 19:02,4,26.71,53.06
2022-03-22 19:04,3,26.71,40.82
2022-03-22 19:06,12,27.41,33.88
2022-03-22 19:09,5,25.67,35.51
2022-03-22 19:10,6,25.67,37.96
2022-03-22 19:12,9,26.71,40.82
2022-03-22 19:12,11,25.67,40.82
2022-03-22 19:18,10,28.1,41.63
2022-03-22 19:21,4,26.71,53.06
2022-03-22 19:21,7,25.67,33.88
2022-03-22 19:22,1,25.67,56.33
2022-03-22 19:24,3,26.71,40.82
2022-03-22 19:26,12,27.41,33.88
2022-03-22 19:29,5,25.67,35.51
2022-03-22 19:30,6,25.67,37.55
2022-03-22 19:31,11,26.02,40.82
2022-03-22 19:32,9,26.71,40.82
2022-03-22 19:36,8,27.41,37.14
2022-03-22 19:38,10,28.1,41.63
2022-03-22 19:41,4,26.71,53.06
2022-03-22 19:41,7,26.02,33.88
2022-03-22 19:42,1,25.67,56.33
2022-03-22 19:44,3,26.71,40.82
2022-03-22 19:46,12,27.76,33.88
2022-03-22 19:49,5,26.02,35.51
2022-03-22 19:50,6,25.67,37.55
2022-03-22 19:51,11,26.02,40.82
2022-03-22 19:52,9,26.71,40.82
2022-03-22 19:56,8,27.41,37.14
2022-03-22 19:58,10,28.1,41.63
2022-03-22 20:00,7,26.02,33.88
2022-03-22 20:01,4,26.71,53.06
2022-03-22 20:02,1,25.67,56.33
2022-03-22 20:04,3,26.71,40.82
2022-03-22 20:06,12,27.76,33.88
2022-03-22 20:09,5,26.02,35.51
2022-03-22 20:10,6,26.02,37.96
2022-03-22 20:11,11,26.02,40.82
2022-03-22 20:12,9,26.71,40.82
2022-03-22 20:16,8,27.41,37.14
2022-03-22 20:18,10,28.1,41.63
2022-03-22 20:20,7,26.02,33.88
2022-03-22 20:21,4,26.71,52.65
2022-03-22 20:22,1,25.67,55.92
2022-03-22 20:24,3,26.71,40.41
2022-03-22 20:26,12,27.76,33.88
2022-03-22 20:29,5,26.02,35.51
2022-03-22 20:30,6,26.02,37.96
2022-03-22 20:31,11,26.02,40.82
2022-03-22 20:32,9,26.71,40.41
2022-03-22 20:35,8,27.41,37.14
2022-03-22 20:38,10,28.1,41.22
2022-03-22 20:40,7,26.02,33.88
2022-03-22 20:41,1,25.67,55.92
2022-03-22 20:41,4,26.71,52.65
2022-03-22 20:43,3,26.71,40.41
2022-03-22 20:46,12,27.76,33.88
2022-03-22 20:49,5,26.02,35.51
2022-03-22 20:50,6,26.02,37.55
2022-03-22 20:51,11,26.02,40.82
2022-03-22 20:52,9,26.71,40.41
2022-03-22 20:55,8,27.41,37.14
2022-03-22 20:58,10,28.1,41.22
2022-03-22 21:00,7,26.02,33.88
2022-03-22 21:01,1,25.67,55.92
2022-03-22 21:01,4,26.71,52.65
2022-03-22 21:03,3,26.71,40.41
2022-03-22 21:06,12,27.76,33.88
2022-03-22 21:09,5,26.02,35.51
2022-03-22 21:09,6,26.02,37.55
2022-03-22 21:11,9,26.71,40.82
2022-03-22 21:11,11,26.02,40.82
2022-03-22 21:15,8,27.41,37.14
2022-03-22 21:18,10,28.1,41.63
2022-03-22 21:20,7,26.02,33.88
2022-03-22 21:21,1,25.67,55.92
2022-03-22 21:21,4,26.71,52.65
2022-03-22 21:26,12,27.76,33.88
2022-03-22 21:29,5,26.02,35.51
2022-03-22 21:29,6,26.02,37.55
2022-03-22 21:31,9,26.71,40.41
2022-03-22 21:31,11,26.02,40.82
2022-03-22 21:35,8,27.41,37.14
2022-03-22 21:38,10,28.1,41.22
2022-03-22 21:40,7,26.02,33.88
2022-03-22 21:41,1,25.67,55.92
2022-03-22 21:41,4,26.71,52.65
2022-03-22 21:43,3,26.71,40.41
2022-03-22 21:45,12,27.41,33.88
2022-03-22 21:49,5,26.02,35.51
2022-03-22 21:51,9,26.71,45.71
2022-03-22 21:51,11,26.02,45.71
2022-03-22 21:58,10,27.76,52.65
2022-03-22 22:00,7,26.02,33.88
2022-03-22 22:01,1,25.33,88.98
2022-03-22 22:01,4,26.37,86.94
2022-03-22 22:03,3,26.37,62.04
2022-03-22 22:05,12,27.41,36.33
2022-03-22 22:09,6,25.67,37.55
2022-03-22 22:11,9,26.71,51.02
2022-03-22 22:11,11,26.02,56.73
2022-03-22 22:15,8,26.71,68.16
2022-03-22 22:17,10,27.41,53.47
2022-03-22 22:20,7,26.02,33.88
2022-03-22 22:21,1,25.33,87.35
2022-03-22 22:21,4,26.02,86.94
2022-03-22 22:23,3,26.02,62.45
2022-03-22 22:25,12,27.41,41.63
2022-03-22 22:28,5,26.02,35.92
2022-03-22 22:29,6,25.67,37.55
2022-03-22 22:31,9,26.37,56.73
2022-03-22 22:31,11,25.67,59.18
2022-03-22 22:35,8,26.37,66.12
2022-03-22 22:37,10,27.41,55.92
2022-03-22 22:40,4,25.67,85.31
2022-03-22 22:40,7,26.02,34.29
2022-03-22 22:41,1,25.33,84.08
2022-03-22 22:43,3,26.02,60.82
2022-03-22 22:45,12,27.06,44.08
2022-03-22 22:48,5,25.67,36.33
2022-03-22 22:49,6,25.67,37.55
2022-03-22 22:50,11,25.67,58.78
2022-03-22 22:51,9,26.37,58.37
2022-03-22 22:55,8,26.37,65.31
2022-03-22 22:57,10,27.06,58.37
2022-03-22 22:59,7,26.02,35.1
2022-03-22 23:00,4,25.67,84.9
2022-03-22 23:01,1,25.33,84.08
2022-03-22 23:03,3,26.02,61.22
2022-03-22 23:05,12,27.06,46.12
2022-03-22 23:08,5,25.67,36.73
2022-03-22 23:09,6,25.67,37.96
2022-03-22 23:10,11,25.67,58.78
2022-03-22 23:11,9,26.02,60
2022-03-22 23:15,8,26.02,64.49
2022-03-22 23:17,10,27.06,60.41
2022-03-22 23:19,7,25.67,35.92
2022-03-22 23:20,4,25.67,86.12
2022-03-22 23:21,1,25.33,84.49
2022-03-22 23:23,3,25.67,61.22
2022-03-22 23:25,12,26.71,51.43
2022-03-22 23:28,5,25.67,37.96
2022-03-22 23:29,6,25.67,38.37
2022-03-22 23:30,11,25.33,60
2022-03-22 23:31,9,26.02,65.71
2022-03-22 23:35,8,26.02,66.12
2022-03-22 23:37,10,27.06,65.71
2022-03-22 23:39,7,25.67,39.18
2022-03-22 23:40,1,25.33,87.35
2022-03-22 23:40,4,25.33,86.53
2022-03-22 23:43,3,25.67,61.63
2022-03-22 23:45,12,26.37,58.78
2022-03-22 23:49,6,25.67,39.59
2022-03-22 23:50,11,25.33,60.82
2022-03-22 23:51,9,26.02,66.94
2022-03-22 23:54,8,26.02,66.12
2022-03-22 23:57,10,26.71,71.02
2022-03-22 23:59,7,25.67,44.08
2022-03-23 00:00,1,24.98,94.29
2022-03-23 00:00,4,25.33,89.39
2022-03-23 00:02,3,25.67,64.08
2022-03-23 00:05,12,26.37,68.57
2022-03-23 00:08,5,25.33,42.04
2022-03-23 00:09,6,25.33,42.04
2022-03-23 00:10,9,25.67,73.06
2022-03-23 00:10,11,25.33,64.08
2022-03-23 00:14,8,25.67,70.61
2022-03-23 00:17,10,26.71,76.33
2022-03-23 00:19,7,25.67,50.61
2022-03-23 00:20,4,24.98,91.02
2022-03-23 00:22,3,25.33,64.9
2022-03-23 00:25,12,26.02,68.16
2022-03-23 00:28,5,25.33,58.37
2022-03-23 00:28,6,25.33,44.08
2022-03-23 00:30,9,25.33,71.84
2022-03-23 00:30,11,24.98,64.49
2022-03-23 00:34,8,25.67,69.39
2022-03-23 00:37,10,26.37,77.14
2022-03-23 00:39,7,25.67,55.51
2022-03-23 00:40,1,24.63,88.16
2022-03-23 00:40,4,24.98,88.16
2022-03-23 00:42,3,25.33,63.67
2022-03-23 00:45,12,25.67,64.49
2022-03-23 00:48,6,25.33,44.08
2022-03-23 00:50,9,25.33,74.29
2022-03-23 00:50,11,24.98,68.16
2022-03-23 00:54,8,25.33,73.88
2022-03-23 00:57,10,26.02,78.37
2022-03-23 00:59,7,25.33,59.18
2022-03-23 01:00,1,24.63,89.8
2022-03-23 01:00,4,24.63,90.61
2022-03-23 01:02,3,24.98,64.49
2022-03-23 01:04,12,25.67,63.67
2022-03-23 01:07,5,24.98,64.9
2022-03-23 01:08,6,25.33,44.9
2022-03-23 01:10,9,24.98,70.2
2022-03-23 01:10,11,24.98,65.71
2022-03-23 01:14,8,25.33,69.39
2022-03-23 01:17,10,26.02,76.33
2022-03-23 01:19,7,25.33,58.78
2022-03-23 01:20,1,24.63,85.31
2022-03-23 01:20,4,24.29,87.76
2022-03-23 01:22,3,24.98,62.45
2022-03-23 01:24,12,25.33,60.41
2022-03-23 01:27,5,24.98,62.45
2022-03-23 01:28,6,25.33,45.31
2022-03-23 01:30,9,24.98,67.35
2022-03-23 01:30,11,24.98,63.67
2022-03-23 01:34,8,24.98,66.12
2022-03-23 01:39,7,25.33,58.37
2022-03-23 01:40,1,24.63,82.86
2022-03-23 01:40,4,24.29,85.31
2022-03-23 01:42,3,24.98,60.82
2022-03-23 01:44,12,25.33,58.37
2022-03-23 01:47,5,24.98,61.22
2022-03-23 01:48,6,24.98,45.31
2022-03-23 01:50,9,24.98,65.31
2022-03-23 01:50,11,24.63,61.63
2022-03-23 01:54,8,24.98,64.49
2022-03-23 01:57,10,25.67,73.47
2022-03-23 01:59,7,25.33,57.14
2022-03-23 02:00,1,24.63,81.63
2022-03-23 02:00,4,24.63,84.49
2022-03-23 02:02,3,24.98,60.41
2022-03-23 02:07,5,24.98,60
2022-03-23 02:08,6,24.98,45.71
2022-03-23 02:10,9,24.98,63.67
2022-03-23 02:10,11,24.63,60.82
2022-03-23 02:14,8,24.98,63.27
2022-03-23 02:17,10,25.67,72.65
2022-03-23 02:19,4,24.63,84.08
2022-03-23 02:19,7,25.33,56.33
2022-03-23 02:20,1,24.63,80
2022-03-23 02:22,3,24.98,60
2022-03-23 02:24,12,25.33,55.92
2022-03-23 02:27,5,24.63,59.18
2022-03-23 02:28,6,24.98,45.71
2022-03-23 02:30,9,24.98,63.27
2022-03-23 02:30,11,24.63,60.41
2022-03-23 02:34,8,24.98,62.04
2022-03-23 02:37,10,25.67,71.84
2022-03-23 02:38,7,25.33,56.33
2022-03-23 02:39,4,24.63,83.67
2022-03-23 02:40,1,24.63,79.59
2022-03-23 02:42,3,24.98,59.59
2022-03-23 02:44,12,25.33,55.1
2022-03-23 02:47,5,24.63,58.37
2022-03-23 02:48,6,24.98,45.71
2022-03-23 02:49,11,24.63,60
2022-03-23 02:50,9,24.98,62.04
2022-03-23 02:54,8,24.98,61.63
2022-03-23 02:56,10,25.67,71.02
2022-03-23 02:58,7,24.98,55.92
2022-03-23 02:59,4,24.63,83.27
2022-03-23 03:00,1,24.63,78.78
2022-03-23 03:02,3,24.98,58.78
2022-03-23 03:07,5,24.63,57.55
2022-03-23 03:08,6,24.98,46.12
2022-03-23 03:09,11,24.63,59.18
2022-03-23 03:10,9,24.98,61.63
2022-03-23 03:14,8,24.98,61.22
2022-03-23 03:16,10,25.67,71.02
2022-03-23 03:18,7,24.98,56.33
2022-03-23 03:19,1,24.63,78.37
2022-03-23 03:19,4,24.63,83.67
2022-03-23 03:27,5,24.63,57.55
2022-03-23 03:28,6,24.98,46.53
2022-03-23 03:29,9,24.98,61.63
2022-03-23 03:33,8,24.98,61.63
2022-03-23 03:36,10,25.67,71.43
2022-03-23 03:38,7,24.98,55.51
2022-03-23 03:39,1,24.63,79.18
2022-03-23 03:39,4,24.63,84.08
2022-03-23 03:41,3,24.98,58.78
2022-03-23 03:44,12,25.33,54.29
2022-03-23 03:47,5,24.63,57.55
2022-03-23 03:48,6,24.98,46.94
2022-03-23 03:49,9,24.98,61.22
2022-03-23 03:49,11,24.63,58.37
2022-03-23 03:53,8,24.98,61.22
2022-03-23 03:56,10,25.33,71.43
2022-03-23 03:58,7,24.98,55.1
2022-03-23 03:59,1,24.63,78.78
2022-03-23 03:59,4,24.63,84.08
2022-03-23 04:01,3,24.98,58.37
2022-03-23 04:07,5,24.63,57.55
2022-03-23 04:08,6,24.98,46.94
2022-03-23 04:09,9,24.98,61.22
2022-03-23 04:09,11,24.63,58.37
2022-03-23 04:13,8,24.98,60.82
2022-03-23 04:16,10,25.33,71.02
2022-03-23 04:18,7,24.98,55.1
2022-03-23 04:19,1,24.63,78.37
2022-03-23 04:19,4,24.63,83.67
2022-03-23 04:21,3,24.98,58.37
2022-03-23 04:24,12,25.33,53.47
2022-03-23 04:27,5,24.63,57.14
2022-03-23 04:28,6,24.98,47.35
2022-03-23 04:29,9,24.98,60.41
2022-03-23 04:29,11,24.63,57.96
2022-03-23 04:33,8,24.98,60.82
2022-03-23 04:38,7,24.98,55.1
2022-03-23 04:39,1,24.63,77.96
2022-03-23 04:39,4,24.63,83.67
2022-03-23 04:41,3,24.98,57.96
2022-03-23 04:43,12,25.33,53.06
2022-03-23 04:47,5,24.63,56.73
2022-03-23 04:49,9,24.98,60.41
2022-03-23 04:49,11,24.63,57.96
2022-03-23 04:53,8,24.98,60.41
2022-03-23 04:56,10,25.33,69.8
2022-03-23 04:58,7,24.98,54.69
2022-03-23 04:59,1,24.63,77.55
2022-03-23 04:59,4,24.63,83.27
2022-03-23 05:01,3,24.98,57.96
2022-03-23 05:03,12,25.33,53.06
2022-03-23 05:06,5,24.63,56.73
2022-03-23 05:07,6,24.63,47.35
2022-03-23 05:09,9,24.98,60.41
2022-03-23 05:09,11,24.63,57.55
2022-03-23 05:13,8,24.98,60
2022-03-23 05:16,10,25.33,69.8
2022-03-23 05:18,7,24.98,54.29
2022-03-23 05:19,1,24.63,77.14
2022-03-23 05:19,4,24.63,83.27
2022-03-23 05:21,3,24.98,57.55
2022-03-23 05:23,12,24.98,53.06
2022-03-23 05:26,5,24.63,57.14
2022-03-23 05:27,6,24.63,47.76
2022-03-23 05:29,9,24.98,59.59
2022-03-23 05:29,11,24.63,57.55
2022-03-23 05:33,8,24.98,59.59
2022-03-23 05:36,10,25.33,69.39
2022-03-23 05:38,7,24.98,54.29
2022-03-23 05:39,1,24.63,77.14
2022-03-23 05:39,4,24.63,82.86
2022-03-23 05:41,3,24.98,57.55
2022-03-23 05:43,12,24.98,52.65
2022-03-23 05:46,5,24.63,56.73
2022-03-23 05:47,6,24.63,47.35
2022-03-23 05:49,9,24.98,59.59
2022-03-23 05:49,11,24.63,57.55
2022-03-23 05:56,10,25.33,68.98
2022-03-23 05:58,7,24.98,54.29
2022-03-23 05:59,1,24.63,76.73
2022-03-23 05:59,4,24.63,82.45
2022-03-23 06:01,3,24.98,57.55
2022-03-23 06:03,12,24.98,52.24
2022-03-23 06:06,5,24.63,55.92
2022-03-23 06:08,11,24.63,57.14
2022-03-23 06:13,8,24.98,58.78
2022-03-23 06:16,10,25.33,68.57
2022-03-23 06:17,7,24.98,54.29
2022-03-23 06:18,4,24.63,82.45
2022-03-23 06:19,1,24.63,76.33
2022-03-23 06:21,3,24.98,57.14
2022-03-23 06:23,12,24.98,51.84
2022-03-23 06:26,5,24.29,55.92
2022-03-23 06:27,6,24.63,47.76
2022-03-23 06:28,11,24.63,57.14
2022-03-23 06:29,9,24.63,58.78
2022-03-23 06:33,8,24.98,58.78
2022-03-23 06:37,7,24.98,54.29
2022-03-23 06:38,4,24.98,82.04
2022-03-23 06:39,1,24.63,76.33
2022-03-23 06:41,3,24.98,56.73
2022-03-23 06:43,12,24.98,51.84
2022-03-23 06:46,5,24.29,55.1
2022-03-23 06:47,6,24.63,47.76
2022-03-23 06:48,11,24.63,57.14
2022-03-23 06:49,9,24.63,58.78
2022-03-23 06:53,8,24.98,58.78
2022-03-23 06:57,7,24.98,54.69
2022-03-23 06:58,1,24.63,75.92
2022-03-23 06:58,4,24.98,82.04
2022-03-23 07:01,3,24.98,56.73
2022-03-23 07:03,12,24.98,51.43
2022-03-23 07:06,5,24.29,55.1
2022-03-23 07:07,6,24.63,47.76
2022-03-23 07:08,9,24.63,58.37
2022-03-23 07:08,11,24.63,56.73
2022-03-23 07:15,10,25.33,67.76
2022-03-23 07:17,7,24.98,54.29
2022-03-23 07:18,1,24.63,75.92
2022-03-23 07:18,4,24.98,81.63
2022-03-23 07:20,3,24.98,56.73
2022-03-23 07:23,12,24.98,51.43
2022-03-23 07:26,5,24.29,54.69
2022-03-23 07:28,9,24.63,58.37
2022-03-23 07:28,11,24.63,56.73
2022-03-23 07:32,8,24.63,57.96
2022-03-23 07:35,10,25.33,67.76
2022-03-23 07:37,7,24.98,53.88
2022-03-23 07:38,1,24.63,75.51
2022-03-23 07:38,4,24.98,81.63
2022-03-23 07:40,3,24.98,56.33
2022-03-23 07:43,12,24.98,51.02
2022-03-23 07:46,5,24.29,54.69
2022-03-23 07:47,6,24.63,48.16
2022-03-23 07:48,9,24.63,58.37
2022-03-23 07:48,11,24.63,56.33
2022-03-23 07:52,8,24.63,57.96
2022-03-23 07:55,10,25.33,67.35
2022-03-23 07:58,1,24.63,75.1
2022-03-23 07:58,4,24.98,81.63
2022-03-23 08:00,3,24.98,56.33
2022-03-23 08:03,12,24.98,51.02
2022-03-23 08:06,5,24.29,54.69
2022-03-23 08:07,6,24.63,48.16
2022-03-23 08:08,9,24.63,57.96
2022-03-23 08:08,11,24.63,56.33
2022-03-23 08:12,8,24.63,57.96
2022-03-23 08:15,10,25.33,67.35
2022-03-23 08:17,7,24.63,53.06
2022-03-23 08:18,1,24.63,74.69
2022-03-23 08:18,4,24.98,81.63
2022-03-23 08:20,3,24.98,55.92
2022-03-23 08:22,12,24.98,50.61
2022-03-23 08:26,5,24.29,54.69
2022-03-23 08:27,6,24.63,48.16
2022-03-23 08:28,9,24.63,57.96
2022-03-23 08:28,11,24.63,56.33
2022-03-23 08:35,10,24.98,66.94
2022-03-23 08:38,1,24.63,74.69
2022-03-23 08:38,4,24.98,80.82
2022-03-23 08:40,3,24.98,55.92
2022-03-23 08:45,5,24.29,54.29
2022-03-23 08:47,6,24.63,48.16
2022-03-23 08:48,9,24.63,57.55
2022-03-23 08:48,11,24.63,56.33
2022-03-23 08:52,8,24.63,57.55
2022-03-23 08:55,10,24.98,66.94
2022-03-23 08:57,7,24.63,53.06
2022-03-23 08:58,1,24.63,74.69
2022-03-23 09:00,3,24.98,55.92
2022-03-23 09:02,12,24.98,50.61
2022-03-23 09:05,5,24.29,54.29
2022-03-23 09:08,9,24.63,57.96
2022-03-23 09:08,11,24.63,56.33
2022-03-23 09:12,8,24.63,57.55
2022-03-23 09:17,7,24.63,53.06
2022-03-23 09:18,1,24.63,74.69
2022-03-23 09:18,4,24.98,81.63
2022-03-23 09:20,3,24.98,55.92
2022-03-23 09:22,12,24.98,50.61
2022-03-23 09:25,5,24.29,54.29
2022-03-23 09:26,6,24.63,48.57
2022-03-23 09:28,9,24.63,57.55
2022-03-23 09:28,11,24.63,56.33
2022-03-23 09:32,8,24.63,57.14
2022-03-23 09:35,10,24.98,66.94
2022-03-23 09:36,7,24.63,53.06
2022-03-23 09:38,1,24.63,74.29
2022-03-23 09:38,4,24.98,81.63
2022-03-23 09:40,3,24.98,55.92
2022-03-23 09:42,12,24.98,50.61
2022-03-23 09:45,5,24.29,54.29
2022-03-23 09:46,6,24.63,48.57
2022-03-23 09:47,11,24.63,55.92
2022-03-23 09:48,9,24.63,57.55
2022-03-23 09:52,8,24.63,57.55
2022-03-23 09:55,10,24.98,66.53
2022-03-23 09:56,7,24.63,53.06
2022-03-23 09:57,1,24.63,74.29
2022-03-23 09:58,4,24.98,80.82
2022-03-23 10:00,3,24.98,55.92
2022-03-23 10:02,12,24.98,50.2
2022-03-23 10:05,5,24.29,54.29
2022-03-23 10:06,6,24.63,48.16
2022-03-23 10:07,11,24.63,56.33
2022-03-23 10:15,10,24.98,66.53
2022-03-23 10:16,7,24.63,52.65
2022-03-23 10:17,1,24.63,74.29
2022-03-23 10:17,4,24.98,81.22
2022-03-23 10:20,3,24.98,55.92
2022-03-23 10:22,12,24.98,50.2
2022-03-23 10:25,5,24.29,53.88
2022-03-23 10:26,6,24.63,48.16
2022-03-23 10:27,9,24.63,57.55
2022-03-23 10:27,11,24.63,55.92
2022-03-23 10:32,8,24.63,57.14
2022-03-23 10:36,7,24.63,53.06
2022-03-23 10:37,1,24.63,74.29
2022-03-23 10:37,4,24.98,81.63
2022-03-23 10:40,3,24.98,55.51
2022-03-23 10:42,12,24.98,50.2
2022-03-23 10:45,5,24.29,53.88
2022-03-23 10:46,6,24.63,48.57
2022-03-23 10:47,9,24.63,57.55
2022-03-23 10:47,11,24.63,55.92
2022-03-23 10:52,8,24.63,57.14
2022-03-23 10:55,10,24.98,66.53
2022-03-23 10:56,7,24.63,52.65
2022-03-23 10:57,1,24.63,74.29
2022-03-23 10:57,4,24.98,81.63
2022-03-23 10:59,3,24.98,55.51
2022-03-23 11:02,12,24.98,50.2
2022-03-23 11:05,5,24.29,53.88
2022-03-23 11:06,6,24.63,48.16
2022-03-23 11:07,9,24.63,57.14
2022-03-23 11:07,11,24.29,55.92
2022-03-23 11:12,8,24.63,57.14
2022-03-23 11:16,7,24.63,52.65
2022-03-23 11:17,1,24.63,73.88
2022-03-23 11:17,4,24.98,80.41
2022-03-23 11:19,3,24.98,55.51
2022-03-23 11:22,12,24.98,50.2
2022-03-23 11:25,5,24.29,53.88
2022-03-23 11:26,6,24.63,48.57
2022-03-23 11:27,9,24.63,57.14
2022-03-23 11:27,11,24.63,56.33
2022-03-23 11:31,8,24.63,57.14
2022-03-23 11:36,7,24.63,53.06
2022-03-23 11:37,1,24.63,73.88
2022-03-23 11:39,3,24.98,55.51
2022-03-23 11:42,12,24.98,50.2
2022-03-23 11:45,5,24.29,53.88
2022-03-23 11:46,6,24.63,48.16
2022-03-23 11:47,9,24.63,57.14
2022-03-23 11:47,11,24.29,55.92
2022-03-23 11:51,8,24.63,57.14
2022-03-23 11:54,10,24.98,66.12
2022-03-23 11:56,7,24.63,52.65
2022-03-23 11:57,1,24.63,73.88
2022-03-23 11:57,4,24.98,80.41
2022-03-23 11:59,3,24.98,55.51
2022-03-23 12:01,12,24.98,49.8
2022-03-23 12:05,5,24.29,53.88
2022-03-23 12:07,9,24.63,57.14
2022-03-23 12:07,11,24.63,55.92
2022-03-23 12:11,8,24.63,56.73
2022-03-23 12:14,10,24.98,66.12
2022-03-23 12:16,7,24.63,52.24
2022-03-23 12:17,1,24.63,73.88
2022-03-23 12:17,4,24.98,80.41
2022-03-23 12:19,3,24.98,55.51
2022-03-23 12:21,12,24.98,49.8
2022-03-23 12:24,5,24.29,53.47
2022-03-23 12:26,6,24.63,48.16
2022-03-23 12:27,9,24.63,57.14
2022-03-23 12:27,11,24.63,55.92
2022-03-23 12:31,8,24.63,56.73
2022-03-23 12:34,10,24.98,66.12
2022-03-23 12:36,7,24.63,52.65
2022-03-23 12:37,1,24.63,73.47
2022-03-23 12:37,4,24.98,80.41
2022-03-23 12:39,3,24.98,55.51
2022-03-23 12:41,12,24.98,49.8
2022-03-23 12:44,5,24.29,53.47
2022-03-23 12:47,9,24.63,57.14
2022-03-23 12:47,11,24.29,55.92
2022-03-23 12:51,8,24.63,56.73
2022-03-23 12:54,10,24.98,66.12
2022-03-23 12:56,7,24.63,52.24
2022-03-23 12:57,1,24.63,73.47
2022-03-23 12:57,4,24.98,80
2022-03-23 12:59,3,24.98,55.1
2022-03-23 13:01,12,24.98,49.8
2022-03-23 13:04,5,24.29,53.47
2022-03-23 13:06,6,24.63,48.57
2022-03-23 13:06,11,24.29,55.51
2022-03-23 13:07,9,24.63,57.14
2022-03-23 13:11,8,24.63,56.73
2022-03-23 13:15,7,24.63,52.65
2022-03-23 13:17,1,24.63,73.47
2022-03-23 13:19,3,24.98,55.51
2022-03-23 13:21,12,24.98,49.39
2022-03-23 13:24,5,24.29,53.47
2022-03-23 13:25,6,24.63,48.57
2022-03-23 13:26,11,24.29,55.92
2022-03-23 13:27,9,24.63,56.73
2022-03-23 13:31,8,24.63,56.33
2022-03-23 13:34,10,24.98,65.71
2022-03-23 13:35,7,24.63,52.24
2022-03-23 13:36,1,24.63,73.47
2022-03-23 13:37,4,24.98,80.41
2022-03-23 13:39,3,24.98,55.1
2022-03-23 13:41,12,24.98,49.39
2022-03-23 13:44,5,24.29,53.47
2022-03-23 13:45,6,24.63,48.57
2022-03-23 13:46,9,24.63,56.73
2022-03-23 13:46,11,24.63,55.92
2022-03-23 13:51,8,24.63,56.33
2022-03-23 13:54,10,24.98,65.71
2022-03-23 13:55,7,24.63,52.24
2022-03-23 13:56,1,24.63,73.47
2022-03-23 13:56,4,24.98,80.41
2022-03-23 13:59,3,24.98,55.1
2022-03-23 14:01,12,24.98,49.39
2022-03-23 14:04,5,24.29,53.47
2022-03-23 14:05,6,24.63,48.57
2022-03-23 14:06,11,24.63,55.51
2022-03-23 14:14,10,24.98,65.31
2022-03-23 14:15,7,24.63,52.24
2022-03-23 14:16,1,24.63,73.06
2022-03-23 14:16,4,24.98,80.41
2022-03-23 14:19,3,24.98,55.1
2022-03-23 14:21,12,24.98,49.39
2022-03-23 14:24,5,24.29,53.47
2022-03-23 14:26,9,24.63,56.33
2022-03-23 14:26,11,24.63,55.51
2022-03-23 14:31,8,24.63,55.92
2022-03-23 14:34,10,24.98,65.31
2022-03-23 14:36,1,24.63,73.06
2022-03-23 14:36,4,24.98,79.18
2022-03-23 14:38,3,24.98,55.1
2022-03-23 14:41,12,24.98,49.39
2022-03-23 14:44,5,24.29,53.47
2022-03-23 14:46,9,24.63,56.73
2022-03-23 14:46,11,24.63,55.51
2022-03-23 14:51,8,24.63,55.92
2022-03-23 14:54,10,24.98,65.31
2022-03-23 14:56,1,24.63,73.06
2022-03-23 14:56,4,24.98,79.59
2022-03-23 14:58,3,24.98,54.69
2022-03-23 15:01,12,24.98,48.98
2022-03-23 15:04,5,24.29,53.06
2022-03-23 15:05,6,24.63,48.57
2022-03-23 15:06,9,24.63,56.33
2022-03-23 15:06,11,24.63,55.51
2022-03-23 15:10,8,24.63,55.92
2022-03-23 15:14,10,24.98,64.9
2022-03-23 15:15,7,24.63,52.24
2022-03-23 15:16,1,24.63,72.65
2022-03-23 15:16,4,24.98,80
2022-03-23 15:18,3,24.98,55.1
2022-03-23 15:21,12,24.98,48.98
2022-03-23 15:24,5,24.29,53.06
2022-03-23 15:25,6,24.29,48.57
2022-03-23 15:26,9,24.63,56.33
2022-03-23 15:26,11,24.29,55.51
2022-03-23 15:30,8,24.63,55.92
2022-03-23 15:34,10,24.98,64.9
2022-03-23 15:35,7,24.63,51.84
2022-03-23 15:36,1,24.63,72.65
2022-03-23 15:36,4,24.98,79.59
2022-03-23 15:38,3,24.98,54.69
2022-03-23 15:41,12,24.98,48.98
2022-03-23 15:43,5,24.29,53.06
2022-03-23 15:45,6,24.29,48.57
2022-03-23 15:46,9,24.63,56.33
2022-03-23 15:46,11,24.29,55.1
2022-03-23 15:50,8,24.63,55.92
2022-03-23 15:56,4,24.98,79.59
2022-03-23 16:00,12,24.98,48.98
2022-03-23 16:03,5,24.29,53.06
2022-03-23 16:06,9,24.63,56.33
2022-03-23 16:06,11,24.29,55.51
2022-03-23 16:13,10,24.98,64.49
2022-03-23 16:15,7,24.63,52.24
2022-03-23 16:16,4,24.98,80
2022-03-23 16:18,3,24.98,54.69
2022-03-23 16:23,5,24.29,53.06
2022-03-23 16:25,6,24.29,48.57
2022-03-23 16:26,9,24.63,56.33
2022-03-23 16:26,11,24.29,55.51
2022-03-23 16:30,8,24.63,55.51
2022-03-23 16:33,10,24.98,64.49
2022-03-23 16:34,7,24.63,51.84
2022-03-23 16:36,4,24.98,79.59
2022-03-23 16:38,3,24.98,54.69
2022-03-23 16:40,12,24.98,48.57
2022-03-23 16:43,5,24.29,52.65
2022-03-23 16:45,6,24.29,48.98
2022-03-23 16:46,9,24.63,55.92
2022-03-23 16:46,11,24.63,55.1
2022-03-23 16:50,8,24.63,55.51
2022-03-23 16:53,10,24.98,64.49
2022-03-23 16:54,7,24.63,51.84
2022-03-23 16:55,1,24.63,72.24
2022-03-23 16:56,4,24.98,79.18
2022-03-23 16:58,3,24.98,54.69
2022-03-23 17:00,12,24.98,48.57
2022-03-23 17:03,5,24.29,53.06
2022-03-23 17:05,6,24.63,48.57
2022-03-23 17:06,9,24.63,56.33
2022-03-23 17:10,8,24.98,55.51
2022-03-23 17:13,10,24.98,64.9
2022-03-23 17:14,7,24.63,52.24
2022-03-23 17:15,1,24.63,72.24
2022-03-23 17:16,4,24.98,79.18
2022-03-23 17:18,3,24.98,54.69
2022-03-23 17:20,12,24.98,48.98
2022-03-23 17:23,5,24.29,53.06
2022-03-23 17:25,6,24.63,48.57
2022-03-23 17:25,9,24.63,56.33
2022-03-23 17:25,11,24.63,55.51
2022-03-23 17:30,8,24.98,55.51
2022-03-23 17:33,10,25.33,64.9
2022-03-23 17:34,7,24.63,51.84
2022-03-23 17:36,4,24.98,80
2022-03-23 17:38,3,24.98,54.69
2022-03-23 17:40,12,24.98,48.98
2022-03-23 17:43,5,24.29,53.06
2022-03-23 17:45,6,24.63,48.98
2022-03-23 17:45,9,24.98,56.33
2022-03-23 17:45,11,24.63,55.51
2022-03-23 17:53,10,25.33,64.9
2022-03-23 17:54,7,24.63,52.24
2022-03-23 17:56,4,24.98,80
2022-03-23 17:58,3,24.98,54.69
2022-03-23 18:00,12,25.33,48.98
2022-03-23 18:03,5,24.29,53.06
2022-03-23 18:04,6,24.63,48.57
2022-03-23 18:05,9,24.98,56.33
2022-03-23 18:05,11,24.63,55.1
2022-03-23 18:10,8,24.98,55.1
2022-03-23 18:13,10,25.33,64.9
2022-03-23 18:14,7,24.63,52.24
2022-03-23 18:15,4,24.98,79.18
2022-03-23 18:18,3,24.98,54.69
2022-03-23 18:20,12,25.33,48.98
2022-03-23 18:23,5,24.63,53.06
2022-03-23 18:24,6,24.63,48.57
2022-03-23 18:25,9,24.98,56.33
2022-03-23 18:25,11,24.63,55.51
2022-03-23 18:30,8,24.98,55.51
2022-03-23 18:34,7,24.63,51.84
2022-03-23 18:35,1,24.63,72.65
2022-03-23 18:35,4,25.33,79.18
2022-03-23 18:38,3,25.33,54.29
2022-03-23 18:40,12,25.33,48.57
2022-03-23 18:43,5,24.63,52.65
2022-03-23 18:44,6,24.63,48.57
2022-03-23 18:45,9,24.98,56.33
2022-03-23 18:45,11,24.63,55.1
2022-03-23 18:53,10,25.67,64.49
2022-03-23 18:54,7,24.98,51.84
2022-03-23 18:55,1,24.63,72.65
2022-03-23 18:55,4,25.33,80
2022-03-23 18:57,3,25.33,54.29
2022-03-23 19:00,12,25.67,48.57
2022-03-23 19:03,5,24.63,53.06
2022-03-23 19:04,6,24.63,48.57
2022-03-23 19:05,9,25.33,56.33
2022-03-23 19:05,11,24.63,55.1
2022-03-23 19:09,8,25.33,55.1
2022-03-23 19:13,10,25.67,64.49
2022-03-23 19:14,7,24.98,51.84
2022-03-23 19:15,1,24.63,72.65
2022-03-23 19:15,4,25.33,79.18
2022-03-23 19:17,3,25.33,54.29
2022-03-23 19:20,12,25.67,48.57
2022-03-23 19:23,5,24.63,52.65
2022-03-23 19:24,6,24.98,48.16
2022-03-23 19:25,9,25.33,55.92
2022-03-23 19:25,11,24.98,55.1
2022-03-23 19:29,8,25.33,55.51
2022-03-23 19:33,10,25.67,64.49
2022-03-23 19:34,7,24.98,51.84
2022-03-23 19:35,1,24.63,72.24
2022-03-23 19:35,4,25.33,79.59
2022-03-23 19:37,3,25.33,54.29
2022-03-23 19:42,5,24.63,52.65
2022-03-23 19:44,6,24.98,48.57
2022-03-23 19:45,9,25.33,56.33
2022-03-23 19:45,11,24.98,55.1
2022-03-23 19:49,8,25.33,55.1
2022-03-23 19:53,10,25.67,64.08
2022-03-23 19:54,7,24.98,51.43
2022-03-23 19:55,1,24.63,72.24
2022-03-23 19:55,4,25.33,78.78
2022-03-23 19:57,3,25.33,54.29
2022-03-23 20:02,5,24.63,52.65
2022-03-23 20:04,6,24.98,48.57
2022-03-23 20:05,9,25.33,55.92
2022-03-23 20:05,11,24.98,55.1
2022-03-23 20:09,8,25.33,55.1
2022-03-23 20:13,7,24.98,51.43
2022-03-23 20:13,10,25.67,64.08
2022-03-23 20:14,1,24.98,72.24
2022-03-23 20:15,4,25.33,78.37
2022-03-23 20:17,3,25.33,53.88
2022-03-23 20:19,12,25.67,48.57
2022-03-23 20:22,5,24.63,52.65
2022-03-23 20:24,6,24.98,48.57
2022-03-23 20:25,9,25.33,55.92
2022-03-23 20:29,8,25.33,55.1
2022-03-23 20:33,7,24.98,51.43
2022-03-23 20:33,10,25.67,64.08
2022-03-23 20:34,1,24.98,72.24
2022-03-23 20:35,4,25.33,78.37
2022-03-23 20:37,3,25.33,53.88
2022-03-23 20:39,12,25.67,48.57
2022-03-23 20:42,5,24.63,52.65
2022-03-23 20:44,6,24.98,48.16
2022-03-23 20:44,9,25.33,55.92
2022-03-23 20:44,11,24.98,54.69
2022-03-23 20:49,8,25.33,55.1
2022-03-23 20:53,7,24.98,51.84
2022-03-23 20:54,1,24.98,71.84
2022-03-23 20:55,4,25.33,78.37
2022-03-23 20:57,3,25.33,53.88
2022-03-23 20:59,12,25.67,48.57
2022-03-23 21:02,5,24.63,52.24
2022-03-23 21:04,6,24.98,48.57
2022-03-23 21:04,9,25.33,55.92
2022-03-23 21:04,11,24.98,55.1
2022-03-23 21:09,8,25.33,54.69
2022-03-23 21:12,10,25.67,64.08
2022-03-23 21:13,7,24.98,51.43
2022-03-23 21:14,1,24.98,72.24
2022-03-23 21:15,4,25.33,78.78
2022-03-23 21:17,3,25.33,53.88
2022-03-23 21:19,12,25.67,48.16
2022-03-23 21:22,5,24.63,51.84
2022-03-23 21:24,6,24.98,48.16
2022-03-23 21:24,9,25.33,55.92
2022-03-23 21:24,11,24.98,54.69
2022-03-23 21:29,8,25.33,55.1
2022-03-23 21:32,10,25.67,63.67
2022-03-23 21:33,7,24.98,51.43
2022-03-23 21:34,1,24.98,71.84
2022-03-23 21:35,4,25.33,78.78
2022-03-23 21:37,3,25.33,53.88
2022-03-23 21:39,12,25.67,48.16
2022-03-23 21:42,5,24.63,52.24
2022-03-23 21:44,6,24.98,48.57
2022-03-23 21:44,9,25.33,55.51
2022-03-23 21:44,11,24.98,54.69
2022-03-23 21:49,8,25.33,54.69
2022-03-23 21:52,10,25.67,63.67
2022-03-23 21:53,7,24.98,51.02
2022-03-23 21:54,1,24.98,71.84
2022-03-23 21:55,4,25.33,77.96
2022-03-23 21:57,3,25.33,53.88
2022-03-23 21:59,12,25.67,47.76
2022-03-23 22:02,5,24.63,52.24
2022-03-23 22:03,6,24.98,48.16
2022-03-23 22:04,9,25.33,55.51
2022-03-23 22:04,11,24.98,55.1
2022-03-23 22:09,8,25.33,54.69
2022-03-23 22:12,10,25.67,63.67
2022-03-23 22:13,7,24.98,51.43
2022-03-23 22:14,1,24.98,71.84
2022-03-23 22:14,4,25.33,77.96
2022-03-23 22:17,3,25.33,53.88
2022-03-23 22:19,12,25.67,48.16
2022-03-23 22:22,5,24.63,52.24
2022-03-23 22:23,6,24.98,48.16
2022-03-23 22:24,9,25.33,55.51
2022-03-23 22:24,11,24.98,55.1
2022-03-23 22:29,8,25.33,54.69
2022-03-23 22:32,10,25.67,63.27
2022-03-23 22:33,7,24.98,51.02
2022-03-23 22:34,1,24.98,71.43
2022-03-23 22:34,4,25.33,77.96
2022-03-23 22:36,3,25.33,53.47
2022-03-23 22:39,12,25.67,48.16
2022-03-23 22:42,5,24.63,52.24
2022-03-23 22:43,6,24.98,48.16
2022-03-23 22:44,9,25.33,55.51
2022-03-23 22:44,11,24.98,54.69
2022-03-23 22:48,8,25.33,54.69
2022-03-23 22:53,7,24.98,51.02
2022-03-23 22:54,1,24.63,71.43
2022-03-23 22:54,4,25.33,77.55
2022-03-23 22:56,3,25.33,53.47
2022-03-23 22:59,12,25.67,48.16
2022-03-23 23:02,5,24.63,51.84
2022-03-23 23:03,6,24.98,48.16
2022-03-23 23:04,9,25.33,55.51
2022-03-23 23:04,11,24.98,54.69
2022-03-23 23:08,8,24.98,54.69
2022-03-23 23:12,10,25.67,63.27
2022-03-23 23:13,7,24.98,51.02
2022-03-23 23:14,1,24.63,71.43
2022-03-23 23:14,4,25.33,77.96
2022-03-23 23:16,3,25.33,53.47
2022-03-23 23:21,5,24.63,51.84
2022-03-23 23:23,6,24.63,48.16
2022-03-23 23:24,9,25.33,55.1
2022-03-23 23:24,11,24.98,54.69
2022-03-23 23:28,8,24.98,54.29
2022-03-23 23:32,7,24.98,51.02
2022-03-23 23:32,10,25.33,63.27
2022-03-23 23:33,1,24.63,71.43
2022-03-23 23:34,4,25.33,77.55
2022-03-23 23:36,3,25.33,53.47
2022-03-23 23:38,12,25.33,47.76
2022-03-23 23:41,5,24.63,51.84
2022-03-23 23:43,6,24.63,48.57
2022-03-23 23:43,11,24.98,54.69
2022-03-23 23:44,9,24.98,55.1
2022-03-23 23:52,7,24.98,51.02
2022-03-23 23:52,10,25.33,63.27
2022-03-23 23:53,1,24.63,71.43
2022-03-23 23:54,4,25.33,77.14
2022-03-23 23:56,3,24.98,53.47
2022-03-23 23:58,12,25.33,47.76
2022-03-24 00:01,5,24.63,51.84
2022-03-24 00:03,6,24.63,48.57
2022-03-24 00:03,9,24.98,55.1
2022-03-24 00:03,11,24.63,54.69
2022-03-24 00:08,8,24.98,53.88
2022-03-24 00:12,7,24.98,51.02
2022-03-24 00:12,10,25.33,62.86
2022-03-24 00:13,1,24.63,71.02
2022-03-24 00:14,4,25.33,77.14
2022-03-24 00:16,3,24.98,53.47
2022-03-24 00:18,12,25.33,47.76
2022-03-24 00:21,5,24.63,51.84
2022-03-24 00:23,6,24.63,48.16
2022-03-24 00:23,9,24.98,55.1
2022-03-24 00:23,11,24.63,54.69
2022-03-24 00:28,8,24.98,54.29
2022-03-24 00:32,7,24.98,51.02
2022-03-24 00:32,10,25.33,62.86
2022-03-24 00:33,1,24.63,71.02
2022-03-24 00:34,4,25.33,77.55
2022-03-24 00:36,3,24.98,53.47
2022-03-24 00:38,12,25.33,47.76
2022-03-24 00:41,5,24.63,51.84
2022-03-24 00:43,6,24.63,48.57
2022-03-24 00:43,9,24.98,55.1
2022-03-24 00:43,11,24.63,54.69
2022-03-24 00:48,8,24.98,54.29
2022-03-24 00:51,10,25.33,62.86
2022-03-24 00:52,7,24.98,51.02
2022-03-24 00:53,1,24.63,71.02
2022-03-24 00:54,4,24.98,76.73
2022-03-24 00:56,3,24.98,53.47
2022-03-24 00:58,12,25.33,47.76
2022-03-24 01:01,5,24.63,51.43
2022-03-24 01:03,6,24.63,48.16
2022-03-24 01:03,9,24.98,54.69
2022-03-24 01:03,11,24.63,54.69
2022-03-24 01:08,8,24.98,54.29
2022-03-24 01:12,7,24.98,50.61
2022-03-24 01:13,1,24.63,71.02
2022-03-24 01:14,4,24.98,77.14
2022-03-24 01:16,3,24.98,53.47
2022-03-24 01:18,12,25.33,47.35
2022-03-24 01:21,5,24.63,51.43
2022-03-24 01:23,6,24.63,48.57
2022-03-24 01:23,9,24.98,55.1
2022-03-24 01:23,11,24.63,54.69
2022-03-24 01:28,8,24.98,54.29
2022-03-24 01:31,10,25.33,62.86
2022-03-24 01:32,7,24.98,51.02
2022-03-24 01:33,1,24.63,70.61
2022-03-24 01:34,4,24.98,76.73
2022-03-24 01:36,3,24.98,53.47
2022-03-24 01:38,12,24.98,47.35
2022-03-24 01:41,5,24.29,51.43
2022-03-24 01:43,6,24.63,48.57
2022-03-24 01:43,9,24.98,54.69
2022-03-24 01:43,11,24.63,54.69
2022-03-24 01:48,8,24.98,54.29
2022-03-24 01:51,10,24.98,62.86
2022-03-24 01:53,1,24.63,71.02
2022-03-24 01:53,4,24.98,77.14
2022-03-24 01:56,3,24.98,53.47
2022-03-24 01:58,12,24.98,47.35
2022-03-24 02:01,5,24.29,51.43
2022-03-24 02:02,6,24.63,48.57
2022-03-24 02:03,9,24.98,55.1
2022-03-24 02:03,11,24.63,54.69
2022-03-24 02:07,8,24.98,53.88
2022-03-24 02:11,10,24.98,62.45
2022-03-24 02:12,7,24.63,50.61
2022-03-24 02:13,1,24.63,70.61
2022-03-24 02:13,4,24.98,76.73
2022-03-24 02:15,3,24.98,53.47
2022-03-24 02:18,12,24.98,47.35
2022-03-24 02:21,5,24.29,51.43
2022-03-24 02:22,6,24.63,48.57
2022-03-24 02:23,9,24.98,54.69
2022-03-24 02:23,11,24.63,54.69
2022-03-24 02:31,10,24.98,62.45
2022-03-24 02:32,7,24.63,51.02
2022-03-24 02:33,1,24.63,70.61
2022-03-24 02:33,4,24.98,76.33
2022-03-24 02:38,12,24.98,47.35
2022-03-24 02:40,5,24.29,51.43
2022-03-24 02:42,6,24.63,48.57
2022-03-24 02:43,9,24.63,54.69
2022-03-24 02:43,11,24.63,54.69
2022-03-24 02:47,8,24.63,53.47
2022-03-24 02:51,10,24.98,62.45
2022-03-24 02:52,1,24.63,70.61
2022-03-24 02:52,7,24.63,51.02
2022-03-24 02:53,4,24.98,76.33
2022-03-24 02:57,12,24.98,47.35
2022-03-24 03:00,5,24.29,51.43
2022-03-24 03:02,6,24.63,48.57
2022-03-24 03:02,11,24.63,54.69
2022-03-24 03:03,9,24.63,54.69
2022-03-24 03:07,8,24.63,53.88
2022-03-24 03:11,7,24.63,51.02
2022-03-24 03:11,10,24.98,62.45
2022-03-24 03:12,1,24.63,70.2
2022-03-24 03:13,4,24.98,76.33
2022-03-24 03:15,3,24.98,53.06
2022-03-24 03:17,12,24.98,47.35
2022-03-24 03:20,5,24.29,51.43
2022-03-24 03:22,6,24.63,48.57
2022-03-24 03:22,11,24.63,54.69
2022-03-24 03:23,9,24.63,54.69
2022-03-24 03:27,8,24.63,53.88
2022-03-24 03:31,7,24.63,50.61
2022-03-24 03:31,10,24.98,62.45
2022-03-24 03:32,1,24.63,70.2
2022-03-24 03:33,4,24.98,77.14
2022-03-24 03:35,3,24.98,53.47
2022-03-24 03:37,12,24.98,47.35
2022-03-24 03:40,5,24.29,51.02
2022-03-24 03:42,6,24.29,48.57
2022-03-24 03:42,9,24.63,54.29
2022-03-24 03:42,11,24.63,54.29
2022-03-24 03:47,8,24.63,53.88
2022-03-24 03:51,7,24.63,50.61
2022-03-24 03:51,10,24.98,62.04
2022-03-24 03:52,1,24.63,70.2
2022-03-24 03:53,4,24.98,75.92
2022-03-24 03:55,3,24.98,53.06
2022-03-24 03:57,12,24.98,46.94
2022-03-24 04:00,5,24.29,51.02
2022-03-24 04:02,6,24.29,48.57
2022-03-24 04:02,9,24.63,54.69
2022-03-24 04:02,11,24.63,54.29
2022-03-24 04:07,8,24.63,53.88
2022-03-24 04:11,7,24.63,50.61
2022-03-24 04:11,10,24.98,62.04
2022-03-24 04:12,1,24.63,70.2
2022-03-24 04:13,4,24.98,75.92
2022-03-24 04:15,3,24.98,53.06
2022-03-24 04:17,12,24.98,46.94
2022-03-24 04:20,5,24.29,51.43
2022-03-24 04:22,6,24.29,48.57
2022-03-24 04:22,9,24.63,54.69
2022-03-24 04:22,11,24.63,54.29
2022-03-24 04:27,8,24.63,53.47
2022-03-24 04:31,7,24.63,50.61
2022-03-24 04:31,10,24.98,62.04
2022-03-24 04:32,1,24.63,70.2
2022-03-24 04:33,4,24.98,76.33
2022-03-24 04:35,3,24.98,53.06
2022-03-24 04:37,12,24.98,46.94
2022-03-24 04:40,5,24.29,51.43
2022-03-24 04:42,6,24.29,48.57
2022-03-24 04:42,9,24.63,54.29
2022-03-24 04:42,11,24.63,54.29
2022-03-24 04:47,8,24.63,53.47
2022-03-24 04:51,7,24.63,50.61
2022-03-24 04:52,1,24.29,70.2
2022-03-24 04:53,4,24.98,75.92
2022-03-24 04:55,3,24.63,53.06
2022-03-24 04:57,12,24.63,46.94
2022-03-24 05:00,5,24.29,51.02
2022-03-24 05:02,6,24.29,48.57
2022-03-24 05:02,9,24.63,54.29
2022-03-24 05:02,11,24.63,54.29
2022-03-24 05:07,8,24.63,53.88
2022-03-24 05:10,10,24.63,62.04
2022-03-24 05:11,7,24.63,50.61
2022-03-24 05:12,1,24.29,70.2
2022-03-24 05:13,4,24.98,76.33
2022-03-24 05:15,3,24.63,53.06
2022-03-24 05:17,12,24.63,46.94
2022-03-24 05:20,5,24.29,51.02
2022-03-24 05:22,6,24.29,48.57
2022-03-24 05:22,11,24.63,54.29
2022-03-24 05:27,8,24.63,53.47
2022-03-24 05:30,10,24.63,61.63
2022-03-24 05:31,7,24.63,50.61
2022-03-24 05:32,1,24.29,69.8
2022-03-24 05:35,3,24.63,53.06
2022-03-24 05:40,5,24.29,51.02
2022-03-24 05:42,6,24.29,48.57
2022-03-24 05:42,9,24.63,54.29
2022-03-24 05:42,11,24.63,54.29
2022-03-24 05:47,8,24.63,53.47
2022-03-24 05:50,10,24.63,62.04
2022-03-24 05:51,7,24.63,50.61
2022-03-24 05:52,1,24.29,69.8
2022-03-24 05:52,4,24.98,75.51
2022-03-24 05:55,3,24.63,53.06
2022-03-24 05:57,12,24.63,46.94
2022-03-24 06:00,5,24.29,51.02
2022-03-24 06:01,6,24.29,48.57
2022-03-24 06:02,9,24.63,54.29
2022-03-24 06:02,11,24.63,54.29
2022-03-24 06:07,8,24.63,53.47
2022-03-24 06:10,10,24.63,61.63
2022-03-24 06:12,1,24.29,69.8
2022-03-24 06:12,4,24.98,75.92
2022-03-24 06:14,3,24.63,53.06
2022-03-24 06:17,12,24.63,46.94
2022-03-24 06:19,5,24.29,51.43
2022-03-24 06:21,6,24.29,48.57
2022-03-24 06:22,9,24.63,54.29
2022-03-24 06:22,11,24.63,54.29
2022-03-24 06:26,8,24.63,53.47
2022-03-24 06:30,10,24.63,61.63
2022-03-24 06:31,1,24.29,69.8
2022-03-24 06:31,7,24.63,50.61
2022-03-24 06:32,4,24.98,75.92
2022-03-24 06:34,3,24.63,52.65
2022-03-24 06:36,12,24.63,46.94
2022-03-24 06:41,6,24.29,48.57
2022-03-24 06:41,9,24.63,54.29
2022-03-24 06:41,11,24.63,54.29
2022-03-24 06:46,8,24.63,53.47
2022-03-24 06:50,7,24.63,50.2
2022-03-24 06:50,10,24.63,61.63
2022-03-24 06:51,1,24.29,69.8
2022-03-24 06:52,4,24.98,75.51
2022-03-24 06:56,12,24.63,46.94
2022-03-24 06:59,5,24.29,51.02
2022-03-24 07:01,6,24.29,48.57
2022-03-24 07:01,9,24.63,53.88
2022-03-24 07:01,11,24.29,54.29
2022-03-24 07:10,7,24.63,50.2
2022-03-24 07:10,10,24.63,61.63
2022-03-24 07:11,1,24.29,69.8
2022-03-24 07:12,4,24.63,75.1
2022-03-24 07:14,3,24.63,53.06
2022-03-24 07:16,12,24.63,46.94
2022-03-24 07:19,5,24.29,51.02
2022-03-24 07:21,6,24.29,48.57
2022-03-24 07:21,9,24.63,54.29
2022-03-24 07:21,11,24.29,54.29
2022-03-24 07:26,8,24.63,53.06
2022-03-24 07:30,7,24.63,50.61
2022-03-24 07:30,10,24.63,61.63
2022-03-24 07:31,1,24.29,69.39
2022-03-24 07:32,4,24.63,75.1
2022-03-24 07:34,3,24.63,53.06
2022-03-24 07:36,12,24.63,46.94
2022-03-24 07:39,5,23.94,50.61
2022-03-24 07:41,6,24.29,48.57
2022-03-24 07:41,9,24.63,54.29
2022-03-24 07:41,11,24.63,54.29
2022-03-24 07:46,8,24.63,53.47
2022-03-24 07:50,7,24.63,50.2
2022-03-24 07:50,10,24.63,61.63
2022-03-24 07:51,1,24.29,69.39
2022-03-24 07:52,4,24.63,75.1
2022-03-24 07:56,12,24.63,46.94
2022-03-24 07:59,5,23.94,51.02
2022-03-24 08:01,6,24.29,48.57
2022-03-24 08:01,9,24.63,53.88
2022-03-24 08:01,11,24.29,54.29
2022-03-24 08:06,8,24.63,53.47
2022-03-24 08:10,7,24.63,50.2
2022-03-24 08:10,10,24.63,61.63
2022-03-24 08:11,1,24.29,69.39
2022-03-24 08:12,4,24.63,75.51
2022-03-24 08:16,12,24.63,46.94
2022-03-24 08:19,5,23.94,50.61
2022-03-24 08:21,6,24.29,48.57
2022-03-24 08:21,9,24.63,53.88
2022-03-24 08:21,11,24.29,54.29
2022-03-24 08:26,8,24.63,53.06
2022-03-24 08:30,7,24.63,50.2
2022-03-24 08:30,10,24.63,61.22
2022-03-24 08:31,1,24.29,69.39
2022-03-24 08:32,4,24.63,75.1
2022-03-24 08:34,3,24.63,52.65
2022-03-24 08:36,12,24.63,46.94
2022-03-24 08:39,5,23.94,50.61
2022-03-24 08:41,6,24.29,48.57
2022-03-24 08:41,9,24.63,53.88
2022-03-24 08:41,11,24.29,54.29
2022-03-24 08:46,8,24.63,53.47
2022-03-24 08:50,7,24.63,50.2
2022-03-24 08:50,10,24.63,61.22
2022-03-24 08:51,1,24.29,69.39
2022-03-24 08:52,4,24.63,75.51
2022-03-24 08:54,3,24.63,52.65
2022-03-24 08:56,12,24.63,46.53
2022-03-24 08:59,5,23.94,50.61
2022-03-24 09:01,6,24.29,48.57
2022-03-24 09:01,9,24.63,53.88
2022-03-24 09:01,11,24.29,54.29
2022-03-24 09:06,8,24.63,53.47
2022-03-24 09:10,7,24.63,50.2
2022-03-24 09:10,10,24.63,61.22
2022-03-24 09:11,1,24.29,69.39
2022-03-24 09:12,4,24.98,75.92
2022-03-24 09:16,12,24.63,46.53
2022-03-24 09:19,5,23.94,50.61
2022-03-24 09:21,6,24.29,48.57
2022-03-24 09:21,9,24.63,53.88
2022-03-24 09:21,11,24.29,53.88
2022-03-24 09:26,8,24.63,53.47
2022-03-24 09:30,7,24.63,50.2
2022-03-24 09:30,10,24.63,61.22
2022-03-24 09:32,4,24.98,75.1
2022-03-24 09:34,3,24.63,52.65
2022-03-24 09:36,12,24.63,46.53
2022-03-24 09:39,5,23.94,50.61
2022-03-24 09:41,6,24.29,48.57
2022-03-24 09:41,9,24.63,53.88
2022-03-24 09:41,11,24.29,53.88
2022-03-24 09:46,8,24.63,53.06
2022-03-24 09:49,10,24.63,61.22
2022-03-24 09:50,1,24.29,68.98
2022-03-24 09:50,7,24.63,50.2
2022-03-24 09:51,4,24.98,75.1
2022-03-24 09:53,3,24.63,52.65
2022-03-24 09:56,12,24.63,46.53
2022-03-24 09:58,5,23.94,50.61
2022-03-24 10:01,6,24.29,48.57
2022-03-24 10:01,9,24.63,53.88
2022-03-24 10:01,11,24.63,54.29
2022-03-24 10:06,8,24.63,53.06
2022-03-24 10:09,7,24.63,50.2
2022-03-24 10:10,1,24.29,68.98
2022-03-24 10:11,4,24.98,75.1
2022-03-24 10:13,3,24.63,53.06
2022-03-24 10:15,12,24.63,46.53
2022-03-24 10:18,5,23.94,50.61
2022-03-24 10:20,9,24.63,53.88
2022-03-24 10:20,11,24.63,54.29
2022-03-24 10:21,6,24.29,48.57
2022-03-24 10:25,8,24.63,53.06
2022-03-24 10:29,7,24.63,50.2
2022-03-24 10:29,10,24.63,61.22
2022-03-24 10:30,1,24.29,68.98
2022-03-24 10:31,4,24.98,74.69
2022-03-24 10:33,3,24.63,52.65
2022-03-24 10:35,12,24.63,46.53
2022-03-24 10:38,5,23.94,50.61
2022-03-24 10:40,6,24.29,48.57
2022-03-24 10:40,9,24.63,53.88
2022-03-24 10:40,11,24.63,54.29
2022-03-24 10:45,8,24.63,53.06
2022-03-24 10:49,7,24.63,50.2
2022-03-24 10:49,10,24.63,61.22
2022-03-24 10:50,1,24.29,68.98
2022-03-24 10:51,4,24.98,75.1
2022-03-24 10:53,3,24.63,52.65
2022-03-24 10:55,12,24.63,46.53
2022-03-24 10:58,5,24.29,50.61
2022-03-24 11:00,6,24.29,48.57
2022-03-24 11:00,9,24.63,53.88
2022-03-24 11:00,11,24.63,54.29
2022-03-24 11:05,8,24.63,53.06
2022-03-24 11:09,10,24.63,61.22
2022-03-24 11:10,1,24.29,68.98
2022-03-24 11:11,4,24.98,75.51
2022-03-24 11:13,3,24.63,52.65
2022-03-24 11:15,12,24.63,46.53
2022-03-24 11:18,5,24.29,50.61
2022-03-24 11:20,9,24.63,53.88
2022-03-24 11:20,11,24.63,54.29
2022-03-24 11:25,8,24.63,53.06
2022-03-24 11:29,7,24.63,50.2
2022-03-24 11:29,10,24.63,61.22
2022-03-24 11:30,1,24.29,68.98
2022-03-24 11:31,4,24.98,75.1
2022-03-24 11:33,3,24.63,52.65
2022-03-24 11:35,12,24.63,46.53
2022-03-24 11:38,5,24.29,50.61
2022-03-24 11:40,9,24.63,53.88
2022-03-24 11:40,11,24.63,54.29
2022-03-24 11:49,7,24.63,49.8
2022-03-24 11:49,10,24.63,61.22
2022-03-24 11:50,1,24.29,68.98
2022-03-24 11:51,4,24.98,75.51
2022-03-24 11:53,3,24.63,52.65
2022-03-24 11:55,12,24.63,46.53
2022-03-24 11:58,5,24.29,50.61
2022-03-24 12:00,6,24.29,48.57
2022-03-24 12:00,9,24.63,53.88
2022-03-24 12:00,11,24.63,54.29
2022-03-24 12:05,8,24.63,52.65
2022-03-24 12:09,7,24.63,50.2
2022-03-24 12:09,10,24.63,60.82
2022-03-24 12:10,1,24.29,68.57
2022-03-24 12:11,4,24.98,74.69
2022-03-24 12:13,3,24.98,52.65
2022-03-24 12:15,12,24.63,46.12
2022-03-24 12:18,5,24.29,50.61
2022-03-24 12:20,6,24.29,48.57
2022-03-24 12:20,9,24.63,53.88
2022-03-24 12:20,11,24.63,54.29
2022-03-24 12:25,8,24.63,53.06
2022-03-24 12:29,7,24.63,49.8
2022-03-24 12:29,10,24.63,61.22
2022-03-24 12:30,1,24.29,68.98
2022-03-24 12:31,4,24.98,75.1
2022-03-24 12:33,3,24.98,52.65
2022-03-24 12:35,12,24.98,46.53
2022-03-24 12:38,5,24.29,50.61
2022-03-24 12:40,6,24.29,48.57
2022-03-24 12:40,9,24.63,53.88
2022-03-24 12:40,11,24.63,54.29
2022-03-24 12:49,1,24.63,68.98
2022-03-24 12:49,7,24.63,50.2
2022-03-24 12:49,10,24.63,61.22
2022-03-24 12:51,4,24.98,75.1
2022-03-24 12:53,3,24.98,52.65
2022-03-24 12:55,12,24.98,46.12
2022-03-24 12:58,5,24.29,50.61
2022-03-24 13:00,6,24.63,48.16
2022-03-24 13:00,9,24.63,53.47
2022-03-24 13:00,11,24.63,54.29
2022-03-24 13:05,8,24.98,52.65
2022-03-24 13:09,1,24.63,68.57
2022-03-24 13:09,10,24.98,61.22
2022-03-24 13:13,3,24.98,52.24
2022-03-24 13:15,12,24.98,46.12
2022-03-24 13:20,6,24.63,48.57
2022-03-24 13:20,9,24.63,53.88
2022-03-24 13:20,11,24.63,53.88
2022-03-24 13:29,1,24.63,68.57
2022-03-24 13:29,7,24.63,49.8
2022-03-24 13:29,10,24.98,61.22
2022-03-24 13:31,4,24.98,74.69
2022-03-24 13:33,3,24.98,52.24
2022-03-24 13:35,12,24.98,46.12
2022-03-24 13:38,5,24.29,50.61
2022-03-24 13:40,6,24.63,48.57
2022-03-24 13:40,9,24.98,53.47
2022-03-24 13:40,11,24.63,53.88
2022-03-24 13:49,1,24.63,68.57
2022-03-24 13:49,7,24.63,49.39
2022-03-24 13:49,10,24.98,61.22
2022-03-24 13:51,4,25.33,74.29
2022-03-24 13:52,3,24.98,52.24
2022-03-24 13:55,12,24.98,46.12
2022-03-24 13:57,5,24.63,50.2
2022-03-24 14:00,6,24.63,48.57
2022-03-24 14:00,9,24.98,53.47
2022-03-24 14:00,11,24.63,53.88
2022-03-24 14:05,8,24.98,52.24
2022-03-24 14:08,7,24.63,49.8
2022-03-24 14:09,1,24.63,68.57
2022-03-24 14:10,4,25.33,74.69
2022-03-24 14:12,3,25.33,52.24
2022-03-24 14:17,5,24.63,50.2
2022-03-24 14:19,9,24.98,53.47
2022-03-24 14:19,11,24.98,53.88
2022-03-24 14:20,6,24.63,48.16
2022-03-24 14:24,8,25.33,52.65
2022-03-24 14:28,7,24.98,49.39
2022-03-24 14:28,10,25.33,61.22
2022-03-24 14:29,1,24.63,68.57
2022-03-24 14:30,4,25.33,74.69
2022-03-24 14:32,3,25.33,52.24
2022-03-24 14:34,12,25.33,46.12
2022-03-24 14:37,5,24.63,50.2
2022-03-24 14:39,9,24.98,53.47
2022-03-24 14:39,11,24.98,53.88
2022-03-24 14:40,6,24.63,48.16
2022-03-24 14:44,8,25.33,52.65
2022-03-24 14:48,7,24.98,49.8
2022-03-24 14:48,10,25.33,61.22
2022-03-24 14:49,1,24.63,68.57
2022-03-24 14:50,4,25.33,74.69
2022-03-24 14:52,3,25.33,52.24
2022-03-24 14:54,12,25.33,46.12
2022-03-24 14:57,5,24.63,50.2
2022-03-24 14:59,6,24.98,48.16
2022-03-24 14:59,9,25.33,53.47
2022-03-24 14:59,11,24.98,53.88
2022-03-24 15:08,7,24.98,49.39
2022-03-24 15:08,10,25.33,61.63
2022-03-24 15:09,1,24.98,68.57
2022-03-24 15:10,4,25.33,76.73
2022-03-24 15:12,3,25.33,52.65
2022-03-24 15:14,12,25.33,47.35
2022-03-24 15:17,5,24.63,50.61
2022-03-24 15:19,6,24.98,48.16
2022-03-24 15:19,9,25.33,54.69
2022-03-24 15:19,11,24.98,53.88
2022-03-24 15:24,8,25.33,52.65
2022-03-24 15:28,7,24.98,49.8
2022-03-24 15:28,10,25.33,62.86
2022-03-24 15:29,1,24.98,71.02
2022-03-24 15:30,4,25.67,78.78
2022-03-24 15:32,3,25.33,53.06
2022-03-24 15:34,12,25.33,48.98
2022-03-24 15:37,5,24.63,51.84
2022-03-24 15:39,6,24.98,48.57
2022-03-24 15:39,9,25.33,55.92
2022-03-24 15:39,11,24.98,53.88
2022-03-24 15:44,8,25.67,53.06
2022-03-24 15:48,7,24.98,49.8
2022-03-24 15:48,10,25.67,63.27
2022-03-24 15:49,1,24.98,71.84
2022-03-24 15:50,4,25.67,80.41
2022-03-24 15:52,3,25.67,53.47
2022-03-24 15:54,12,25.67,49.8
2022-03-24 15:57,5,24.98,52.24
2022-03-24 15:59,6,24.98,48.98
2022-03-24 15:59,9,25.33,56.33
2022-03-24 15:59,11,24.98,54.29
2022-03-24 16:04,8,25.67,53.06
2022-03-24 16:08,7,24.98,50.61
2022-03-24 16:08,10,25.67,63.67
2022-03-24 16:09,1,24.98,72.65
2022-03-24 16:10,4,25.67,80.41
2022-03-24 16:12,3,25.67,53.47
2022-03-24 16:14,12,25.67,49.8
2022-03-24 16:17,5,24.98,52.65
2022-03-24 16:19,6,24.98,48.98
2022-03-24 16:19,9,25.33,56.73
2022-03-24 16:19,11,24.98,54.29
2022-03-24 16:24,8,25.67,53.47
2022-03-24 16:28,1,24.98,73.06
2022-03-24 16:28,7,24.98,50.61
2022-03-24 16:30,4,25.67,80.41
2022-03-24 16:32,3,25.67,53.47
2022-03-24 16:34,12,25.67,49.8
2022-03-24 16:37,5,24.98,52.65
2022-03-24 16:39,9,25.33,56.73
2022-03-24 16:39,11,25.33,54.69
2022-03-24 16:44,8,25.67,53.06
2022-03-24 16:48,1,24.98,73.47
2022-03-24 16:48,7,24.98,50.61
2022-03-24 16:48,10,26.02,64.08
2022-03-24 16:50,4,25.67,80.41
2022-03-24 16:52,3,25.67,53.88
2022-03-24 16:54,12,25.67,49.8
2022-03-24 16:57,5,24.98,52.65
2022-03-24 16:59,6,24.98,48.98
2022-03-24 16:59,9,25.67,56.73
2022-03-24 16:59,11,25.33,54.69
2022-03-24 17:08,1,24.98,73.47
2022-03-24 17:08,7,24.98,50.61
2022-03-24 17:08,10,26.02,64.08
2022-03-24 17:10,4,25.67,80.41
2022-03-24 17:12,3,25.67,53.88
2022-03-24 17:14,12,25.67,49.39
2022-03-24 17:17,5,24.98,52.65
2022-03-24 17:19,6,24.98,48.98
2022-03-24 17:19,9,25.67,56.73
2022-03-24 17:19,11,25.33,54.69
2022-03-24 17:24,8,26.02,53.06
2022-03-24 17:27,7,24.98,50.61
2022-03-24 17:28,1,24.98,73.47
2022-03-24 17:28,10,26.02,64.08
2022-03-24 17:30,4,25.67,80.82
2022-03-24 17:31,3,25.67,53.88
2022-03-24 17:34,12,25.67,49.39
2022-03-24 17:36,5,24.98,53.06
2022-03-24 17:38,9,25.67,56.73
2022-03-24 17:39,6,24.98,48.98
2022-03-24 17:39,11,25.33,54.69
2022-03-24 17:44,8,26.02,53.06
2022-03-24 17:47,7,25.33,51.02
2022-03-24 17:48,1,24.98,73.06
2022-03-24 17:48,10,26.02,64.08
2022-03-24 17:49,4,26.02,80.82
2022-03-24 17:51,3,25.67,53.88
2022-03-24 17:53,12,25.67,49.39
2022-03-24 17:56,5,24.98,52.65
2022-03-24 17:58,9,25.67,56.73
2022-03-24 17:58,11,25.33,54.69
2022-03-24 17:59,6,24.98,48.98
2022-03-24 18:04,8,26.02,53.47
2022-03-24 18:07,7,25.33,51.02
2022-03-24 18:08,10,26.02,64.08
2022-03-24 18:09,4,26.02,80
2022-03-24 18:11,3,25.67,53.88
2022-03-24 18:13,12,26.02,49.39
2022-03-24 18:16,5,24.98,52.65
2022-03-24 18:18,9,25.67,56.73
2022-03-24 18:18,11,25.33,54.69
2022-03-24 18:19,6,24.98,48.98
2022-03-24 18:23,8,26.02,53.47
2022-03-24 18:27,7,25.33,51.02
2022-03-24 18:28,1,24.98,73.06
2022-03-24 18:28,10,26.37,64.08
2022-03-24 18:29,4,26.02,80.41
2022-03-24 18:31,3,25.67,53.88
2022-03-24 18:33,12,26.02,48.98
2022-03-24 18:36,5,24.98,52.65
2022-03-24 18:38,9,25.67,56.73
2022-03-24 18:38,11,25.33,54.69
2022-03-24 18:39,6,24.98,48.98
2022-03-24 18:43,8,26.02,53.47
2022-03-24 18:47,7,25.33,51.43
2022-03-24 18:47,10,26.37,64.08
2022-03-24 18:48,1,24.98,73.06
2022-03-24 18:49,4,26.02,80.82
2022-03-24 18:51,3,25.67,53.88
2022-03-24 18:53,12,26.02,48.98
2022-03-24 18:56,5,24.98,52.65
2022-03-24 18:58,9,25.67,56.73
2022-03-24 18:58,11,25.33,55.1
2022-03-24 18:59,6,24.98,48.98
2022-03-24 19:07,7,25.33,51.02
2022-03-24 19:08,1,24.98,73.06
2022-03-24 19:09,4,26.02,80.41
2022-03-24 19:11,3,25.67,53.88
2022-03-24 19:13,12,25.67,48.98
2022-03-24 19:16,5,24.98,52.65
2022-03-24 19:18,6,24.98,48.98
2022-03-24 19:18,9,25.67,56.33
2022-03-24 19:18,11,25.33,54.69
2022-03-24 19:27,1,24.98,73.06
2022-03-24 19:27,7,25.33,51.02
2022-03-24 19:29,4,25.67,79.59
2022-03-24 19:31,3,25.67,53.88
2022-03-24 19:33,12,25.67,48.98
2022-03-24 19:36,5,24.98,52.24
2022-03-24 19:38,6,24.98,48.98
2022-03-24 19:38,9,25.67,56.33
2022-03-24 19:38,11,25.33,54.69
2022-03-24 19:43,8,25.67,53.06
2022-03-24 19:47,1,24.98,73.06
2022-03-24 19:47,7,25.33,51.02
2022-03-24 19:47,10,26.02,63.67
2022-03-24 19:49,4,25.67,79.59
2022-03-24 19:51,3,25.67,53.88
2022-03-24 19:53,12,25.67,48.57
2022-03-24 19:56,5,24.98,52.24
2022-03-24 19:58,6,24.98,48.98
2022-03-24 19:58,9,25.67,56.33
2022-03-24 19:58,11,25.33,54.69
2022-03-24 20:07,1,24.98,72.65
2022-03-24 20:07,7,25.33,51.43
2022-03-24 20:07,10,26.02,63.67
2022-03-24 20:09,4,25.67,79.18
2022-03-24 20:11,3,25.67,53.88
2022-03-24 20:13,12,25.67,48.57
2022-03-24 20:16,5,24.98,52.24
2022-03-24 20:18,6,24.98,48.98
2022-03-24 20:18,9,25.67,56.33
2022-03-24 20:18,11,25.33,54.69
2022-03-24 20:23,8,25.67,53.06
2022-03-24 20:27,1,24.98,73.06
2022-03-24 20:27,7,25.33,51.02
2022-03-24 20:27,10,26.02,63.67
2022-03-24 20:29,4,25.67,79.18
2022-03-24 20:31,3,25.67,53.88
2022-03-24 20:33,12,25.67,48.57
2022-03-24 20:36,5,24.98,52.24
2022-03-24 20:38,6,24.98,48.98
2022-03-24 20:38,9,25.67,56.33
2022-03-24 20:38,11,25.33,54.69
2022-03-24 20:43,8,25.67,53.47
2022-03-24 20:47,1,24.98,72.65
2022-03-24 20:47,7,25.33,51.02
2022-03-24 20:47,10,26.02,63.67
2022-03-24 20:49,4,25.67,79.18
2022-03-24 20:51,3,25.67,53.88
2022-03-24 20:53,12,25.67,48.57
2022-03-24 20:55,5,24.98,52.24
2022-03-24 20:57,9,25.67,56.33
2022-03-24 20:58,11,25.33,54.69
2022-03-24 21:03,8,25.67,53.47
2022-03-24 21:06,7,25.33,51.02
2022-03-24 21:07,1,24.98,72.65
2022-03-24 21:07,10,26.02,63.67
2022-03-24 21:09,4,25.67,78.78
2022-03-24 21:10,3,25.67,53.47
2022-03-24 21:13,12,25.67,48.57
2022-03-24 21:15,5,24.98,52.24
2022-03-24 21:17,9,25.67,56.33
2022-03-24 21:18,6,24.98,48.57
2022-03-24 21:18,11,25.33,54.69
2022-03-24 21:23,8,25.67,53.47
2022-03-24 21:26,7,25.33,51.02
2022-03-24 21:27,1,24.98,72.24
2022-03-24 21:27,10,26.02,63.27
2022-03-24 21:28,4,25.67,79.18
2022-03-24 21:30,3,25.67,53.47
2022-03-24 21:32,12,25.67,48.57
2022-03-24 21:35,5,24.98,52.24
2022-03-24 21:37,9,25.67,55.92
2022-03-24 21:38,6,24.98,48.98
2022-03-24 21:43,8,25.67,53.47
2022-03-24 21:46,7,25.33,51.02
2022-03-24 21:47,1,24.98,72.24
2022-03-24 21:47,10,26.02,63.27
2022-03-24 21:48,4,25.67,79.18
2022-03-24 21:50,3,25.67,53.88
2022-03-24 21:52,12,25.67,48.57
2022-03-24 21:55,5,24.98,51.84
2022-03-24 21:57,9,25.67,55.92
2022-03-24 21:57,11,25.33,54.69
2022-03-24 22:02,8,25.67,53.47
2022-03-24 22:06,7,25.33,51.02
2022-03-24 22:07,1,24.98,72.24
2022-03-24 22:07,10,26.02,63.27
2022-03-24 22:08,4,25.67,78.37
2022-03-24 22:10,3,25.67,53.88
2022-03-24 22:12,12,25.67,48.16
2022-03-24 22:15,5,24.98,51.84
2022-03-24 22:17,9,25.67,55.92
2022-03-24 22:17,11,25.33,54.69
2022-03-24 22:22,8,25.67,53.47
2022-03-24 22:26,1,24.98,71.84
2022-03-24 22:26,7,25.33,51.43
2022-03-24 22:27,10,25.67,63.27
2022-03-24 22:28,4,25.67,78.78
2022-03-24 22:30,3,25.67,53.88
2022-03-24 22:32,12,25.67,48.16
2022-03-24 22:35,5,24.98,51.84
2022-03-24 22:37,9,25.67,55.92
2022-03-24 22:37,11,25.33,54.69
2022-03-24 22:38,6,24.98,48.98
2022-03-24 22:42,8,25.67,53.47
2022-03-24 22:46,1,24.98,71.84
2022-03-24 22:46,7,25.33,51.43
2022-03-24 22:46,10,25.67,62.86
2022-03-24 22:48,4,25.67,78.78
2022-03-24 22:50,3,25.67,54.29
2022-03-24 22:52,12,25.67,48.16
2022-03-24 22:55,5,24.98,51.84
2022-03-24 22:57,9,25.33,55.92
2022-03-24 22:57,11,25.33,54.69
2022-03-24 22:58,6,24.98,48.57
2022-03-24 23:02,8,25.33,53.47
2022-03-24 23:06,1,24.98,71.84
2022-03-24 23:06,7,25.33,51.43
2022-03-24 23:06,10,25.67,62.86
2022-03-24 23:08,4,25.67,77.96
2022-03-24 23:10,3,25.33,54.29
2022-03-24 23:12,12,25.67,48.16
2022-03-24 23:15,5,24.98,51.84
2022-03-24 23:17,6,24.98,48.98
2022-03-24 23:17,9,25.33,55.92
2022-03-24 23:17,11,25.33,54.29
2022-03-24 23:22,8,25.33,53.47
2022-03-24 23:26,1,24.98,71.84
2022-03-24 23:26,7,25.33,51.02
2022-03-24 23:26,10,25.67,62.86
2022-03-24 23:28,4,25.67,78.37
2022-03-24 23:30,3,25.33,54.29
2022-03-24 23:32,12,25.33,48.16
2022-03-24 23:35,5,24.98,52.24
2022-03-24 23:37,6,24.98,48.98
2022-03-24 23:37,9,25.33,55.51
2022-03-24 23:37,11,24.98,54.69
2022-03-24 23:42,8,25.33,53.47
2022-03-24 23:46,1,24.98,71.43
2022-03-24 23:46,7,24.98,51.43
2022-03-24 23:46,10,25.67,62.86
2022-03-24 23:48,4,25.67,77.96
2022-03-24 23:50,3,25.33,54.29
2022-03-24 23:52,12,25.33,48.16
2022-03-24 23:55,5,24.98,51.84
2022-03-24 23:56,9,25.33,55.51
2022-03-24 23:57,6,24.98,48.98
2022-03-24 23:57,11,24.98,54.69
2022-03-25 00:02,8,25.33,53.47
2022-03-25 00:05,7,24.98,51.02
2022-03-25 00:06,1,24.98,71.84
2022-03-25 00:06,10,25.67,62.86
2022-03-25 00:08,4,25.67,77.96
2022-03-25 00:10,3,25.33,54.69
2022-03-25 00:12,12,25.33,48.16
2022-03-25 00:15,5,24.98,51.84
2022-03-25 00:16,9,25.33,55.92
2022-03-25 00:17,6,24.98,48.98
2022-03-25 00:17,11,24.98,54.69
2022-03-25 00:22,8,25.33,53.47
2022-03-25 00:25,7,24.98,51.02
2022-03-25 00:26,1,24.98,72.65
2022-03-25 00:26,10,25.67,63.67
2022-03-25 00:28,4,25.33,79.59
2022-03-25 00:29,3,25.33,55.1
2022-03-25 00:32,12,25.33,49.39
2022-03-25 00:34,5,24.98,52.24
2022-03-25 00:36,9,25.33,56.33
2022-03-25 00:37,6,24.98,48.98
2022-03-25 00:37,11,24.98,54.69
2022-03-25 00:42,8,25.33,53.88
2022-03-25 00:45,7,24.98,51.02
2022-03-25 00:46,1,24.98,73.06
2022-03-25 00:46,10,25.33,64.08
2022-03-25 00:48,4,25.33,80.41
2022-03-25 00:49,3,25.33,55.1
2022-03-25 00:51,12,25.33,49.39
2022-03-25 00:54,5,24.63,52.65
2022-03-25 00:56,9,25.33,56.73
2022-03-25 00:56,11,24.98,54.69
2022-03-25 00:57,6,24.98,49.39
2022-03-25 01:02,8,25.33,53.88
2022-03-25 01:05,7,24.98,51.43
2022-03-25 01:06,1,24.98,73.47
2022-03-25 01:06,10,25.33,64.49
2022-03-25 01:08,4,25.33,80.41
2022-03-25 01:09,3,25.33,55.1
2022-03-25 01:11,12,25.33,49.39
2022-03-25 01:14,5,24.63,53.06
2022-03-25 01:16,9,25.33,56.73
2022-03-25 01:16,11,24.98,55.1
2022-03-25 01:17,6,24.98,49.39
2022-03-25 01:22,8,25.33,54.29
2022-03-25 01:25,1,24.98,73.88
2022-03-25 01:25,7,24.98,51.43
2022-03-25 01:26,10,25.33,64.9
2022-03-25 01:27,4,25.33,81.63
2022-03-25 01:29,3,25.33,55.51
2022-03-25 01:31,12,25.33,49.8
2022-03-25 01:34,5,24.63,53.06
2022-03-25 01:36,9,25.33,57.14
2022-03-25 01:36,11,24.98,55.1
2022-03-25 01:37,6,24.98,48.98
2022-03-25 01:42,8,25.33,54.29
2022-03-25 01:45,1,24.98,74.29
2022-03-25 01:45,7,24.98,51.84
2022-03-25 01:46,10,25.33,65.31
2022-03-25 01:47,4,25.33,81.63
2022-03-25 01:49,3,25.33,55.92
2022-03-25 01:51,12,25.33,50.61
2022-03-25 01:54,5,24.63,53.88
2022-03-25 01:56,9,25.33,57.96
2022-03-25 01:57,6,24.63,49.8
2022-03-25 02:01,8,25.33,54.69
2022-03-25 02:05,7,24.98,52.24
2022-03-25 02:07,4,25.33,84.9
2022-03-25 02:09,3,25.33,57.14
2022-03-25 02:11,12,24.98,53.47
2022-03-25 02:14,5,24.63,54.69
2022-03-25 02:16,9,24.98,59.18
2022-03-25 02:17,6,24.63,49.8
2022-03-25 02:21,8,24.98,55.1
2022-03-25 02:25,1,24.63,78.78
2022-03-25 02:25,7,24.98,53.06
2022-03-25 02:26,10,25.33,67.76
2022-03-25 02:27,4,25.33,85.31
2022-03-25 02:29,3,25.33,57.55
2022-03-25 02:31,12,24.98,53.47
2022-03-25 02:34,5,24.63,55.92
2022-03-25 02:36,9,24.98,59.59
2022-03-25 02:36,11,24.98,55.92
2022-03-25 02:37,6,24.63,50.2
2022-03-25 02:45,1,24.63,79.18
2022-03-25 02:45,7,24.98,53.47
2022-03-25 02:46,10,25.33,68.16
2022-03-25 02:47,4,25.33,84.49
2022-03-25 02:49,3,24.98,57.96
2022-03-25 02:51,12,24.98,53.47
2022-03-25 02:54,5,24.63,55.92
2022-03-25 02:56,9,24.98,59.59
2022-03-25 02:56,11,24.98,55.92
2022-03-25 02:57,6,24.63,50.2
2022-03-25 03:01,8,24.98,55.51
2022-03-25 03:05,1,24.63,78.78
2022-03-25 03:05,7,24.98,53.88
2022-03-25 03:05,10,25.33,68.16
2022-03-25 03:07,4,25.33,84.08
2022-03-25 03:11,12,24.98,53.06
2022-03-25 03:14,5,24.63,55.92
2022-03-25 03:15,9,24.98,59.59
2022-03-25 03:16,6,24.63,50.61
2022-03-25 03:16,11,24.98,55.92
2022-03-25 03:21,8,24.98,55.92
2022-03-25 03:25,1,24.63,78.37
2022-03-25 03:25,10,24.98,67.76
2022-03-25 03:27,4,25.33,84.08
2022-03-25 03:29,3,24.98,57.55
2022-03-25 03:31,12,24.98,52.65
2022-03-25 03:34,5,24.63,55.51
2022-03-25 03:35,9,24.98,59.59
2022-03-25 03:36,6,24.63,50.61
2022-03-25 03:36,11,24.98,55.92
2022-03-25 03:44,7,24.98,54.29
2022-03-25 03:45,1,24.63,77.96
2022-03-25 03:45,10,24.98,67.35
2022-03-25 03:47,4,24.98,83.27
2022-03-25 03:49,3,24.98,57.55
2022-03-25 03:51,12,24.98,52.65
2022-03-25 03:53,5,24.63,55.51
2022-03-25 03:55,9,24.98,59.18
2022-03-25 03:56,6,24.63,50.61
2022-03-25 03:56,11,24.63,55.92
2022-03-25 04:01,8,24.98,55.92
2022-03-25 04:04,7,24.98,54.29
2022-03-25 04:05,1,24.63,77.55
2022-03-25 04:05,10,24.98,67.35
2022-03-25 04:07,4,24.98,83.27
2022-03-25 04:08,3,24.98,57.55
2022-03-25 04:11,12,24.98,52.24
2022-03-25 04:13,5,24.63,55.92
2022-03-25 04:15,9,24.98,60.82
2022-03-25 04:16,6,24.63,50.61
2022-03-25 04:24,7,24.63,56.73
2022-03-25 04:25,1,24.63,81.63
2022-03-25 04:25,10,24.98,68.98
2022-03-25 04:27,4,24.98,87.76
2022-03-25 04:28,3,24.98,60.82
2022-03-25 04:30,12,24.63,60.41
2022-03-25 04:35,9,24.63,68.98
2022-03-25 04:36,6,24.63,52.24
2022-03-25 04:41,8,24.63,58.78
2022-03-25 04:44,1,24.29,88.98
2022-03-25 04:44,7,24.63,67.76
2022-03-25 04:45,10,24.98,73.88
2022-03-25 04:47,4,24.63,91.43
2022-03-25 04:48,3,24.63,67.76
2022-03-25 04:50,12,24.63,65.31
2022-03-25 04:53,5,24.29,66.94
2022-03-25 04:55,9,24.63,72.65
2022-03-25 04:55,11,24.63,60
2022-03-25 04:56,6,24.29,57.55
2022-03-25 05:01,8,24.63,61.63
2022-03-25 05:04,1,24.29,86.53
2022-03-25 05:04,7,24.63,67.35
2022-03-25 05:05,10,24.63,74.29
2022-03-25 05:06,4,24.29,89.8
2022-03-25 05:08,3,24.63,66.53
2022-03-25 05:10,12,24.29,62.86
2022-03-25 05:13,5,24.29,65.31
2022-03-25 05:15,9,24.29,70.2
2022-03-25 05:16,6,24.29,58.37
2022-03-25 05:24,1,24.29,84.9
2022-03-25 05:24,7,24.63,65.31
2022-03-25 05:25,10,24.63,73.88
2022-03-25 05:26,4,24.29,89.8
2022-03-25 05:28,3,24.29,65.31
2022-03-25 05:33,5,23.94,64.49
2022-03-25 05:35,9,24.29,69.39
2022-03-25 05:35,11,24.29,60.82
2022-03-25 05:36,6,24.29,58.78
2022-03-25 05:40,8,24.63,61.63
2022-03-25 05:44,1,23.94,83.67
2022-03-25 05:44,7,24.29,64.08
2022-03-25 05:45,10,24.63,73.06
2022-03-25 05:46,4,23.94,88.16
2022-03-25 05:48,3,24.29,64.49
2022-03-25 05:50,12,23.94,60.41
2022-03-25 05:53,5,23.94,63.27
2022-03-25 05:55,9,23.94,68.16
2022-03-25 05:56,6,23.94,57.96
2022-03-25 06:00,8,24.29,61.63
2022-03-25 06:04,1,23.94,82.86
2022-03-25 06:04,7,24.29,63.67
2022-03-25 06:05,10,24.29,72.24
2022-03-25 06:06,4,23.94,87.35
2022-03-25 06:08,3,24.29,63.67
2022-03-25 06:10,12,23.94,59.18
2022-03-25 06:13,5,23.94,62.45
2022-03-25 06:14,9,23.94,66.53
2022-03-25 06:15,11,24.29,60
2022-03-25 06:16,6,23.94,57.55
2022-03-25 06:20,8,24.29,61.22
2022-03-25 06:24,1,23.94,81.63
2022-03-25 06:24,7,24.29,62.45
2022-03-25 06:25,10,24.29,71.43
2022-03-25 06:26,4,23.94,86.53
2022-03-25 06:28,3,24.29,62.86
2022-03-25 06:30,12,23.59,57.55
2022-03-25 06:33,5,23.94,61.22
2022-03-25 06:34,9,23.94,65.31
2022-03-25 06:35,11,24.29,59.59
2022-03-25 06:36,6,23.94,56.73
2022-03-25 06:40,8,24.29,60.41
2022-03-25 06:44,1,23.94,80.82
2022-03-25 06:45,10,24.29,70.2
2022-03-25 06:46,4,23.94,86.12
2022-03-25 06:48,3,24.29,62.04
2022-03-25 06:50,12,23.59,56.33
2022-03-25 06:53,5,23.94,60.82
2022-03-25 06:55,6,23.94,56.33
2022-03-25 07:00,8,24.29,60
2022-03-25 07:03,7,24.29,60.41
2022-03-25 07:04,1,23.94,80.41
2022-03-25 07:04,10,23.94,70.2
2022-03-25 07:06,4,23.94,85.31
2022-03-25 07:08,3,23.94,62.04
2022-03-25 07:10,12,23.59,56.33
2022-03-25 07:12,5,23.59,60.41
2022-03-25 07:14,9,23.94,64.08
2022-03-25 07:15,6,23.94,55.92
2022-03-25 07:15,11,23.94,59.18
2022-03-25 07:20,8,23.94,59.59
2022-03-25 07:23,7,23.94,60
2022-03-25 07:26,4,23.59,85.31
2022-03-25 07:28,3,23.94,61.63
2022-03-25 07:30,12,23.59,55.92
2022-03-25 07:32,5,23.59,60
2022-03-25 07:34,9,23.59,63.67
2022-03-25 07:34,11,23.94,59.18
2022-03-25 07:35,6,23.59,55.51
2022-03-25 07:40,8,23.94,59.18
2022-03-25 07:43,1,23.59,80
2022-03-25 07:43,7,23.94,59.59
2022-03-25 07:46,4,23.59,85.31
2022-03-25 07:47,3,23.94,60.82
2022-03-25 07:49,12,23.24,55.1
2022-03-25 07:52,5,23.59,59.59
2022-03-25 07:54,9,23.59,62.86
2022-03-25 07:55,6,23.59,55.51
2022-03-25 08:00,8,23.94,59.18
2022-03-25 08:03,1,23.59,79.18
2022-03-25 08:03,7,23.94,59.18
2022-03-25 08:04,10,23.94,68.98
2022-03-25 08:06,4,23.59,84.9
2022-03-25 08:07,3,23.94,60.82
2022-03-25 08:12,5,23.24,59.18
2022-03-25 08:14,9,23.59,62.45
2022-03-25 08:14,11,23.94,68.98
2022-03-25 08:15,6,23.59,55.1
2022-03-25 08:20,8,23.59,58.78
2022-03-25 08:23,1,23.59,78.78
2022-03-25 08:23,7,23.94,58.78
2022-03-25 08:24,10,23.59,68.57
2022-03-25 08:26,4,23.59,84.49
2022-03-25 08:27,3,23.94,60.41
2022-03-25 08:29,12,23.24,53.88
2022-03-25 08:32,5,23.24,58.37
2022-03-25 08:34,9,23.59,61.63
2022-03-25 08:40,8,23.59,58.78
2022-03-25 08:43,1,23.59,78.37
2022-03-25 08:43,7,23.94,58.37
2022-03-25 08:44,10,23.59,67.76
2022-03-25 08:45,4,23.59,83.67
2022-03-25 08:47,3,23.59,60
2022-03-25 08:49,12,23.24,53.47
2022-03-25 08:52,5,23.24,57.96
2022-03-25 08:54,9,23.59,61.22
2022-03-25 08:54,11,23.59,68.98
2022-03-25 08:55,6,23.24,54.69
2022-03-25 09:00,8,23.59,57.96
2022-03-25 09:03,1,23.59,77.55
2022-03-25 09:03,7,23.94,57.96
2022-03-25 09:04,10,23.59,67.76
2022-03-25 09:05,4,23.24,83.67
2022-03-25 09:07,3,23.59,59.59
2022-03-25 09:09,12,23.24,53.06
2022-03-25 09:12,5,23.24,57.55
2022-03-25 09:14,11,23.59,69.39
2022-03-25 09:15,6,23.24,54.29
2022-03-25 09:19,8,23.59,57.55
2022-03-25 09:23,1,23.24,77.14
2022-03-25 09:23,7,23.59,57.55
2022-03-25 09:24,10,23.59,67.35
2022-03-25 09:25,4,23.24,82.86
2022-03-25 09:27,3,23.59,59.59
2022-03-25 09:29,12,22.9,52.65
2022-03-25 09:32,5,23.24,57.14
2022-03-25 09:33,9,23.24,60
2022-03-25 09:34,11,23.59,72.24
2022-03-25 09:35,6,23.24,54.29
2022-03-25 09:39,8,23.24,57.55
2022-03-25 09:43,1,23.24,77.14
2022-03-25 09:43,7,23.59,57.55
2022-03-25 09:44,10,23.24,66.94
2022-03-25 09:45,4,23.24,82.04
2022-03-25 09:47,3,23.59,59.18
2022-03-25 09:49,12,22.9,52.24
2022-03-25 09:52,5,22.9,56.73
2022-03-25 09:53,9,23.24,60
2022-03-25 09:54,11,23.24,71.84
2022-03-25 09:55,6,23.24,53.88
2022-03-25 09:59,8,23.24,57.55
2022-03-25 10:02,7,23.59,56.73
2022-03-25 10:03,1,23.24,76.33
2022-03-25 10:05,4,23.24,82.45
2022-03-25 10:07,3,23.59,58.78
2022-03-25 10:09,12,22.9,51.84
2022-03-25 10:12,5,22.9,56.33
2022-03-25 10:13,9,23.24,59.59
2022-03-25 10:14,11,23.24,71.84
2022-03-25 10:15,6,23.24,53.47
2022-03-25 10:19,8,23.24,57.14
2022-03-25 10:22,7,23.59,56.73
2022-03-25 10:23,1,23.24,76.33
2022-03-25 10:24,10,23.24,66.12
2022-03-25 10:25,4,23.24,82.04
2022-03-25 10:27,3,23.59,58.37
2022-03-25 10:29,12,22.9,51.43
2022-03-25 10:32,5,22.9,56.33
2022-03-25 10:33,9,23.24,59.18
2022-03-25 10:34,11,23.24,71.84
2022-03-25 10:35,6,23.24,53.47
2022-03-25 10:39,8,23.24,57.14
2022-03-25 10:42,1,23.24,75.92
2022-03-25 10:42,7,23.59,56.33
2022-03-25 10:44,10,23.24,66.12
2022-03-25 10:45,4,23.24,81.63
2022-03-25 10:47,3,23.59,58.37
2022-03-25 10:49,12,22.9,51.02
2022-03-25 10:51,5,22.9,55.92
2022-03-25 10:53,9,23.24,58.78
2022-03-25 10:54,11,23.24,71.84
2022-03-25 10:55,6,23.24,53.47
2022-03-25 10:59,8,23.24,56.73
2022-03-25 11:02,1,23.24,75.51
2022-03-25 11:02,7,23.24,56.33
2022-03-25 11:04,10,23.24,65.71
2022-03-25 11:05,4,23.24,81.63
2022-03-25 11:07,3,23.24,58.37
2022-03-25 11:09,12,22.9,51.02
2022-03-25 11:11,5,22.9,55.51
2022-03-25 11:13,9,23.24,58.78
2022-03-25 11:13,11,23.24,71.43
2022-03-25 11:15,6,22.9,53.88
2022-03-25 11:19,8,23.24,56.73
2022-03-25 11:22,1,22.9,75.1
2022-03-25 11:22,7,23.24,55.92
2022-03-25 11:25,4,23.24,80.82
2022-03-25 11:26,3,23.24,57.55
2022-03-25 11:29,12,22.9,50.61
2022-03-25 11:31,5,22.9,55.1
2022-03-25 11:33,11,23.24,71.02
2022-03-25 11:34,6,22.9,53.47
2022-03-25 11:42,1,22.9,75.1
2022-03-25 11:42,7,23.24,55.51
2022-03-25 11:43,10,23.24,65.31
2022-03-25 11:45,4,23.24,80.41
2022-03-25 11:46,3,23.24,57.55
2022-03-25 11:48,12,22.9,50.61
2022-03-25 11:51,5,22.9,55.1
2022-03-25 11:53,9,23.24,58.37
2022-03-25 11:53,11,22.9,71.02
2022-03-25 11:54,6,22.9,53.06
2022-03-25 12:02,1,22.9,74.69
2022-03-25 12:02,7,23.24,55.51
2022-03-25 12:03,10,22.9,64.9
2022-03-25 12:05,4,23.24,80
2022-03-25 12:08,12,22.55,50.2
2022-03-25 12:11,5,22.55,55.1
2022-03-25 12:13,9,23.24,57.96
2022-03-25 12:13,11,22.9,70.61
2022-03-25 12:14,6,22.9,53.47
2022-03-25 12:19,8,22.9,56.33
2022-03-25 12:22,1,22.9,74.69
2022-03-25 12:22,7,23.24,55.1
2022-03-25 12:25,4,23.24,79.59
2022-03-25 12:26,3,23.24,57.55
2022-03-25 12:28,12,22.9,50.2
2022-03-25 12:31,5,22.55,54.69
2022-03-25 12:33,9,23.24,57.96
2022-03-25 12:33,11,22.9,70.61
2022-03-25 12:34,6,22.9,53.06
2022-03-25 12:39,8,22.9,55.92
2022-03-25 12:42,1,22.9,74.29
2022-03-25 12:42,7,23.24,55.1
2022-03-25 12:43,10,23.24,64.49
2022-03-25 12:44,4,23.24,80
2022-03-25 12:46,3,23.24,57.14
2022-03-25 12:48,12,22.9,49.8
2022-03-25 12:51,5,22.55,54.69
2022-03-25 12:53,9,23.24,57.55
2022-03-25 12:53,11,22.9,70.2
2022-03-25 12:54,6,22.9,52.65
2022-03-25 12:59,8,23.24,55.92
2022-03-25 13:02,1,22.9,73.88
2022-03-25 13:02,7,23.24,54.69
2022-03-25 13:03,10,23.24,64.49
2022-03-25 13:04,4,23.24,79.59
2022-03-25 13:06,3,23.24,57.14
2022-03-25 13:08,12,22.9,49.8
2022-03-25 13:11,5,22.55,54.69
2022-03-25 13:13,9,23.24,57.55
2022-03-25 13:13,11,22.9,69.8
2022-03-25 13:14,6,22.9,52.65
2022-03-25 13:19,8,23.24,55.92
2022-03-25 13:22,1,22.9,73.47
2022-03-25 13:22,7,23.24,54.69
2022-03-25 13:24,4,23.24,79.18
2022-03-25 13:28,12,22.9,49.39
2022-03-25 13:31,5,22.55,54.29
2022-03-25 13:32,9,23.24,57.55
2022-03-25 13:33,11,22.9,69.39
2022-03-25 13:42,1,22.9,73.47
2022-03-25 13:42,7,23.24,54.69
2022-03-25 13:43,10,23.24,64.08
2022-03-25 13:44,4,23.24,78.78
2022-03-25 13:46,3,23.59,57.14
2022-03-25 13:48,12,22.9,49.39
2022-03-25 13:51,5,22.55,53.88
2022-03-25 13:52,9,23.24,57.14
2022-03-25 13:53,11,22.9,69.39
2022-03-25 13:54,6,22.9,52.65
2022-03-25 14:01,7,23.24,54.69
2022-03-25 14:02,1,22.9,73.47
2022-03-25 14:03,10,23.24,63.67
2022-03-25 14:04,4,23.24,78.78
2022-03-25 14:06,3,23.59,56.73
2022-03-25 14:08,12,22.9,49.39
2022-03-25 14:11,5,22.9,53.47
2022-03-25 14:12,9,23.24,57.14
2022-03-25 14:13,11,23.24,68.98
2022-03-25 14:14,6,22.9,52.65
2022-03-25 14:18,8,23.59,55.1
2022-03-25 14:21,7,23.24,53.88
2022-03-25 14:22,1,22.9,73.06
2022-03-25 14:23,10,23.59,63.67
2022-03-25 14:24,4,23.24,78.78
2022-03-25 14:26,3,23.59,56.33
2022-03-25 14:28,12,22.9,49.39
2022-03-25 14:31,5,22.9,53.47
2022-03-25 14:33,11,23.24,68.57
2022-03-25 14:34,6,22.9,52.24
2022-03-25 14:38,8,23.59,55.51
2022-03-25 14:41,1,22.9,72.65
2022-03-25 14:41,7,23.24,53.88
2022-03-25 14:43,10,23.59,63.27
2022-03-25 14:44,4,23.24,77.96
2022-03-25 14:46,3,23.94,56.33
2022-03-25 14:48,12,23.24,48.98
2022-03-25 14:50,5,22.9,53.47
2022-03-25 14:52,9,23.59,56.73
2022-03-25 14:53,11,23.24,68.16
2022-03-25 14:54,6,22.9,51.84
2022-03-25 14:58,8,23.94,55.1
2022-03-25 15:01,1,22.9,72.65
2022-03-25 15:01,7,23.24,53.88
2022-03-25 15:03,10,23.94,63.27
2022-03-25 15:04,4,23.59,78.37
2022-03-25 15:06,3,23.94,56.33
2022-03-25 15:08,12,23.24,48.98
2022-03-25 15:10,5,22.9,53.47
2022-03-25 15:12,9,23.59,56.73
2022-03-25 15:13,11,23.24,67.76
2022-03-25 15:14,6,22.9,52.24
2022-03-25 15:18,8,23.94,55.1
2022-03-25 15:21,1,23.24,72.24
2022-03-25 15:21,7,23.24,53.47
2022-03-25 15:23,10,23.94,62.86
2022-03-25 15:24,4,23.59,77.96
2022-03-25 15:26,3,24.29,55.92
2022-03-25 15:28,12,23.24,48.57
2022-03-25 15:30,5,22.9,53.06
2022-03-25 15:32,9,23.59,56.73
2022-03-25 15:33,11,23.24,67.35
2022-03-25 15:34,6,22.9,51.84
2022-03-25 15:38,8,24.29,54.69
2022-03-25 15:41,1,23.24,72.24
2022-03-25 15:41,7,23.24,53.47
2022-03-25 15:43,10,24.29,62.86
2022-03-25 15:44,4,23.94,77.55
2022-03-25 15:45,3,24.29,55.92
2022-03-25 15:48,12,23.24,48.57
2022-03-25 15:52,9,23.59,56.33
2022-03-25 15:52,11,23.59,66.53
2022-03-25 15:54,6,22.9,52.24
2022-03-25 15:58,8,24.63,54.69
2022-03-25 16:01,1,23.24,71.84
2022-03-25 16:01,7,23.24,53.06
2022-03-25 16:04,4,23.94,77.96
2022-03-25 16:05,3,24.63,55.92
2022-03-25 16:08,12,23.24,48.57
2022-03-25 16:10,5,22.9,53.06
2022-03-25 16:12,9,23.94,56.33
2022-03-25 16:12,11,23.59,66.53
2022-03-25 16:14,6,23.24,51.84
2022-03-25 16:18,8,24.63,54.29
2022-03-25 16:21,1,23.24,71.43
2022-03-25 16:21,7,23.24,53.06
2022-03-25 16:23,10,24.63,62.04
2022-03-25 16:24,4,24.29,77.14
2022-03-25 16:25,3,24.63,55.51
2022-03-25 16:27,12,23.59,48.16
2022-03-25 16:30,5,23.24,52.24
2022-03-25 16:32,9,23.94,55.92
2022-03-25 16:33,6,23.24,51.84
2022-03-25 16:38,8,24.98,54.29
2022-03-25 16:41,1,23.24,71.43
2022-03-25 16:41,7,23.59,53.06
2022-03-25 16:42,10,24.98,62.04
2022-03-25 16:44,4,24.29,76.73
2022-03-25 16:45,3,24.63,55.51
2022-03-25 16:47,12,23.59,48.16
2022-03-25 16:52,9,23.94,55.92
2022-03-25 16:52,11,23.59,66.12
2022-03-25 16:53,6,23.24,51.84
2022-03-25 16:58,8,24.98,54.29
2022-03-25 17:01,1,23.24,71.02
2022-03-25 17:01,7,23.59,52.65
2022-03-25 17:02,10,25.33,61.63
2022-03-25 17:04,4,24.29,76.33
2022-03-25 17:05,3,24.63,55.1
2022-03-25 17:07,12,23.59,48.16
2022-03-25 17:10,5,23.24,51.84
2022-03-25 17:12,9,24.29,55.92
2022-03-25 17:12,11,23.94,66.12
2022-03-25 17:13,6,23.24,51.43
2022-03-25 17:18,8,24.98,53.88
2022-03-25 17:21,1,23.24,71.02
2022-03-25 17:21,7,23.59,52.65
2022-03-25 17:22,10,25.67,61.63
2022-03-25 17:23,4,24.63,76.33
2022-03-25 17:25,3,24.63,55.1
2022-03-25 17:27,12,23.59,47.76
2022-03-25 17:30,5,23.24,52.24
2022-03-25 17:31,9,24.29,55.51
2022-03-25 17:32,11,23.94,65.71
2022-03-25 17:33,6,23.24,51.43
2022-03-25 17:38,8,24.98,53.88
2022-03-25 17:41,1,23.24,70.61
2022-03-25 17:41,7,23.59,52.24
2022-03-25 17:42,10,25.67,61.22
2022-03-25 17:43,4,24.63,75.92
2022-03-25 17:45,3,24.63,54.69
2022-03-25 17:47,12,23.94,47.76
2022-03-25 17:50,5,23.24,51.84
2022-03-25 17:51,9,24.29,55.51
2022-03-25 17:52,11,23.94,66.12
2022-03-25 17:53,6,23.24,51.43
2022-03-25 17:57,8,25.33,53.47
2022-03-25 18:00,7,23.59,52.24
2022-03-25 18:01,1,23.24,70.61
2022-03-25 18:02,10,25.67,60.82
2022-03-25 18:03,4,24.63,75.51
2022-03-25 18:05,3,24.63,54.69
2022-03-25 18:07,12,23.94,47.35
2022-03-25 18:10,5,23.59,51.43
2022-03-25 18:11,9,24.63,55.51
2022-03-25 18:12,11,23.94,66.12
2022-03-25 18:13,6,23.59,51.43
2022-03-25 18:17,8,25.33,53.47
2022-03-25 18:20,1,23.59,70.61
2022-03-25 18:20,7,23.59,52.24
2022-03-25 18:22,10,25.67,60.82
2022-03-25 18:23,4,24.63,75.1
2022-03-25 18:25,3,24.63,54.69
2022-03-25 18:27,12,24.29,47.35
2022-03-25 18:30,5,23.59,51.43
2022-03-25 18:31,9,24.63,55.51
2022-03-25 18:32,11,23.94,66.12
2022-03-25 18:33,6,23.59,51.02
2022-03-25 18:37,8,25.33,53.47
2022-03-25 18:40,1,23.59,70.61
2022-03-25 18:40,7,23.94,52.24
2022-03-25 18:42,10,25.67,60.41
2022-03-25 18:43,4,24.63,75.92
2022-03-25 18:45,3,24.63,54.69
2022-03-25 18:47,12,24.29,47.35
2022-03-25 18:51,9,24.63,55.1
2022-03-25 18:52,11,23.94,66.53
2022-03-25 18:53,6,23.94,51.02
2022-03-25 18:57,8,25.33,53.06
2022-03-25 19:00,1,23.59,70.2
2022-03-25 19:00,7,23.94,52.24
2022-03-25 19:02,10,25.67,60.41
2022-03-25 19:03,4,24.63,75.1
2022-03-25 19:05,3,24.63,54.29
2022-03-25 19:07,12,24.63,47.35
2022-03-25 19:09,5,23.59,51.43
2022-03-25 19:11,9,24.98,55.1
2022-03-25 19:11,11,23.94,66.53
2022-03-25 19:13,6,23.94,51.02
2022-03-25 19:20,1,23.59,70.2
2022-03-25 19:20,7,23.94,51.84
2022-03-25 19:22,10,25.67,60.41
2022-03-25 19:23,4,24.63,75.1
2022-03-25 19:24,3,24.98,54.29
2022-03-25 19:27,12,24.63,47.35
2022-03-25 19:29,5,23.59,51.02
2022-03-25 19:31,9,24.98,55.1
2022-03-25 19:31,11,23.94,66.53
2022-03-25 19:33,6,23.94,51.02
2022-03-25 19:40,1,23.59,69.8
2022-03-25 19:40,7,23.94,51.84
2022-03-25 19:42,10,25.67,60.41
2022-03-25 19:43,4,24.63,74.69
2022-03-25 19:44,3,24.98,53.88
2022-03-25 19:47,12,24.63,46.94
2022-03-25 19:49,5,23.94,51.02
2022-03-25 19:51,9,24.98,55.1
2022-03-25 19:51,11,23.94,66.53
2022-03-25 19:53,6,24.29,51.02
2022-03-25 20:00,1,23.94,69.8
2022-03-25 20:00,7,24.29,51.43
2022-03-25 20:02,10,25.67,60
2022-03-25 20:03,4,24.63,74.69
2022-03-25 20:04,3,24.98,53.88
2022-03-25 20:06,12,24.98,46.94
2022-03-25 20:09,5,23.94,51.02
2022-03-25 20:11,9,24.98,54.69
2022-03-25 20:11,11,23.94,66.94
2022-03-25 20:13,6,24.29,50.61
2022-03-25 20:17,8,24.98,53.06
2022-03-25 20:20,1,23.94,69.39
2022-03-25 20:20,7,24.29,51.43
2022-03-25 20:23,4,24.63,75.1
2022-03-25 20:24,3,24.98,53.88
2022-03-25 20:26,12,24.98,46.94
2022-03-25 20:29,5,23.94,51.02
2022-03-25 20:30,9,24.98,54.69
2022-03-25 20:31,11,24.29,67.35
2022-03-25 20:33,6,24.29,50.61
2022-03-25 20:37,8,24.98,52.65
2022-03-25 20:40,1,23.94,69.39
2022-03-25 20:40,7,24.29,51.43
2022-03-25 20:41,10,25.33,60
2022-03-25 20:42,4,24.63,75.1
2022-03-25 20:44,3,24.98,53.88
2022-03-25 20:46,12,24.63,46.53
2022-03-25 20:49,5,23.94,51.02
2022-03-25 20:50,9,24.98,54.29
2022-03-25 20:51,11,24.29,67.35
2022-03-25 20:52,6,24.29,50.61
2022-03-25 20:57,8,24.98,52.65
2022-03-25 21:00,1,23.94,69.39
2022-03-25 21:00,7,24.29,51.43
2022-03-25 21:02,4,24.63,74.69
2022-03-25 21:04,3,24.63,53.47
2022-03-25 21:06,12,24.63,46.53
2022-03-25 21:09,5,23.94,50.61
2022-03-25 21:10,9,24.98,54.29
2022-03-25 21:11,11,24.29,67.76
2022-03-25 21:12,6,24.29,50.2
2022-03-25 21:16,8,24.98,52.65
2022-03-25 21:19,7,24.29,51.02
2022-03-25 21:20,1,23.94,68.98
2022-03-25 21:21,10,25.33,59.59
2022-03-25 21:22,4,24.63,74.69
2022-03-25 21:24,3,24.63,53.88
2022-03-25 21:26,12,24.63,46.53
2022-03-25 21:29,5,23.94,50.61
2022-03-25 21:30,9,24.98,54.29
2022-03-25 21:31,11,23.94,68.16
2022-03-25 21:32,6,24.29,50.2
2022-03-25 21:36,8,24.98,52.65
2022-03-25 21:39,1,23.59,68.98
2022-03-25 21:39,7,24.29,51.02
2022-03-25 21:41,10,24.98,59.59
2022-03-25 21:42,4,24.63,74.69
2022-03-25 21:44,3,24.63,53.47
2022-03-25 21:46,12,24.63,46.12
2022-03-25 21:48,5,23.94,50.61
2022-03-25 21:50,9,24.98,53.88
2022-03-25 21:51,11,23.94,68.57
2022-03-25 21:52,6,24.29,50.2
2022-03-25 21:56,8,24.63,52.65
2022-03-25 21:59,1,23.59,68.98
2022-03-25 21:59,7,24.29,51.02
2022-03-25 22:01,10,24.98,59.59
2022-03-25 22:02,4,24.63,74.69
2022-03-25 22:04,3,24.63,53.47
2022-03-25 22:06,12,24.63,46.12
2022-03-25 22:08,5,23.94,50.61
2022-03-25 22:10,9,24.98,53.88
2022-03-25 22:10,11,23.94,60.41
2022-03-25 22:12,6,24.29,49.8
2022-03-25 22:16,8,24.63,52.65
2022-03-25 22:19,1,23.59,68.98
2022-03-25 22:19,7,24.29,51.02
2022-03-25 22:21,10,24.98,59.59
2022-03-25 22:22,4,24.63,73.88
2022-03-25 22:24,3,24.63,53.47
2022-03-25 22:26,12,24.63,46.12
2022-03-25 22:28,5,23.94,50.61
2022-03-25 22:30,9,24.98,53.88
2022-03-25 22:30,11,23.94,61.63
2022-03-25 22:32,6,23.94,50.2
2022-03-25 22:36,8,24.63,52.65
2022-03-25 22:39,1,23.59,68.57
2022-03-25 22:39,7,24.29,51.02
2022-03-25 22:41,10,24.98,59.18
2022-03-25 22:42,4,24.29,74.29
2022-03-25 22:43,3,24.29,53.47
2022-03-25 22:46,12,24.29,46.12
2022-03-25 22:48,5,23.59,50.2
2022-03-25 22:50,9,24.98,53.88
2022-03-25 22:50,11,23.94,62.04
2022-03-25 22:52,6,23.94,50.2
2022-03-25 22:56,8,24.29,52.24
2022-03-25 22:59,1,23.59,68.98
2022-03-25 22:59,7,24.29,51.02
2022-03-25 23:01,10,24.63,59.18
2022-03-25 23:02,4,24.29,74.29
2022-03-25 23:03,3,24.29,53.47
2022-03-25 23:05,12,24.29,46.12
2022-03-25 23:08,5,23.59,50.2
2022-03-25 23:09,9,24.63,53.47
2022-03-25 23:10,11,23.94,63.27
2022-03-25 23:12,6,23.94,50.2
2022-03-25 23:16,8,24.29,52.24
2022-03-25 23:19,1,23.59,68.57
2022-03-25 23:19,7,24.29,51.02
2022-03-25 23:21,10,24.63,59.18
2022-03-25 23:22,4,24.29,73.88
2022-03-25 23:23,3,24.29,53.47
2022-03-25 23:25,12,24.29,46.12
2022-03-25 23:28,5,23.59,50.2
2022-03-25 23:29,9,24.63,53.88
2022-03-25 23:30,11,23.94,63.67
2022-03-25 23:32,6,23.94,50.2
2022-03-25 23:36,8,24.29,52.24
2022-03-25 23:39,1,23.59,68.57
2022-03-25 23:39,7,24.29,51.02
2022-03-25 23:41,10,24.29,59.18
2022-03-25 23:42,4,24.29,73.88
2022-03-25 23:43,3,24.29,53.47
2022-03-25 23:45,12,23.94,45.71
2022-03-25 23:48,5,23.59,50.61
2022-03-25 23:49,9,24.63,53.47
2022-03-25 23:50,11,23.59,64.9
2022-03-25 23:52,6,23.94,49.8
2022-03-25 23:56,8,24.29,52.24
2022-03-25 23:58,7,23.94,51.02
2022-03-25 23:59,1,23.59,68.57
2022-03-26 00:01,4,23.94,73.88
2022-03-26 00:03,3,23.94,53.06
2022-03-26 00:05,12,23.94,45.71
2022-03-26 00:08,5,23.59,50.61
2022-03-26 00:09,9,24.29,53.47
2022-03-26 00:11,6,23.59,50.2
2022-03-26 00:16,8,23.94,52.24
2022-03-26 00:18,7,23.94,50.61
2022-03-26 00:19,1,23.24,68.57
2022-03-26 00:20,10,24.29,59.18
2022-03-26 00:21,4,23.94,73.47
2022-03-26 00:23,3,23.94,53.06
2022-03-26 00:25,12,23.94,45.71
2022-03-26 00:28,5,23.24,50.61
2022-03-26 00:29,9,24.29,53.47
2022-03-26 00:31,6,23.59,49.8
2022-03-26 00:35,8,23.94,52.24
2022-03-26 00:38,1,23.24,68.57
2022-03-26 00:38,7,23.94,50.61
2022-03-26 00:40,10,23.94,58.78
2022-03-26 00:41,4,23.94,73.06
2022-03-26 00:43,3,23.94,53.06
2022-03-26 00:45,12,23.59,45.71
2022-03-26 00:48,5,23.24,50.61
2022-03-26 00:49,9,24.29,53.47
2022-03-26 00:51,6,23.59,49.8
2022-03-26 00:58,1,23.24,68.16
2022-03-26 00:58,7,23.94,50.61
2022-03-26 01:01,4,23.94,73.47
2022-03-26 01:03,3,23.94,53.06
2022-03-26 01:05,12,23.59,45.71
2022-03-26 01:07,5,23.24,50.61
2022-03-26 01:09,9,23.94,53.47
2022-03-26 01:11,6,23.59,50.2
2022-03-26 01:15,8,23.59,52.24
2022-03-26 01:18,1,23.24,68.16
2022-03-26 01:18,7,23.94,50.61
2022-03-26 01:20,10,23.94,59.18
2022-03-26 01:21,4,23.59,73.47
2022-03-26 01:23,3,23.59,53.06
2022-03-26 01:27,5,23.24,50.2
2022-03-26 01:29,9,23.94,53.06
2022-03-26 01:31,6,23.24,50.2
2022-03-26 01:35,8,23.59,52.24
2022-03-26 01:38,1,23.24,67.76
2022-03-26 01:38,7,23.59,50.61
2022-03-26 01:40,10,23.59,58.78
2022-03-26 01:41,4,23.59,73.06
2022-03-26 01:43,3,23.59,53.06
2022-03-26 01:45,12,23.24,45.71
2022-03-26 01:47,5,22.9,50.2
2022-03-26 01:49,9,23.94,53.06
2022-03-26 01:51,6,23.24,50.2
2022-03-26 01:55,8,23.59,52.24
2022-03-26 01:58,1,23.24,68.16
2022-03-26 01:58,7,23.59,50.61
2022-03-26 02:00,10,23.59,58.78
2022-03-26 02:01,4,23.59,73.06
2022-03-26 02:02,3,23.59,52.65
2022-03-26 02:05,12,23.24,45.71
2022-03-26 02:07,5,22.9,50.61
2022-03-26 02:09,9,23.94,53.06
2022-03-26 02:11,6,23.24,50.2
2022-03-26 02:15,8,23.24,52.24
2022-03-26 02:18,1,22.9,68.16
2022-03-26 02:18,7,23.59,50.61
2022-03-26 02:20,10,23.59,58.78
2022-03-26 02:21,4,23.59,72.65
2022-03-26 02:22,3,23.59,53.06
2022-03-26 02:24,12,23.24,45.71
2022-03-26 02:27,5,22.9,50.2
2022-03-26 02:28,9,23.59,53.06
2022-03-26 02:31,6,23.24,50.2
2022-03-26 02:35,8,23.24,52.24
2022-03-26 02:38,1,22.9,67.76
2022-03-26 02:38,7,23.59,50.61
2022-03-26 02:40,10,23.24,58.78
2022-03-26 02:41,4,23.59,73.06
2022-03-26 02:42,3,23.59,52.65
2022-03-26 02:44,12,23.24,45.71
2022-03-26 02:47,5,22.9,51.02
2022-03-26 02:48,9,23.59,53.06
2022-03-26 02:51,6,23.24,50.2
2022-03-26 02:58,1,22.9,67.76
2022-03-26 02:58,7,23.59,50.61
2022-03-26 03:00,10,23.24,58.78
2022-03-26 03:01,4,23.24,73.06
2022-03-26 03:02,3,23.24,52.65
2022-03-26 03:04,12,22.9,45.71
2022-03-26 03:07,5,22.9,50.61
2022-03-26 03:08,9,23.59,53.06
2022-03-26 03:11,6,22.9,50.2
2022-03-26 03:17,7,23.24,50.61
2022-03-26 03:18,1,22.9,67.76
2022-03-26 03:21,4,23.24,72.24
2022-03-26 03:22,3,23.24,52.65
2022-03-26 03:24,12,22.9,45.71
2022-03-26 03:27,5,22.55,50.61
2022-03-26 03:28,9,23.24,53.06
2022-03-26 03:31,6,22.9,50.2
2022-03-26 03:35,8,22.9,51.84
2022-03-26 03:37,1,22.9,67.76
2022-03-26 03:37,7,23.24,50.61
2022-03-26 03:40,4,23.24,72.24
2022-03-26 03:40,10,22.9,58.78
2022-03-26 03:42,3,23.24,52.65
2022-03-26 03:44,12,22.9,45.71
2022-03-26 03:47,5,22.55,50.61
2022-03-26 03:48,9,23.24,52.65
2022-03-26 03:51,6,22.9,50.2
2022-03-26 03:54,8,22.9,52.24
2022-03-26 03:57,1,22.9,67.35
2022-03-26 03:57,7,23.24,50.61
2022-03-26 04:00,4,23.24,72.24
2022-03-26 04:00,10,22.9,58.78
2022-03-26 04:02,3,22.9,52.65
2022-03-26 04:04,12,22.55,45.71
2022-03-26 04:07,5,22.55,50.61
2022-03-26 04:08,9,23.24,52.65
2022-03-26 04:10,6,22.9,50.2
2022-03-26 04:14,8,22.9,51.84
2022-03-26 04:17,1,22.55,67.76
2022-03-26 04:17,7,23.24,50.61
2022-03-26 04:19,10,22.9,58.78
2022-03-26 04:20,4,22.9,72.65
2022-03-26 04:22,3,22.9,52.65
2022-03-26 04:24,12,22.55,45.71
2022-03-26 04:26,5,22.55,50.61
2022-03-26 04:28,9,23.24,53.47
2022-03-26 04:30,6,22.55,50.2
2022-03-26 04:34,8,22.55,52.24
2022-03-26 04:37,1,22.55,67.35
2022-03-26 04:37,7,22.9,50.61
2022-03-26 04:39,10,22.55,58.78
2022-03-26 04:40,4,22.9,72.65
2022-03-26 04:42,3,22.9,52.65
2022-03-26 04:44,12,22.55,45.31
2022-03-26 04:46,5,22.2,50.61
2022-03-26 04:48,9,22.9,52.65
2022-03-26 04:50,6,22.55,49.8
2022-03-26 04:54,8,22.55,51.84
2022-03-26 04:57,1,22.55,67.76
2022-03-26 04:57,7,22.9,50.61
2022-03-26 04:59,10,22.55,58.37
2022-03-26 05:00,4,22.9,72.24
2022-03-26 05:02,3,22.9,53.06
2022-03-26 05:04,12,22.55,45.71
2022-03-26 05:06,5,22.2,50.61
2022-03-26 05:08,9,22.9,52.65
2022-03-26 05:10,6,22.55,50.2
2022-03-26 05:14,8,22.55,51.84
2022-03-26 05:17,1,22.55,67.35
2022-03-26 05:17,7,22.9,50.2
2022-03-26 05:20,4,22.55,72.24
2022-03-26 05:22,3,22.9,52.65
2022-03-26 05:24,12,22.2,45.31
2022-03-26 05:26,5,22.2,50.61
2022-03-26 05:28,9,22.9,52.65
2022-03-26 05:30,6,22.55,50.61
2022-03-26 05:34,8,22.55,51.84
2022-03-26 05:37,1,22.55,67.35
2022-03-26 05:37,7,22.9,50.61
2022-03-26 05:39,10,22.55,58.37
2022-03-26 05:40,4,22.55,72.65
2022-03-26 05:41,3,22.55,52.65
2022-03-26 05:44,12,22.2,45.31
2022-03-26 05:46,5,22.2,50.61
2022-03-26 05:47,9,22.9,52.65
2022-03-26 05:50,6,22.55,50.2
2022-03-26 05:54,8,22.55,51.84
2022-03-26 05:57,1,22.2,66.94
2022-03-26 05:57,7,22.9,50.2
2022-03-26 05:59,10,22.2,58.37
2022-03-26 06:00,4,22.55,72.24
2022-03-26 06:01,3,22.55,52.65
2022-03-26 06:03,12,22.2,45.31
2022-03-26 06:06,5,22.2,50.2
2022-03-26 06:07,9,22.55,52.65
2022-03-26 06:10,6,22.2,50.2
2022-03-26 06:14,8,22.2,51.84
2022-03-26 06:17,1,22.2,67.35
2022-03-26 06:17,7,22.55,50.2
2022-03-26 06:19,10,22.2,58.37
2022-03-26 06:20,4,22.55,72.65
2022-03-26 06:21,3,22.55,52.24
2022-03-26 06:23,12,22.2,45.31
2022-03-26 06:26,5,21.86,50.61
2022-03-26 06:27,9,22.55,52.65
2022-03-26 06:30,6,22.2,49.8
2022-03-26 06:34,8,22.2,51.84
2022-03-26 06:36,7,22.55,50.2
2022-03-26 06:37,1,22.2,67.35
2022-03-26 06:39,10,22.2,58.37
2022-03-26 06:40,4,22.55,72.24
2022-03-26 06:41,3,22.55,52.65
2022-03-26 06:43,12,22.2,45.31
2022-03-26 06:46,5,21.86,50.2
2022-03-26 06:47,9,22.55,52.65
2022-03-26 06:50,6,22.2,50.2
2022-03-26 06:56,1,22.2,66.94
2022-03-26 06:56,7,22.55,50.61
2022-03-26 06:59,10,22.2,58.37
2022-03-26 07:00,4,22.55,71.84
2022-03-26 07:01,3,22.55,52.65
2022-03-26 07:03,12,21.86,45.31
2022-03-26 07:06,5,21.86,50.61
2022-03-26 07:07,9,22.55,52.24
2022-03-26 07:10,6,22.2,50.2
2022-03-26 07:14,8,22.2,51.43
2022-03-26 07:16,1,22.2,66.94
2022-03-26 07:16,7,22.55,50.2
2022-03-26 07:19,10,21.86,58.37
2022-03-26 07:20,4,22.2,71.84
2022-03-26 07:21,3,22.2,52.24
2022-03-26 07:23,12,21.86,45.31
2022-03-26 07:26,5,21.86,50.2
2022-03-26 07:27,9,22.2,52.24
2022-03-26 07:30,6,22.2,50.2
2022-03-26 07:36,1,22.2,66.94
2022-03-26 07:36,7,22.55,50.61
2022-03-26 07:39,4,22.2,72.24
2022-03-26 07:39,10,21.86,58.37
2022-03-26 07:41,3,22.2,52.65
2022-03-26 07:43,12,21.86,45.31
2022-03-26 07:46,5,21.86,50.2
2022-03-26 07:47,9,22.2,52.24
2022-03-26 07:50,6,22.2,50.2
2022-03-26 07:53,8,21.86,51.84
2022-03-26 07:56,1,22.2,66.94
2022-03-26 07:56,7,22.2,50.2
2022-03-26 07:59,4,22.2,72.24
2022-03-26 08:01,3,22.2,52.24
2022-03-26 08:03,12,21.86,45.31
2022-03-26 08:05,5,21.86,50.61
2022-03-26 08:07,9,22.2,52.65
2022-03-26 08:09,6,21.86,50.2
2022-03-26 08:13,8,21.86,51.84
2022-03-26 08:16,1,21.86,66.94
2022-03-26 08:16,7,22.2,50.2
2022-03-26 08:18,10,21.86,58.37
2022-03-26 08:19,4,22.2,71.84
2022-03-26 08:21,3,22.2,52.24
2022-03-26 08:23,12,21.86,45.31
2022-03-26 08:25,5,21.51,50.61
2022-03-26 08:27,9,22.2,52.24
2022-03-26 08:29,6,21.86,50.2
2022-03-26 08:33,8,21.86,51.84
2022-03-26 08:36,1,21.86,66.94
2022-03-26 08:36,7,22.2,50.2
2022-03-26 08:39,4,22.2,71.43
2022-03-26 08:41,3,22.2,52.24
2022-03-26 08:43,12,21.86,45.31
2022-03-26 08:45,5,21.51,50.2
2022-03-26 08:47,9,22.2,52.24
2022-03-26 08:49,6,21.86,50.2
2022-03-26 08:53,8,21.86,51.84
2022-03-26 08:56,1,21.86,66.53
2022-03-26 08:56,7,22.2,50.2
2022-03-26 08:58,10,21.51,58.37
2022-03-26 08:59,4,22.2,71.43
2022-03-26 09:01,3,22.2,52.24
2022-03-26 09:03,12,21.51,45.31
2022-03-26 09:05,5,21.51,50.2
2022-03-26 09:06,9,22.2,52.24
2022-03-26 09:09,6,21.86,50.2
2022-03-26 09:13,8,21.86,51.84
2022-03-26 09:16,1,21.86,66.53
2022-03-26 09:16,7,22.2,50.2
2022-03-26 09:18,10,21.51,58.37
2022-03-26 09:19,4,21.86,71.43
2022-03-26 09:20,3,21.86,52.24
2022-03-26 09:23,12,21.51,45.31
2022-03-26 09:25,5,21.51,50.2
2022-03-26 09:26,9,21.86,52.24
2022-03-26 09:29,6,21.86,50.2
2022-03-26 09:36,1,21.86,66.94
2022-03-26 09:36,7,22.2,50.2
2022-03-26 09:38,10,21.51,58.37
2022-03-26 09:39,4,21.86,71.43
2022-03-26 09:40,3,21.86,52.24
2022-03-26 09:42,12,21.51,45.31
2022-03-26 09:45,5,21.51,50.2
2022-03-26 09:46,9,21.86,52.24
2022-03-26 09:49,6,21.86,50.2
2022-03-26 09:53,8,21.51,51.43
2022-03-26 09:55,1,21.86,66.53
2022-03-26 09:56,7,22.2,50.2
2022-03-26 09:59,4,21.86,71.84
2022-03-26 10:00,3,21.86,52.24
2022-03-26 10:02,12,21.51,45.31
2022-03-26 10:05,5,21.16,49.8
2022-03-26 10:06,9,21.86,52.24
2022-03-26 10:09,6,21.51,50.2
2022-03-26 10:13,8,21.51,51.84
2022-03-26 10:15,1,21.86,66.53
2022-03-26 10:15,7,21.86,50.2
2022-03-26 10:18,10,21.51,57.96
2022-03-26 10:19,4,21.86,71.43
2022-03-26 10:20,3,21.86,52.24
2022-03-26 10:22,12,21.51,45.31
2022-03-26 10:25,5,21.16,49.8
2022-03-26 10:26,9,21.86,52.24
2022-03-26 10:29,6,21.51,50.2
2022-03-26 10:35,1,21.51,66.53
2022-03-26 10:35,7,21.86,50.2
2022-03-26 10:39,4,21.86,71.02
2022-03-26 10:40,3,21.86,52.24
2022-03-26 10:42,12,21.16,45.31
2022-03-26 10:45,5,21.16,49.8
2022-03-26 10:46,9,21.86,52.24
2022-03-26 10:49,6,21.51,50.2
2022-03-26 10:53,8,21.51,51.43
2022-03-26 10:55,1,21.51,66.53
2022-03-26 10:55,7,21.86,50.2
2022-03-26 10:58,10,21.16,57.96
2022-03-26 10:59,4,21.86,71.43
2022-03-26 11:00,3,21.86,52.24
2022-03-26 11:02,12,21.16,45.31
2022-03-26 11:05,5,21.16,50.2
2022-03-26 11:06,9,21.86,52.24
2022-03-26 11:09,6,21.51,50.61
2022-03-26 11:15,1,21.51,66.53
2022-03-26 11:15,7,21.86,50.2
2022-03-26 11:18,10,21.16,57.96
2022-03-26 11:19,4,21.86,71.02
2022-03-26 11:20,3,21.86,52.24
2022-03-26 11:22,12,21.16,45.31
2022-03-26 11:25,5,21.16,50.2
2022-03-26 11:26,9,21.51,52.65
2022-03-26 11:29,6,21.51,50.61
2022-03-26 11:35,1,21.51,66.53
2022-03-26 11:35,7,21.86,50.2
2022-03-26 11:38,4,21.86,71.43
2022-03-26 11:38,10,21.16,57.96
2022-03-26 11:40,3,21.86,52.24
2022-03-26 11:42,12,21.16,45.31
2022-03-26 11:45,5,21.16,50.2
2022-03-26 11:46,9,21.51,52.24
2022-03-26 11:49,6,21.51,50.2
2022-03-26 11:53,8,21.51,51.43
2022-03-26 11:55,1,21.51,66.53
2022-03-26 11:55,7,21.86,50.2
2022-03-26 11:58,4,21.86,71.02
2022-03-26 11:58,10,21.16,57.96
2022-03-26 12:00,3,21.86,52.24
2022-03-26 12:02,12,21.16,45.31
2022-03-26 12:04,5,21.16,49.8
2022-03-26 12:06,9,21.51,52.24
2022-03-26 12:09,6,21.51,50.2
2022-03-26 12:13,8,21.51,51.84
2022-03-26 12:15,1,21.51,66.53
2022-03-26 12:15,7,21.86,50.2
2022-03-26 12:18,4,21.86,71.43
2022-03-26 12:18,10,21.16,57.96
2022-03-26 12:20,3,21.86,52.24
2022-03-26 12:22,12,21.16,45.31
2022-03-26 12:24,5,21.16,50.2
2022-03-26 12:26,9,21.86,52.24
2022-03-26 12:29,6,21.51,50.61
2022-03-26 12:32,8,21.51,51.84
2022-03-26 12:35,1,21.51,66.53
2022-03-26 12:35,7,21.86,50.2
2022-03-26 12:38,4,21.86,71.43
2022-03-26 12:38,10,21.16,58.37
2022-03-26 12:40,3,21.86,52.24
2022-03-26 12:42,12,21.16,45.31
2022-03-26 12:44,5,21.16,50.2
2022-03-26 12:46,9,21.86,52.24
2022-03-26 12:49,6,21.51,50.2
2022-03-26 12:52,8,21.51,51.84
2022-03-26 12:55,1,21.51,66.53
2022-03-26 12:55,7,21.86,50.2
2022-03-26 12:58,4,21.86,71.43
2022-03-26 13:00,3,21.86,52.65
2022-03-26 13:02,12,21.51,45.31
2022-03-26 13:04,5,21.16,50.2
2022-03-26 13:06,9,21.86,52.65
2022-03-26 13:09,6,21.51,50.2
2022-03-26 13:12,8,21.51,51.84
2022-03-26 13:15,1,21.51,66.53
2022-03-26 13:15,7,21.86,50.2
2022-03-26 13:18,4,21.86,71.43
2022-03-26 13:20,3,22.2,52.24
2022-03-26 13:22,12,21.51,45.31
2022-03-26 13:24,5,21.16,50.2
2022-03-26 13:26,9,21.86,52.65
2022-03-26 13:28,6,21.51,50.61
2022-03-26 13:32,8,21.86,51.84
2022-03-26 13:35,7,21.86,50.61
2022-03-26 13:38,4,21.86,71.43
2022-03-26 13:38,10,21.51,58.37
2022-03-26 13:40,3,22.2,52.24
2022-03-26 13:42,12,21.51,45.31
2022-03-26 13:44,5,21.16,49.8
2022-03-26 13:46,9,21.86,52.24
2022-03-26 13:48,6,21.51,50.2
2022-03-26 13:52,8,22.2,51.84
2022-03-26 13:54,1,21.86,66.53
2022-03-26 13:55,7,21.86,50.2
2022-03-26 13:58,4,22.2,71.02
2022-03-26 13:58,10,21.51,58.37
2022-03-26 14:00,3,22.55,52.24
2022-03-26 14:02,12,21.51,45.31
2022-03-26 14:04,5,21.51,49.8
2022-03-26 14:06,9,22.2,52.24
2022-03-26 14:08,6,21.86,50.61
2022-03-26 14:12,8,22.2,51.84
2022-03-26 14:14,1,21.86,66.53
2022-03-26 14:15,7,21.86,50.2
2022-03-26 14:17,10,21.86,57.96
2022-03-26 14:18,4,22.2,71.43
2022-03-26 14:19,3,22.55,52.24
2022-03-26 14:21,12,21.86,45.31
2022-03-26 14:24,5,21.51,49.8
2022-03-26 14:25,9,22.2,52.65
2022-03-26 14:28,6,21.86,50.2
2022-03-26 14:32,8,22.55,51.43
2022-03-26 14:34,1,21.86,66.53
2022-03-26 14:35,7,21.86,50.2
2022-03-26 14:37,10,22.2,58.37
2022-03-26 14:38,4,22.2,71.84
2022-03-26 14:39,3,22.9,52.24
2022-03-26 14:41,12,21.86,45.31
2022-03-26 14:44,5,21.51,49.8
2022-03-26 14:45,9,22.2,52.65
2022-03-26 14:48,6,21.86,50.2
2022-03-26 14:52,8,22.9,51.84
2022-03-26 14:54,1,21.86,66.12
2022-03-26 14:54,7,22.2,50.2
2022-03-26 14:57,10,22.55,57.96
2022-03-26 14:58,4,22.55,71.43
2022-03-26 14:59,3,22.9,52.24
2022-03-26 15:01,12,22.2,44.9
2022-03-26 15:04,5,21.51,49.8
2022-03-26 15:05,9,22.55,52.65
2022-03-26 15:05,11,22.2,68.57
2022-03-26 15:08,6,21.86,50.2
2022-03-26 15:12,8,23.24,51.43
2022-03-26 15:14,1,21.86,66.12
2022-03-26 15:14,7,22.2,50.2
2022-03-26 15:18,4,22.9,71.43
2022-03-26 15:19,3,23.24,52.24
2022-03-26 15:21,12,22.55,44.9
2022-03-26 15:24,5,21.86,49.8
2022-03-26 15:25,9,22.55,52.65
2022-03-26 15:25,11,22.2,68.57
2022-03-26 15:28,6,22.2,50.2
2022-03-26 15:32,8,23.24,51.43
2022-03-26 15:34,1,22.2,66.12
2022-03-26 15:34,7,22.2,49.8
2022-03-26 15:37,10,22.9,57.96
2022-03-26 15:38,4,22.9,71.02
2022-03-26 15:39,3,23.59,52.24
2022-03-26 15:41,12,22.55,45.31
2022-03-26 15:44,5,21.86,49.8
2022-03-26 15:45,9,22.9,52.24
2022-03-26 15:45,11,22.55,67.76
2022-03-26 15:48,6,22.2,49.8
2022-03-26 15:54,1,22.2,66.12
2022-03-26 15:54,7,22.2,49.8
2022-03-26 15:57,10,23.24,57.96
2022-03-26 15:58,4,23.24,71.02
2022-03-26 15:59,3,23.59,52.24
2022-03-26 16:04,5,22.2,49.39
2022-03-26 16:05,9,22.9,52.24
2022-03-26 16:05,11,22.55,67.76
2022-03-26 16:08,6,22.2,50.2
2022-03-26 16:14,1,22.2,66.12
2022-03-26 16:14,7,22.55,49.39
2022-03-26 16:17,10,23.59,57.55
2022-03-26 16:18,4,23.24,71.43
2022-03-26 16:19,3,23.94,51.84
2022-03-26 16:21,12,22.9,44.9
2022-03-26 16:24,5,22.2,49.39
2022-03-26 16:25,9,23.24,52.24
2022-03-26 16:25,11,22.9,67.76
2022-03-26 16:28,6,22.55,49.8
2022-03-26 16:32,8,23.94,51.02
2022-03-26 16:34,1,22.55,65.71
2022-03-26 16:34,7,22.55,49.39
2022-03-26 16:37,4,23.59,71.02
2022-03-26 16:37,10,23.94,57.55
2022-03-26 16:39,3,23.94,52.24
2022-03-26 16:41,12,22.9,44.9
2022-03-26 16:43,5,22.2,49.39
2022-03-26 16:45,9,23.24,52.24
2022-03-26 16:45,11,22.9,67.76
2022-03-26 16:48,6,22.55,49.8
2022-03-26 16:52,8,24.29,51.02
2022-03-26 16:54,1,22.55,65.71
2022-03-26 16:54,7,22.55,49.39
2022-03-26 16:57,4,23.59,70.61
2022-03-26 16:57,10,24.29,57.55
2022-03-26 16:59,3,23.94,52.24
2022-03-26 17:01,12,22.9,44.9
2022-03-26 17:03,5,22.55,49.39
2022-03-26 17:05,9,23.24,52.24
2022-03-26 17:08,6,22.55,49.8
2022-03-26 17:13,1,22.55,65.71
2022-03-26 17:14,7,22.55,49.39
2022-03-26 17:17,4,23.94,70.61
2022-03-26 17:17,10,24.63,57.14
2022-03-26 17:19,3,23.94,51.84
2022-03-26 17:21,12,23.24,44.9
2022-03-26 17:23,5,22.55,49.39
2022-03-26 17:25,9,23.59,52.24
2022-03-26 17:25,11,23.24,67.35
2022-03-26 17:28,6,22.55,49.8
2022-03-26 17:33,1,22.55,65.71
2022-03-26 17:34,7,22.9,49.39
2022-03-26 17:37,4,23.94,70.61
2022-03-26 17:37,10,24.63,57.14
2022-03-26 17:39,3,24.29,51.84
2022-03-26 17:41,12,23.24,44.9
2022-03-26 17:43,5,22.55,49.39
2022-03-26 17:44,9,23.59,52.24
2022-03-26 17:45,11,23.24,67.76
2022-03-26 17:48,6,22.9,49.39
2022-03-26 17:51,8,24.63,50.61
2022-03-26 17:53,1,22.9,65.71
2022-03-26 17:57,4,23.94,70.61
2022-03-26 17:57,10,24.98,57.14
2022-03-26 17:58,3,24.29,51.84
2022-03-26 18:01,12,23.59,44.9
2022-03-26 18:03,5,22.9,48.98
2022-03-26 18:04,9,23.94,52.24
2022-03-26 18:05,11,23.24,67.76
2022-03-26 18:08,6,22.9,49.8
2022-03-26 18:13,1,22.9,65.71
2022-03-26 18:14,7,22.9,49.39
2022-03-26 18:16,10,24.98,57.14
2022-03-26 18:17,4,23.94,70.2
2022-03-26 18:18,3,24.29,51.84
2022-03-26 18:20,12,23.59,44.9
2022-03-26 18:23,5,22.9,49.39
2022-03-26 18:24,9,23.94,52.24
2022-03-26 18:25,11,23.59,67.76
2022-03-26 18:27,6,23.24,49.8
2022-03-26 18:31,8,24.63,50.61
2022-03-26 18:33,1,22.9,65.31
2022-03-26 18:33,7,22.9,48.98
2022-03-26 18:36,10,24.98,56.73
2022-03-26 18:37,4,24.29,70.2
2022-03-26 18:38,3,24.29,51.43
2022-03-26 18:40,12,23.94,44.9
2022-03-26 18:43,5,22.9,49.39
2022-03-26 18:44,9,23.94,51.84
2022-03-26 18:44,11,23.59,67.76
2022-03-26 18:47,6,23.24,49.39
2022-03-26 18:53,1,22.9,65.31
2022-03-26 18:53,7,23.24,48.98
2022-03-26 18:56,10,24.98,56.73
2022-03-26 18:57,4,24.29,70.61
2022-03-26 18:58,3,24.29,51.43
2022-03-26 19:00,12,24.29,44.9
2022-03-26 19:03,5,23.24,48.98
2022-03-26 19:04,9,24.29,51.84
2022-03-26 19:04,11,23.59,67.76
2022-03-26 19:07,6,23.59,49.39
2022-03-26 19:11,8,24.63,50.61
2022-03-26 19:16,10,24.98,56.73
2022-03-26 19:17,4,24.29,70.61
2022-03-26 19:18,3,24.29,51.43
2022-03-26 19:20,12,24.29,44.49
2022-03-26 19:23,5,23.24,48.98
2022-03-26 19:27,6,23.59,49.39
2022-03-26 19:31,8,24.98,50.61
2022-03-26 19:33,1,23.24,65.31
2022-03-26 19:33,7,23.24,48.98
2022-03-26 19:36,10,24.98,56.73
2022-03-26 19:37,4,24.29,70.61
2022-03-26 19:38,3,24.63,51.43
2022-03-26 19:40,12,24.63,44.49
2022-03-26 19:43,5,23.24,48.57
2022-03-26 19:44,9,24.63,51.84
2022-03-26 19:44,11,23.59,62.45
2022-03-26 19:47,6,23.59,48.98
2022-03-26 19:51,8,24.63,50.61
2022-03-26 19:53,1,23.24,65.31
2022-03-26 19:53,7,23.59,48.98
2022-03-26 19:56,10,24.98,56.73
2022-03-26 19:57,4,24.29,70.61
2022-03-26 19:58,3,24.63,51.43
2022-03-26 20:00,12,24.63,44.49
2022-03-26 20:02,5,23.24,48.57
2022-03-26 20:04,9,24.63,51.84
2022-03-26 20:07,6,23.94,48.98
2022-03-26 20:11,8,24.63,50.61
2022-03-26 20:12,1,23.24,65.31
2022-03-26 20:13,7,23.59,48.57
2022-03-26 20:16,4,24.63,70.2
2022-03-26 20:16,10,24.98,56.33
2022-03-26 20:18,3,24.63,51.43
2022-03-26 20:20,12,24.63,44.49
2022-03-26 20:22,5,23.59,48.98
2022-03-26 20:24,9,24.63,51.43
2022-03-26 20:27,6,23.94,48.98
2022-03-26 20:32,1,23.24,65.31
2022-03-26 20:33,7,23.59,48.57
2022-03-26 20:36,4,24.63,70.2
2022-03-26 20:36,10,24.98,56.33
2022-03-26 20:38,3,24.63,51.43
2022-03-26 20:40,12,24.63,44.08
2022-03-26 20:42,5,23.59,48.98
2022-03-26 20:43,9,24.63,51.43
2022-03-26 20:47,6,23.94,48.98
2022-03-26 20:50,8,24.63,49.8
2022-03-26 20:52,1,23.59,65.31
2022-03-26 20:53,7,23.59,48.57
2022-03-26 20:56,4,24.63,70.2
2022-03-26 21:00,12,24.63,44.08
2022-03-26 21:02,5,23.59,48.98
2022-03-26 21:03,9,24.98,51.43
2022-03-26 21:07,6,23.94,48.98
2022-03-26 21:10,8,24.63,50.2
2022-03-26 21:12,1,23.59,64.9
2022-03-26 21:13,7,23.94,48.57
2022-03-26 21:16,4,24.63,69.8
2022-03-26 21:16,10,24.98,56.33
2022-03-26 21:17,3,24.63,51.02
2022-03-26 21:20,12,24.63,44.08
2022-03-26 21:22,5,23.59,48.57
2022-03-26 21:23,9,24.98,51.43
2022-03-26 21:27,6,23.94,48.98
2022-03-26 21:30,8,24.63,50.2
2022-03-26 21:32,1,23.59,64.9
2022-03-26 21:32,7,23.94,48.57
2022-03-26 21:36,4,24.63,70.2
2022-03-26 21:36,10,24.98,56.33
2022-03-26 21:37,3,24.63,51.02
2022-03-26 21:42,5,23.59,48.16
2022-03-26 21:43,9,24.98,51.43
2022-03-26 21:47,6,23.94,48.98
2022-03-26 21:50,8,24.63,50.2
2022-03-26 21:52,1,23.59,64.9
2022-03-26 21:52,7,23.94,48.57
2022-03-26 21:56,4,24.63,69.8
2022-03-26 21:57,3,24.63,51.02
2022-03-26 21:59,12,24.63,44.08
2022-03-26 22:02,5,23.59,48.16
2022-03-26 22:03,9,24.63,51.02
2022-03-26 22:06,6,23.94,48.57
2022-03-26 22:10,8,24.63,50.2
2022-03-26 22:12,1,23.59,64.9
2022-03-26 22:12,7,23.94,48.57
2022-03-26 22:15,10,24.63,55.92
2022-03-26 22:16,4,24.29,69.8
2022-03-26 22:17,3,24.29,51.02
2022-03-26 22:19,12,24.63,44.08
2022-03-26 22:22,5,23.59,48.57
2022-03-26 22:23,9,24.63,51.02
2022-03-26 22:26,6,23.94,48.98
2022-03-26 22:32,1,23.24,64.9
2022-03-26 22:32,7,23.94,48.57
2022-03-26 22:35,10,24.63,55.92
2022-03-26 22:36,4,24.29,69.8
2022-03-26 22:37,3,24.29,51.02
2022-03-26 22:39,12,24.63,44.08
2022-03-26 22:42,5,23.59,48.16
2022-03-26 22:43,9,24.63,51.02
2022-03-26 22:46,6,23.94,48.57
2022-03-26 22:50,8,24.63,49.8
2022-03-26 22:51,1,23.24,64.9
2022-03-26 22:52,7,23.94,48.57
2022-03-26 22:56,4,24.29,69.8
2022-03-26 22:57,3,24.29,51.02
2022-03-26 22:59,12,24.29,44.08
2022-03-26 23:01,5,23.59,48.16
2022-03-26 23:03,9,24.63,51.02
2022-03-26 23:06,6,23.94,48.98
2022-03-26 23:10,8,24.29,50.2
2022-03-26 23:11,1,23.24,64.9
2022-03-26 23:12,7,23.94,48.57
2022-03-26 23:15,10,24.63,55.92
2022-03-26 23:16,4,24.29,69.8
2022-03-26 23:17,3,24.29,51.02
2022-03-26 23:19,12,24.29,43.67
2022-03-26 23:21,5,23.59,48.16
2022-03-26 23:22,9,24.63,51.02
2022-03-26 23:26,6,23.59,48.57
2022-03-26 23:30,8,24.29,50.2
2022-03-26 23:31,1,23.24,64.9
2022-03-26 23:32,7,23.94,48.57
2022-03-26 23:35,4,24.29,69.8
2022-03-26 23:35,10,24.29,55.92
2022-03-26 23:37,3,24.29,51.02
2022-03-26 23:39,12,24.29,43.67
2022-03-26 23:41,5,23.24,48.16
2022-03-26 23:42,9,24.29,51.02
2022-03-26 23:46,6,23.59,48.98
2022-03-26 23:49,8,24.29,50.2
2022-03-26 23:51,1,23.24,64.49
2022-03-26 23:52,7,23.94,48.16
2022-03-26 23:55,4,23.94,69.8
2022-03-26 23:55,10,24.29,55.92
2022-03-26 23:57,3,23.94,50.61
2022-03-26 23:59,12,24.29,43.67
2022-03-27 00:01,5,23.24,48.16
2022-03-27 00:02,9,24.29,51.02
2022-03-27 00:06,6,23.59,48.57
2022-03-27 00:09,8,24.29,50.2
2022-03-27 00:11,1,23.24,64.9
2022-03-27 00:12,7,23.59,48.16
2022-03-27 00:15,4,23.94,69.39
2022-03-27 00:15,10,24.29,55.92
2022-03-27 00:17,3,23.94,50.61
2022-03-27 00:19,12,23.94,43.67
2022-03-27 00:21,5,23.24,48.16
2022-03-27 00:22,9,24.29,51.02
2022-03-27 00:26,6,23.59,48.98
2022-03-27 00:29,8,23.94,50.2
2022-03-27 00:31,1,23.24,64.49
2022-03-27 00:31,7,23.59,48.57
2022-03-27 00:35,4,23.94,69.39
2022-03-27 00:35,10,23.94,55.92
2022-03-27 00:36,3,23.94,50.61
2022-03-27 00:38,12,23.94,43.67
2022-03-27 00:41,5,23.24,48.16
2022-03-27 00:42,9,24.29,51.02
2022-03-27 00:46,6,23.59,48.98
2022-03-27 00:49,8,23.94,50.2
2022-03-27 00:51,1,23.24,64.49
2022-03-27 00:51,7,23.59,48.16
2022-03-27 00:55,4,23.94,69.8
2022-03-27 00:55,10,23.94,55.92
2022-03-27 00:56,3,23.94,50.61
2022-03-27 00:58,12,23.94,43.67
2022-03-27 01:01,5,23.24,48.16
2022-03-27 01:02,9,23.94,51.02
2022-03-27 01:06,6,23.59,48.98
2022-03-27 01:09,8,23.94,50.2
2022-03-27 01:11,1,23.24,64.49
2022-03-27 01:11,7,23.59,48.57
2022-03-27 01:15,4,23.94,69.39
2022-03-27 01:15,10,23.94,55.92
2022-03-27 01:16,3,23.94,50.61
2022-03-27 01:18,12,23.59,43.67
2022-03-27 01:21,5,23.24,48.16
2022-03-27 01:26,6,23.24,48.57
2022-03-27 01:29,8,23.59,50.2
2022-03-27 01:31,1,23.24,64.49
2022-03-27 01:31,7,23.59,48.57
2022-03-27 01:35,4,23.94,69.39
2022-03-27 01:36,3,23.59,50.61
2022-03-27 01:38,12,23.59,43.67
2022-03-27 01:41,5,22.9,48.16
2022-03-27 01:42,9,23.94,50.61
2022-03-27 01:46,6,23.24,48.98
2022-03-27 01:51,1,22.9,64.49
2022-03-27 01:51,7,23.59,48.57
2022-03-27 01:54,10,23.59,55.92
2022-03-27 01:55,4,23.59,68.98
2022-03-27 01:56,3,23.59,50.61
2022-03-27 01:58,12,23.59,43.67
2022-03-27 02:01,5,22.9,48.16
2022-03-27 02:02,9,23.94,51.02
2022-03-27 02:05,6,23.24,48.98
2022-03-27 02:10,1,22.9,64.49
2022-03-27 02:11,7,23.59,48.57
2022-03-27 02:14,10,23.59,55.92
2022-03-27 02:15,4,23.59,69.39
2022-03-27 02:16,3,23.59,50.61
2022-03-27 02:18,12,23.59,43.67
2022-03-27 02:20,5,22.9,48.16
2022-03-27 02:22,9,23.59,50.61
2022-03-27 02:25,6,23.24,48.98
2022-03-27 02:29,8,23.59,49.8
2022-03-27 02:30,1,22.9,64.49
2022-03-27 02:31,7,23.24,48.57
2022-03-27 02:34,10,23.59,55.92
2022-03-27 02:35,4,23.59,69.39
2022-03-27 02:36,3,23.59,50.61
2022-03-27 02:38,12,23.24,43.67
2022-03-27 02:40,5,22.9,48.57
2022-03-27 02:41,9,23.59,51.02
2022-03-27 02:45,6,23.24,48.98
2022-03-27 02:49,8,23.59,50.2
2022-03-27 02:50,1,22.9,64.49
2022-03-27 02:51,7,23.24,48.57
2022-03-27 02:54,10,23.24,55.92
2022-03-27 02:55,4,23.59,68.98
2022-03-27 02:56,3,23.59,50.61
2022-03-27 02:58,12,23.24,43.67
2022-03-27 03:00,5,22.9,48.57
2022-03-27 03:01,9,23.59,50.61
2022-03-27 03:05,6,23.24,48.98
2022-03-27 03:09,8,23.24,50.2
2022-03-27 03:10,1,22.9,64.49
2022-03-27 03:11,7,23.24,48.57
2022-03-27 03:14,4,23.24,68.98
2022-03-27 03:14,10,23.24,55.92
2022-03-27 03:16,3,23.24,50.61
2022-03-27 03:18,12,23.24,43.67
2022-03-27 03:20,5,22.9,48.16
2022-03-27 03:21,9,23.59,50.61
2022-03-27 03:25,6,22.9,48.98
2022-03-27 03:28,8,23.24,50.2
2022-03-27 03:30,1,22.9,64.49
2022-03-27 03:31,7,23.24,48.57
2022-03-27 03:34,4,23.24,68.98
2022-03-27 03:34,10,23.24,55.92
2022-03-27 03:36,3,23.24,50.61
2022-03-27 03:38,12,23.24,43.67
2022-03-27 03:40,5,22.55,48.57
2022-03-27 03:41,9,23.59,50.61
2022-03-27 03:45,6,22.9,48.98
2022-03-27 03:48,8,23.24,50.2
2022-03-27 03:50,1,22.9,64.08
2022-03-27 03:50,7,23.24,48.57
2022-03-27 03:54,4,23.24,69.39
2022-03-27 03:54,10,23.24,55.92
2022-03-27 03:56,3,23.24,50.61
2022-03-27 03:58,12,23.24,43.67
2022-03-27 04:00,5,22.55,48.57
2022-03-27 04:01,9,23.24,50.61
2022-03-27 04:05,6,22.9,48.98
2022-03-27 04:10,1,22.9,64.49
2022-03-27 04:10,7,23.24,48.57
2022-03-27 04:14,4,23.24,69.39
2022-03-27 04:15,3,23.24,51.02
2022-03-27 04:17,12,22.9,43.67
2022-03-27 04:20,5,22.55,48.57
2022-03-27 04:21,9,23.24,50.61
2022-03-27 04:25,6,22.9,48.98
2022-03-27 04:28,8,22.9,49.8
2022-03-27 04:30,1,22.55,64.08
2022-03-27 04:30,7,23.24,48.57
2022-03-27 04:34,4,23.24,69.39
2022-03-27 04:34,10,22.9,55.92
2022-03-27 04:35,3,23.24,50.61
2022-03-27 04:37,12,22.9,43.67
2022-03-27 04:40,5,22.55,48.57
2022-03-27 04:41,9,23.24,50.61
2022-03-27 04:45,6,22.9,48.98
2022-03-27 04:48,8,22.9,50.2
2022-03-27 04:50,1,22.55,64.49
2022-03-27 04:50,7,23.24,48.57
2022-03-27 04:54,4,23.24,68.98
2022-03-27 04:54,10,22.9,55.92
2022-03-27 04:55,3,23.24,50.61
2022-03-27 04:57,12,22.9,43.67
2022-03-27 05:00,5,22.55,48.57
2022-03-27 05:01,9,23.24,50.61
2022-03-27 05:05,6,22.9,48.98
2022-03-27 05:08,8,22.9,49.8
2022-03-27 05:10,1,22.55,64.08
2022-03-27 05:10,7,22.9,48.57
2022-03-27 05:14,4,23.24,69.39
2022-03-27 05:14,10,22.9,55.92
2022-03-27 05:15,3,22.9,50.61
2022-03-27 05:17,12,22.9,43.67
2022-03-27 05:20,5,22.55,48.57
2022-03-27 05:21,9,23.24,50.61
2022-03-27 05:25,6,22.9,48.98
2022-03-27 05:29,1,22.55,64.08
2022-03-27 05:30,7,22.9,48.57
2022-03-27 05:34,4,22.9,68.98
2022-03-27 05:34,10,22.55,55.92
2022-03-27 05:35,3,22.9,50.61
2022-03-27 05:37,12,22.9,43.67
2022-03-27 05:40,5,22.2,48.16
2022-03-27 05:41,9,22.9,50.61
2022-03-27 05:45,6,22.55,48.98
2022-03-27 05:48,8,22.9,49.8
2022-03-27 05:49,1,22.55,64.08
2022-03-27 05:50,7,22.9,48.57
2022-03-27 05:53,10,22.55,55.92
2022-03-27 05:54,4,22.9,68.98
2022-03-27 05:55,3,22.9,50.61
2022-03-27 05:57,12,22.9,43.67
2022-03-27 05:59,5,22.2,48.16
2022-03-27 06:00,9,22.9,50.61
2022-03-27 06:04,6,22.55,48.98
2022-03-27 06:08,8,22.55,49.8
2022-03-27 06:09,1,22.55,64.08
2022-03-27 06:10,7,22.9,48.57
2022-03-27 06:13,10,22.55,55.92
2022-03-27 06:14,4,22.9,68.57
2022-03-27 06:15,3,22.9,50.61
2022-03-27 06:17,12,22.55,43.67
2022-03-27 06:19,5,22.2,48.57
2022-03-27 06:20,9,22.9,50.2
2022-03-27 06:24,6,22.55,48.98
2022-03-27 06:28,8,22.55,50.2
2022-03-27 06:29,1,22.55,64.08
2022-03-27 06:30,7,22.9,48.57
2022-03-27 06:34,4,22.9,68.57
2022-03-27 06:35,3,22.9,50.61
2022-03-27 06:37,12,22.55,43.67
2022-03-27 06:39,5,22.2,48.16
2022-03-27 06:40,9,22.9,50.61
2022-03-27 06:44,6,22.55,48.98
2022-03-27 06:48,8,22.55,49.8
2022-03-27 06:49,1,22.55,64.08
2022-03-27 06:50,7,22.9,48.57
2022-03-27 06:53,4,22.9,68.57
2022-03-27 06:53,10,22.55,55.51
2022-03-27 06:55,3,22.9,50.61
2022-03-27 06:57,12,22.55,43.67
2022-03-27 06:59,5,22.2,48.57
2022-03-27 07:00,9,22.9,50.61
2022-03-27 07:04,6,22.55,48.98
2022-03-27 07:07,8,22.55,50.2
2022-03-27 07:09,1,22.2,64.08
2022-03-27 07:09,7,22.9,48.57
2022-03-27 07:13,4,22.9,68.98
2022-03-27 07:13,10,22.2,55.51
2022-03-27 07:15,3,22.55,50.61
2022-03-27 07:17,12,22.55,43.67
2022-03-27 07:19,5,22.2,48.57
2022-03-27 07:20,9,22.55,50.61
2022-03-27 07:24,6,22.55,49.39
2022-03-27 07:29,1,22.2,64.08
2022-03-27 07:29,7,22.55,48.57
2022-03-27 07:33,4,22.55,68.57
2022-03-27 07:33,10,22.2,55.51
2022-03-27 07:34,3,22.55,50.61
2022-03-27 07:37,12,22.55,43.67
2022-03-27 07:39,5,22.2,48.57
2022-03-27 07:40,9,22.55,50.61
2022-03-27 07:44,6,22.2,49.39
2022-03-27 07:47,8,22.55,49.39
2022-03-27 07:49,1,22.2,64.08
2022-03-27 07:49,7,22.55,48.57
2022-03-27 07:53,4,22.55,68.57
2022-03-27 07:53,10,22.2,55.51
2022-03-27 07:54,3,22.55,50.61
2022-03-27 07:56,12,22.2,43.67
2022-03-27 07:59,5,21.86,48.57
2022-03-27 08:00,9,22.55,50.61
2022-03-27 08:04,6,22.2,49.39
2022-03-27 08:07,8,22.2,49.8
2022-03-27 08:09,1,22.2,64.08
2022-03-27 08:09,7,22.55,48.57
2022-03-27 08:13,4,22.55,68.57
2022-03-27 08:13,10,22.2,55.51
2022-03-27 08:14,3,22.55,50.61
2022-03-27 08:16,12,22.2,43.67
2022-03-27 08:19,5,21.86,48.57
2022-03-27 08:20,9,22.55,50.61
2022-03-27 08:24,6,22.2,49.39
2022-03-27 08:27,8,22.2,49.8
2022-03-27 08:28,1,22.2,64.08
2022-03-27 08:29,7,22.55,48.57
2022-03-27 08:33,4,22.55,68.57
2022-03-27 08:34,3,22.55,50.61
2022-03-27 08:36,12,22.2,43.67
2022-03-27 08:39,5,21.86,48.57
2022-03-27 08:40,9,22.55,50.2
2022-03-27 08:44,6,22.2,48.98
2022-03-27 08:47,8,22.2,49.8
2022-03-27 08:48,1,22.2,64.08
2022-03-27 08:49,7,22.55,48.57
2022-03-27 08:53,4,22.55,68.16
2022-03-27 08:53,10,21.86,55.51
2022-03-27 08:54,3,22.55,50.61
2022-03-27 08:56,12,22.2,43.67
2022-03-27 08:59,5,21.86,48.57
2022-03-27 09:00,9,22.55,50.61
2022-03-27 09:04,6,22.2,48.98
2022-03-27 09:07,8,22.2,49.8
2022-03-27 09:08,1,22.2,64.08
2022-03-27 09:09,7,22.55,48.16
2022-03-27 09:13,4,22.55,68.57
2022-03-27 09:13,10,21.86,55.51
2022-03-27 09:14,3,22.55,50.61
2022-03-27 09:16,12,22.2,43.27
2022-03-27 09:19,5,21.86,48.57
2022-03-27 09:19,9,22.2,50.61
2022-03-27 09:24,6,22.2,48.98
2022-03-27 09:27,8,22.2,49.8
2022-03-27 09:28,1,22.2,64.08
2022-03-27 09:29,7,22.55,48.57
2022-03-27 09:33,4,22.2,68.57
2022-03-27 09:33,10,21.86,55.51
2022-03-27 09:34,3,22.2,50.61
2022-03-27 09:36,12,22.2,43.67
2022-03-27 09:38,5,21.86,48.16
2022-03-27 09:39,9,22.2,50.61
2022-03-27 09:44,6,22.2,48.98
2022-03-27 09:47,8,22.2,49.8
2022-03-27 09:48,1,22.2,64.08
2022-03-27 09:49,7,22.2,48.57
2022-03-27 09:53,4,22.2,68.57
2022-03-27 09:53,10,21.86,55.51
2022-03-27 09:54,3,22.2,50.61
2022-03-27 09:56,12,21.86,43.67
2022-03-27 09:58,5,21.86,48.57
2022-03-27 09:59,9,22.2,50.2
2022-03-27 10:03,6,22.2,49.39
2022-03-27 10:07,8,21.86,49.8
2022-03-27 10:08,1,21.86,64.08
2022-03-27 10:09,7,22.2,48.57
2022-03-27 10:12,10,21.86,55.51
2022-03-27 10:13,4,22.2,68.16
2022-03-27 10:14,3,22.2,50.61
2022-03-27 10:16,12,21.86,43.27
2022-03-27 10:18,5,21.86,48.57
2022-03-27 10:19,9,22.2,50.2
2022-03-27 10:23,6,21.86,49.39
2022-03-27 10:27,8,21.86,49.8
2022-03-27 10:28,1,21.86,64.08
2022-03-27 10:29,7,22.2,49.39
2022-03-27 10:32,4,22.2,68.57
2022-03-27 10:32,10,21.86,55.51
2022-03-27 10:34,3,22.2,50.61
2022-03-27 10:36,12,21.86,43.67
2022-03-27 10:38,5,21.51,48.57
2022-03-27 10:39,9,22.2,50.61
2022-03-27 10:43,6,21.86,49.39
2022-03-27 10:47,8,21.86,49.8
2022-03-27 10:48,1,21.86,64.08
2022-03-27 10:48,7,22.2,49.39
2022-03-27 10:52,4,22.2,68.16
2022-03-27 10:52,10,21.86,55.51
2022-03-27 10:54,3,22.2,50.61
2022-03-27 10:56,12,21.86,43.67
2022-03-27 10:58,5,21.51,48.16
2022-03-27 10:59,9,22.2,50.2
2022-03-27 11:03,6,21.86,48.98
2022-03-27 11:08,1,21.86,64.08
2022-03-27 11:08,7,22.2,49.39
2022-03-27 11:12,4,22.2,68.16
2022-03-27 11:13,3,22.2,51.02
2022-03-27 11:16,12,21.86,43.27
2022-03-27 11:18,5,21.51,48.57
2022-03-27 11:19,9,22.2,50.61
2022-03-27 11:23,6,21.86,49.39
2022-03-27 11:26,8,21.86,50.2
2022-03-27 11:28,1,21.86,64.08
2022-03-27 11:28,7,22.2,49.39
2022-03-27 11:32,4,22.2,68.16
2022-03-27 11:32,10,21.51,55.51
2022-03-27 11:33,3,22.2,50.61
2022-03-27 11:35,12,21.86,43.27
2022-03-27 11:38,5,21.51,48.57
2022-03-27 11:39,9,22.2,50.61
2022-03-27 11:43,6,21.86,49.39
2022-03-27 11:46,8,21.86,50.2
2022-03-27 11:48,1,21.86,63.67
2022-03-27 11:48,7,22.2,49.39
2022-03-27 11:52,4,22.2,68.16
2022-03-27 11:52,10,21.51,55.51
2022-03-27 11:53,3,22.2,50.61
2022-03-27 11:55,12,21.86,43.67
2022-03-27 11:58,5,21.51,48.16
2022-03-27 11:59,9,22.2,50.61
2022-03-27 21:24,8,25.33,48.57
2022-03-27 21:25,1,23.94,62.86
2022-03-27 21:26,7,24.29,46.53
2022-03-27 21:30,4,24.98,66.94
2022-03-27 21:30,10,25.33,53.88
2022-03-27 21:31,3,24.98,49.39
2022-03-27 21:33,12,25.33,42.86
2022-03-27 21:35,5,23.94,46.94
2022-03-27 21:36,9,24.98,49.8
2022-03-27 21:41,6,24.29,47.76
2022-03-27 21:44,1,23.94,62.86
2022-03-27 21:45,7,24.29,46.53
2022-03-27 21:50,4,24.98,66.53
2022-03-27 21:50,10,25.33,53.88
2022-03-27 21:51,3,24.98,49.39
2022-03-27 21:53,12,25.33,42.86
2022-03-27 21:55,5,23.94,47.35
2022-03-27 21:56,9,24.98,49.39
2022-03-27 22:01,6,24.29,47.76
2022-03-27 22:04,1,23.94,62.45
2022-03-27 22:04,8,24.98,48.16
2022-03-27 22:05,7,24.29,46.53
2022-03-27 22:10,4,24.98,66.94
2022-03-27 22:10,10,25.33,53.88
2022-03-27 22:11,3,24.98,49.39
2022-03-27 22:13,12,25.33,42.45
2022-03-27 22:15,5,23.94,46.94
2022-03-27 22:16,9,24.98,49.39
2022-03-27 22:21,6,24.29,47.76
2022-03-27 22:24,1,23.94,62.86
2022-03-27 22:24,8,24.98,48.57
2022-03-27 22:25,7,24.29,46.53
2022-03-27 22:29,4,24.98,66.94
2022-03-27 22:30,3,24.98,49.39
2022-03-27 22:32,12,25.33,42.45
2022-03-27 22:35,5,23.94,46.94
2022-03-27 22:36,9,24.98,49.39
2022-03-27 22:41,6,24.29,47.76
2022-03-27 22:44,1,23.94,62.45
2022-03-27 22:45,7,24.29,46.53
2022-03-27 22:49,4,24.63,66.53
2022-03-27 22:50,3,24.63,49.39
2022-03-27 22:52,12,24.98,42.45
2022-03-27 22:55,5,23.94,46.53
2022-03-27 22:56,9,24.98,49.39
2022-03-27 23:01,6,24.29,47.76
2022-03-27 23:03,8,24.98,48.57
2022-03-27 23:04,1,23.94,62.45
2022-03-27 23:05,7,24.29,46.53
2022-03-27 23:09,4,24.63,66.53
2022-03-27 23:10,3,24.63,49.39
2022-03-27 23:12,12,24.98,42.45
2022-03-27 23:15,5,23.94,46.94
2022-03-27 23:16,9,24.98,49.39
2022-03-27 23:20,6,24.29,47.76
2022-03-27 23:23,8,24.63,48.57
2022-03-27 23:24,1,23.94,62.45
2022-03-27 23:25,7,24.29,46.53
2022-03-27 23:29,4,24.63,66.53
2022-03-27 23:29,10,24.98,53.47
2022-03-27 23:30,3,24.63,49.39
2022-03-27 23:32,12,24.98,42.45
2022-03-27 23:35,5,23.94,46.94
2022-03-27 23:35,9,24.63,49.39
2022-03-27 23:40,6,24.29,47.76
2022-03-27 23:44,1,23.59,62.45
2022-03-27 23:45,7,24.29,46.53
2022-03-27 23:49,4,24.63,66.94
2022-03-27 23:49,10,24.63,53.88
2022-03-27 23:50,3,24.63,49.39
2022-03-27 23:52,12,24.63,42.45
2022-03-27 23:55,5,23.59,46.94
2022-03-27 23:55,9,24.63,49.39
2022-03-28 00:00,6,24.29,47.76
2022-03-28 00:03,8,24.63,48.16
2022-03-28 00:04,1,23.59,62.45
2022-03-28 00:05,7,24.29,46.53
2022-03-28 00:09,4,24.63,66.53
2022-03-28 00:09,10,24.63,53.88
2022-03-28 00:10,3,24.29,49.39
2022-03-28 00:12,12,24.63,42.45
2022-03-28 00:14,5,23.59,46.94
2022-03-28 00:15,9,24.63,49.39
2022-03-28 00:20,6,23.94,47.35
2022-03-28 00:23,8,24.63,48.57
2022-03-28 00:24,1,23.59,62.45
2022-03-28 00:25,7,24.29,46.53
2022-03-28 00:29,4,24.29,66.53
2022-03-28 00:30,3,24.29,49.39
2022-03-28 00:32,12,24.63,42.45
2022-03-28 00:34,5,23.59,46.94
2022-03-28 00:35,9,24.63,49.39
2022-03-28 00:40,6,23.94,47.76
2022-03-28 00:43,8,24.29,48.57
2022-03-28 00:44,7,23.94,46.53
2022-03-28 00:49,4,24.29,66.53
2022-03-28 00:49,10,24.29,53.47
2022-03-28 00:50,3,24.29,49.39
2022-03-28 00:52,12,24.63,42.45
2022-03-28 00:54,5,23.59,46.94
2022-03-28 00:55,9,24.29,49.39
2022-03-28 01:00,6,23.94,47.76
2022-03-28 01:03,1,23.59,62.45
2022-03-28 01:03,8,24.29,48.57
2022-03-28 01:04,7,23.94,46.53
2022-03-28 01:09,4,24.29,66.53
2022-03-28 01:09,10,24.29,53.88
2022-03-28 01:10,3,24.29,49.39
2022-03-28 01:12,12,24.29,42.45
2022-03-28 01:14,5,23.59,46.94
2022-03-28 01:15,9,24.29,49.39
2022-03-28 01:20,6,23.94,47.76
2022-03-28 01:23,1,23.59,62.45
2022-03-28 01:23,8,24.29,48.57
2022-03-28 01:24,7,23.94,46.53
2022-03-28 01:29,4,24.29,66.53
2022-03-28 01:29,10,24.29,53.88
2022-03-28 01:30,3,23.94,49.39
2022-03-28 01:32,12,24.29,42.45
2022-03-28 01:34,5,23.59,46.94
2022-03-28 01:35,9,24.29,49.39
2022-03-28 01:40,6,23.94,47.76
2022-03-28 01:43,1,23.59,62.45
2022-03-28 01:44,7,23.94,46.53
2022-03-28 01:49,3,23.94,48.98
2022-03-28 01:49,4,24.29,66.53
2022-03-28 01:49,10,23.94,53.47
2022-03-28 01:52,12,24.29,42.45
2022-03-28 01:54,5,23.24,46.94
2022-03-28 01:55,9,24.29,49.39
2022-03-28 02:03,1,23.59,62.45
2022-03-28 02:03,8,23.94,48.57
2022-03-28 02:04,7,23.94,46.53
2022-03-28 02:08,4,23.94,66.53
2022-03-28 02:09,3,23.94,49.39
2022-03-28 02:09,10,23.94,53.47
2022-03-28 02:11,12,23.94,42.45
2022-03-28 02:14,5,23.24,46.94
2022-03-28 02:15,9,23.94,49.39
2022-03-28 02:20,6,23.59,47.76
2022-03-28 02:23,1,23.24,62.45
2022-03-28 02:23,8,23.94,48.57
2022-03-28 02:24,7,23.59,46.94
2022-03-28 02:28,4,23.94,66.53
2022-03-28 02:29,3,23.94,49.39
2022-03-28 02:29,10,23.94,53.47
2022-03-28 02:31,12,23.94,42.45
2022-03-28 02:34,5,23.24,46.94
2022-03-28 02:35,9,23.94,49.39
2022-03-28 02:40,6,23.59,47.76
2022-03-28 02:42,8,23.94,48.57
2022-03-28 02:43,1,23.24,62.04
2022-03-28 02:44,7,23.59,46.94
2022-03-28 02:48,4,23.94,66.53
2022-03-28 02:49,3,23.94,49.39
2022-03-28 02:49,10,23.94,53.47
2022-03-28 02:51,12,23.94,42.45
2022-03-28 02:54,5,23.24,46.94
2022-03-28 02:54,9,23.94,48.98
2022-03-28 03:00,6,23.59,48.16
2022-03-28 03:02,8,23.94,48.57
2022-03-28 03:03,1,23.24,62.45
2022-03-28 03:04,7,23.59,46.94
2022-03-28 03:08,4,23.94,66.12
2022-03-28 03:09,3,23.94,49.39
2022-03-28 03:11,12,23.94,42.45
2022-03-28 03:14,5,23.24,46.94
2022-03-28 03:14,9,23.94,49.39
2022-03-28 03:19,6,23.59,47.76
2022-03-28 03:22,8,23.59,48.57
2022-03-28 03:23,1,23.24,62.45
2022-03-28 03:24,7,23.59,46.94
2022-03-28 03:28,4,23.94,66.12
2022-03-28 03:29,3,23.59,49.39
2022-03-28 03:31,12,23.59,42.45
2022-03-28 03:33,5,22.9,46.94
2022-03-28 03:34,9,23.59,49.39
2022-03-28 03:39,6,23.59,47.76
2022-03-28 03:42,8,23.59,48.57
2022-03-28 03:43,1,23.24,62.04
2022-03-28 03:44,7,23.59,46.94
2022-03-28 03:48,4,23.59,66.53
2022-03-28 03:48,10,23.59,53.47
2022-03-28 03:49,3,23.59,48.98
2022-03-28 03:51,12,23.59,42.45
2022-03-28 03:53,5,22.9,46.94
2022-03-28 03:54,9,23.59,49.39
2022-03-28 03:59,6,23.24,47.76
2022-03-28 04:02,8,23.59,48.57
2022-03-28 04:03,1,23.24,62.04
2022-03-28 04:03,7,23.59,46.94
2022-03-28 04:08,4,23.59,66.53
2022-03-28 04:08,10,23.59,53.47
2022-03-28 04:09,3,23.59,49.39
2022-03-28 04:11,12,23.59,42.45
2022-03-28 04:13,5,22.9,46.94
2022-03-28 04:14,9,23.59,49.39
2022-03-28 04:19,6,23.24,48.16
2022-03-28 04:22,1,23.24,62.04
2022-03-28 04:23,7,23.59,46.94
2022-03-28 04:28,4,23.59,66.12
2022-03-28 04:29,3,23.59,49.39
2022-03-28 04:31,12,23.59,42.45
2022-03-28 04:33,5,22.9,47.35
2022-03-28 04:34,9,23.59,48.98
2022-03-28 04:39,6,23.24,48.16
2022-03-28 04:42,1,23.24,62.04
2022-03-28 04:42,8,23.24,48.57
2022-03-28 04:43,7,23.24,46.94
2022-03-28 04:48,4,23.59,66.12
2022-03-28 04:48,10,23.24,53.47
2022-03-28 04:49,3,23.59,49.39
2022-03-28 04:51,12,23.24,42.45
2022-03-28 04:53,5,22.9,46.94
2022-03-28 04:54,9,23.59,48.98
2022-03-28 04:59,6,23.24,47.76
2022-03-28 05:02,1,22.9,62.45
2022-03-28 05:02,8,23.24,48.57
2022-03-28 05:03,7,23.24,46.94
2022-03-28 05:08,4,23.59,66.53
2022-03-28 05:08,10,23.24,53.47
2022-03-28 05:09,3,23.24,48.98
2022-03-28 05:11,12,23.24,42.45
2022-03-28 05:13,5,22.9,47.35
2022-03-28 05:14,9,23.24,48.98
2022-03-28 05:19,6,23.24,47.76
2022-03-28 05:22,1,22.9,62.04
2022-03-28 05:22,8,23.24,48.57
2022-03-28 05:23,7,23.24,46.94
2022-03-28 05:28,3,23.24,49.39
2022-03-28 05:28,4,23.24,66.12
2022-03-28 05:28,10,23.24,53.47
2022-03-28 05:30,12,23.24,42.45
2022-03-28 05:33,5,22.55,47.35
2022-03-28 05:34,9,23.24,48.98
2022-03-28 05:39,6,23.24,47.76
2022-03-28 05:42,1,22.9,62.04
2022-03-28 05:42,8,23.24,48.57
2022-03-28 05:43,7,23.24,46.94
2022-03-28 05:47,4,23.24,66.53
2022-03-28 05:48,3,23.24,49.39
2022-03-28 05:48,10,22.9,53.47
2022-03-28 05:50,12,23.24,42.45
2022-03-28 05:53,5,22.55,46.94
2022-03-28 05:54,9,23.24,48.98
2022-03-28 05:59,6,22.9,48.16
2022-03-28 06:02,1,22.9,62.04
2022-03-28 06:02,8,23.24,48.57
2022-03-28 06:03,7,23.24,46.94
2022-03-28 06:07,4,23.24,66.53
2022-03-28 06:08,3,23.24,49.39
2022-03-28 06:08,10,22.9,53.47
2022-03-28 06:10,12,23.24,42.45
2022-03-28 06:13,5,22.55,46.53
2022-03-28 06:13,9,23.24,48.98
2022-03-28 06:19,6,22.9,48.16
2022-03-28 06:21,8,22.9,48.57
2022-03-28 06:22,1,22.9,62.04
2022-03-28 06:23,7,23.24,46.94
2022-03-28 06:27,4,23.24,65.71
2022-03-28 06:28,3,23.24,49.39
2022-03-28 06:28,10,22.9,53.47
2022-03-28 06:30,12,22.9,42.45
2022-03-28 06:33,5,22.55,55.51
2022-03-28 06:33,9,23.24,48.98
2022-03-28 06:39,6,22.9,48.16
2022-03-28 06:42,1,22.9,62.04
2022-03-28 06:43,7,22.9,46.94
2022-03-28 06:47,4,23.24,65.71
2022-03-28 06:48,3,23.24,48.98
2022-03-28 06:48,10,22.9,53.47
2022-03-28 06:50,12,22.9,42.45
2022-03-28 06:52,5,22.55,55.92
2022-03-28 06:53,9,22.9,48.98
2022-03-28 06:59,6,22.9,48.16
2022-03-28 07:01,1,22.9,62.04
2022-03-28 07:01,8,22.9,48.57
2022-03-28 07:03,7,22.9,46.94
2022-03-28 07:07,4,23.24,65.71
2022-03-28 07:07,10,22.9,53.47
2022-03-28 07:08,3,22.9,48.98
2022-03-28 07:10,12,22.9,42.45
2022-03-28 07:12,5,22.55,55.51
2022-03-28 07:13,9,22.9,48.98
2022-03-28 07:18,6,22.9,48.16
2022-03-28 07:21,1,22.55,62.04
2022-03-28 07:21,8,22.9,48.57
2022-03-28 07:22,7,22.9,46.94
2022-03-28 07:27,4,22.9,66.12
2022-03-28 07:27,10,22.55,53.47
2022-03-28 07:28,3,22.9,49.39
2022-03-28 07:30,12,22.9,42.45
2022-03-28 07:32,5,22.55,55.92
2022-03-28 07:33,9,22.9,48.98
2022-03-28 07:38,6,22.9,48.16
2022-03-28 07:41,1,22.55,62.04
2022-03-28 07:41,8,22.9,48.57
2022-03-28 07:42,7,22.9,46.94
2022-03-28 07:47,4,22.9,65.71
2022-03-28 07:47,10,22.55,53.47
2022-03-28 07:50,12,22.9,42.45
2022-03-28 07:52,5,22.2,55.51
2022-03-28 07:53,9,22.9,48.98
2022-03-28 07:58,6,22.55,48.16
2022-03-28 08:01,1,22.55,62.04
2022-03-28 08:02,7,22.9,46.94
2022-03-28 08:07,4,22.9,65.71
2022-03-28 08:07,10,22.55,53.47
2022-03-28 08:08,3,22.9,49.39
2022-03-28 08:10,12,22.55,42.45
2022-03-28 08:13,9,22.9,48.98
2022-03-28 08:18,6,22.55,48.16
2022-03-28 08:21,1,22.55,62.04
2022-03-28 08:21,8,22.55,48.16
2022-03-28 08:22,7,22.9,46.94
2022-03-28 08:27,4,22.9,65.71
2022-03-28 08:27,10,22.55,53.06
2022-03-28 08:28,3,22.9,49.39
2022-03-28 08:30,12,22.55,42.45
2022-03-28 08:32,5,22.2,55.51
2022-03-28 08:33,9,22.55,48.98
2022-03-28 08:38,6,22.55,48.16
2022-03-28 08:41,1,22.55,62.04
2022-03-28 08:41,8,22.55,48.57
2022-03-28 08:42,7,22.9,47.35
2022-03-28 08:47,4,22.9,66.12
2022-03-28 08:47,10,22.2,53.47
2022-03-28 08:48,3,22.55,49.39
2022-03-28 08:50,12,22.55,42.45
2022-03-28 08:52,5,22.2,55.1
2022-03-28 08:53,9,22.55,48.98
2022-03-28 08:58,6,22.55,48.16
2022-03-28 09:01,1,22.55,62.04
2022-03-28 09:01,8,22.55,48.57
2022-03-28 09:02,7,22.55,46.94
2022-03-28 09:07,3,22.55,48.98
2022-03-28 09:07,4,22.55,65.71
2022-03-28 09:07,10,22.2,53.47
2022-03-28 09:09,12,22.55,42.45
2022-03-28 09:12,5,22.2,55.1
2022-03-28 09:12,9,22.55,48.98
2022-03-28 09:18,6,22.55,48.16
2022-03-28 09:21,1,22.55,62.04
2022-03-28 09:21,8,22.55,48.57
2022-03-28 09:22,7,22.55,46.94
2022-03-28 09:26,4,22.55,66.12
2022-03-28 09:27,3,22.55,49.39
2022-03-28 09:27,10,22.2,53.47
2022-03-28 09:29,12,22.55,42.86
2022-03-28 09:32,5,22.2,55.1
2022-03-28 09:32,9,22.55,48.98
2022-03-28 09:38,6,22.55,48.16
2022-03-28 09:41,1,22.2,62.04
2022-03-28 09:42,7,22.55,46.94
2022-03-28 09:46,4,22.55,65.71
2022-03-28 09:47,3,22.55,49.39
2022-03-28 09:47,10,22.2,53.47
2022-03-28 09:49,12,22.2,42.45
2022-03-28 09:52,5,21.86,55.1
2022-03-28 09:52,9,22.55,48.98
2022-03-28 09:58,6,22.2,48.16
2022-03-28 10:00,8,22.2,48.57
2022-03-28 10:01,1,22.2,61.63
2022-03-28 10:02,7,22.55,46.94
2022-03-28 10:06,4,22.55,65.71
2022-03-28 10:07,3,22.55,49.39
2022-03-28 10:07,10,22.2,53.47
2022-03-28 10:09,12,22.2,42.45
2022-03-28 10:11,5,21.86,54.69
2022-03-28 10:12,9,22.2,48.98
2022-03-28 10:18,6,22.2,48.57
2022-03-28 10:20,1,22.2,62.04
2022-03-28 10:20,8,22.2,48.57
2022-03-28 10:21,7,22.55,46.94
2022-03-28 10:26,4,22.55,65.71
2022-03-28 10:27,3,22.55,48.98
2022-03-28 10:27,10,21.86,53.47
2022-03-28 10:29,12,22.2,42.45
2022-03-28 10:31,5,21.86,55.1
2022-03-28 10:32,9,22.2,48.98
2022-03-28 10:38,6,22.2,48.57
2022-03-28 10:40,1,22.2,61.63
2022-03-28 10:40,8,22.2,48.57
2022-03-28 10:41,7,22.55,46.94
2022-03-28 10:46,4,22.55,66.12
2022-03-28 10:47,3,22.2,48.98
2022-03-28 10:47,10,21.86,53.47
2022-03-28 10:49,12,22.2,42.45
2022-03-28 10:51,5,21.86,54.69
2022-03-28 10:52,9,22.2,48.98
2022-03-28 10:58,6,22.2,48.16
2022-03-28 11:00,1,22.2,62.04
2022-03-28 11:00,8,22.2,48.57
2022-03-28 11:01,7,22.2,46.94
2022-03-28 11:06,4,22.2,65.71
2022-03-28 11:07,3,22.2,49.39
2022-03-28 11:07,10,21.86,53.47
2022-03-28 11:09,12,22.2,42.45
2022-03-28 11:11,5,21.86,54.69
2022-03-28 11:12,9,22.2,48.98
2022-03-28 11:18,6,22.2,48.16
2022-03-28 11:20,1,22.2,62.04
2022-03-28 11:20,8,22.2,48.57
2022-03-28 11:21,7,22.2,46.94
2022-03-28 11:26,4,22.2,65.71
2022-03-28 11:27,3,22.2,49.39
2022-03-28 11:27,10,21.86,53.47
2022-03-28 11:29,12,22.2,42.45
2022-03-28 11:31,5,21.86,54.69
2022-03-28 11:32,9,22.2,49.39
2022-03-28 11:38,6,22.2,48.57
2022-03-28 11:40,1,22.2,62.04
2022-03-28 11:40,8,22.2,48.57
2022-03-28 11:41,7,22.2,47.35
2022-03-28 11:46,4,22.2,65.71
2022-03-28 11:46,10,21.86,53.47
2022-03-28 11:47,3,22.2,49.39
2022-03-28 11:49,12,22.2,42.45
2022-03-28 11:51,5,21.86,54.29
2022-03-28 11:52,9,22.2,48.98
2022-03-28 11:57,6,22.2,48.16
2022-03-28 12:00,1,22.2,61.63
2022-03-28 12:00,8,22.2,48.57
2022-03-28 12:01,7,22.2,46.94
2022-03-28 12:06,4,22.2,65.71
2022-03-28 12:06,10,21.86,53.47
2022-03-28 12:07,3,22.2,49.39
2022-03-28 12:09,12,22.2,42.45
2022-03-28 12:11,5,21.86,54.29
2022-03-28 12:12,9,22.2,49.39
2022-03-28 12:17,6,22.2,48.16
2022-03-28 12:20,1,22.2,62.04
2022-03-28 12:20,8,22.2,48.98
2022-03-28 12:21,7,22.2,47.35
2022-03-28 12:26,4,22.2,66.12
2022-03-28 12:26,10,21.86,53.47
2022-03-28 12:27,3,22.2,49.39
2022-03-28 12:29,12,22.2,42.45
2022-03-28 12:31,5,21.86,54.29
2022-03-28 12:32,9,22.2,48.98
2022-03-28 12:37,6,22.2,48.16
2022-03-28 12:40,1,22.2,62.04
2022-03-28 12:40,8,22.2,48.98
2022-03-28 12:41,7,22.2,46.94
2022-03-28 12:46,4,22.55,66.12
2022-03-28 12:46,10,21.86,53.47
2022-03-28 12:47,3,22.55,49.39
2022-03-28 12:49,12,22.2,51.02
2022-03-28 12:51,5,21.86,54.29
2022-03-28 12:52,9,22.2,48.98
2022-03-28 12:57,6,22.2,48.16
2022-03-28 13:00,1,22.2,62.04
2022-03-28 13:00,8,22.2,48.57
2022-03-28 13:01,7,22.2,47.35
2022-03-28 13:06,4,22.55,66.12
2022-03-28 13:06,10,21.86,53.47
2022-03-28 13:07,3,22.55,49.8
2022-03-28 13:09,12,22.2,52.24
2022-03-28 13:11,5,21.86,54.29
2022-03-28 13:12,9,22.55,49.39
2022-03-28 13:17,6,22.2,48.16
2022-03-28 13:20,1,22.2,62.04
2022-03-28 13:20,8,22.55,48.57
2022-03-28 13:21,7,22.2,46.94
2022-03-28 13:26,4,22.55,65.71
2022-03-28 13:27,3,22.9,49.39
2022-03-28 13:29,12,22.2,52.24
2022-03-28 13:31,5,21.86,54.69
2022-03-28 13:32,9,22.55,48.98
2022-03-28 13:37,6,22.2,48.16
2022-03-28 13:40,1,22.2,61.63
2022-03-28 13:40,8,22.55,48.57
2022-03-28 13:41,7,22.2,47.35
2022-03-28 13:46,4,22.55,65.71
2022-03-28 13:47,3,22.9,49.8
2022-03-28 13:48,12,22.55,51.84
2022-03-28 13:51,5,21.86,54.69
2022-03-28 13:51,9,22.55,49.39
2022-03-28 13:57,6,22.2,48.16
2022-03-28 14:00,1,22.2,61.63
2022-03-28 14:00,8,22.9,48.57
2022-03-28 14:01,7,22.55,46.94
2022-03-28 14:06,3,23.24,49.39
2022-03-28 14:06,4,22.9,66.12
2022-03-28 14:06,10,22.55,53.47
2022-03-28 14:08,12,22.55,51.43
2022-03-28 14:11,5,21.86,54.29
2022-03-28 14:11,9,22.9,49.39
2022-03-28 14:17,6,22.55,48.57
2022-03-28 14:20,1,22.55,61.63
2022-03-28 14:20,8,23.24,48.57
2022-03-28 14:21,7,22.55,46.94
2022-03-28 14:26,3,23.24,49.39
2022-03-28 14:26,4,22.9,65.71
2022-03-28 14:26,10,22.9,53.47
2022-03-28 14:28,12,22.9,51.02
2022-03-28 14:31,5,22.2,54.69
2022-03-28 14:31,9,22.9,49.39
2022-03-28 14:37,6,22.55,48.16
2022-03-28 14:40,1,22.55,62.04
2022-03-28 14:40,8,23.24,48.57
2022-03-28 14:41,7,22.55,46.94
2022-03-28 14:45,4,23.24,66.12
2022-03-28 14:46,3,23.59,49.39
2022-03-28 14:46,10,22.9,53.06
2022-03-28 14:48,12,22.9,50.61
2022-03-28 14:51,5,22.2,54.29
2022-03-28 14:51,9,22.9,49.39
2022-03-28 14:56,2,22.9,47.35
2022-03-28 14:57,2,22.55,47.35
2022-03-28 14:59,1,22.55,62.04
2022-03-28 15:00,8,23.59,48.57
2022-03-28 15:01,7,22.55,46.94
2022-03-28 15:02,2,22.55,47.35
2022-03-28 15:05,4,23.24,65.71
2022-03-28 15:06,3,23.94,49.39
2022-03-28 15:06,10,23.24,53.06
2022-03-28 15:07,2,22.55,47.35
2022-03-28 15:08,12,23.24,50.2
2022-03-28 15:10,5,22.55,54.29
2022-03-28 15:11,9,23.24,49.39
2022-03-28 15:12,2,22.55,47.35
2022-03-28 15:15,11,22.9,51.84
2022-03-28 15:16,11,22.9,51.84
2022-03-28 15:17,2,22.55,47.35
2022-03-28 15:17,6,22.9,48.16
2022-03-28 15:19,1,22.55,62.04
2022-03-28 15:20,7,22.9,46.53
2022-03-28 15:20,8,23.94,48.16
2022-03-28 15:22,2,22.55,47.35
2022-03-28 15:25,4,23.59,65.71
2022-03-28 15:26,10,23.59,53.06
2022-03-28 15:27,2,22.9,47.35
2022-03-28 15:28,12,23.24,50.2
2022-03-28 15:30,5,22.55,53.88
2022-03-28 15:31,9,23.24,49.39
2022-03-28 15:32,2,22.9,47.35
2022-03-28 15:35,11,22.9,51.84
2022-03-28 15:37,2,22.9,47.35
2022-03-28 15:37,6,22.9,48.16
2022-03-28 15:39,1,22.9,61.63
2022-03-28 15:39,8,24.29,48.16
2022-03-28 15:40,7,22.9,46.53
2022-03-28 15:42,2,22.9,47.35
2022-03-28 15:45,4,23.59,66.12
2022-03-28 15:46,3,24.29,49.39
2022-03-28 15:46,10,23.94,53.06
2022-03-28 15:47,2,22.9,47.35
2022-03-28 15:48,12,23.59,49.8
2022-03-28 15:50,5,22.55,54.29
2022-03-28 15:51,9,23.59,49.39
2022-03-28 15:52,2,22.9,47.35
2022-03-28 15:55,11,23.24,51.84
2022-03-28 15:57,2,22.9,47.35
2022-03-28 15:57,6,22.9,47.76
2022-03-28 15:59,1,22.9,61.63
2022-03-28 15:59,8,24.29,48.16
2022-03-28 16:00,7,22.9,46.53
2022-03-28 16:02,2,22.9,47.35
2022-03-28 16:05,4,23.94,66.12
2022-03-28 16:06,3,24.29,49.39
2022-03-28 16:06,10,24.29,53.06
2022-03-28 16:07,2,22.9,47.35
2022-03-28 16:08,12,23.59,49.8
2022-03-28 16:10,5,22.9,53.88
2022-03-28 16:11,9,23.59,49.39
2022-03-28 16:12,2,22.9,47.35
2022-03-28 16:15,11,23.59,51.84
2022-03-28 16:17,2,22.9,47.35
2022-03-28 16:17,6,23.24,47.76
2022-03-28 16:19,1,22.9,61.63
2022-03-28 16:19,8,24.63,48.16
2022-03-28 16:20,7,22.9,46.12
2022-03-28 16:22,2,22.9,47.35
2022-03-28 16:25,4,24.29,65.71
2022-03-28 16:26,3,24.63,49.39
2022-03-28 16:27,2,22.9,47.35
2022-03-28 16:28,12,23.94,49.39
2022-03-28 16:30,5,22.9,53.88
2022-03-28 16:31,9,23.94,49.39
2022-03-28 16:32,2,23.24,47.35
2022-03-28 16:35,11,23.59,51.43
2022-03-28 16:37,2,23.24,47.35
2022-03-28 16:37,6,23.24,47.76
2022-03-28 16:39,1,23.24,61.63
2022-03-28 16:39,8,24.63,48.16
2022-03-28 16:40,7,23.24,46.53
2022-03-28 16:42,2,23.24,47.35
2022-03-28 16:45,4,24.29,65.31
2022-03-28 16:46,3,24.63,49.39
2022-03-28 16:46,10,24.98,52.65
2022-03-28 16:47,2,23.24,47.35
2022-03-28 16:48,12,23.94,49.39
2022-03-28 16:50,5,22.9,53.47
2022-03-28 16:51,9,23.94,49.39
2022-03-28 16:52,2,23.24,47.35
2022-03-28 16:55,11,23.94,51.43
2022-03-28 16:57,2,23.24,47.35
2022-03-28 16:57,6,23.24,47.76
2022-03-28 16:59,1,23.24,61.63
2022-03-28 16:59,8,24.98,48.16
2022-03-28 17:00,7,23.24,46.53
2022-03-28 17:02,2,23.24,47.35
2022-03-28 17:05,4,24.63,65.31
2022-03-28 17:06,3,24.98,49.39
2022-03-28 17:07,2,23.24,47.35
2022-03-28 17:08,12,23.94,49.39
2022-03-28 17:10,5,23.24,53.88
2022-03-28 17:11,9,23.94,49.39
2022-03-28 17:12,2,23.24,47.35
2022-03-28 17:15,11,24.29,51.43
2022-03-28 17:17,2,23.24,46.94
2022-03-28 17:17,6,23.59,47.35
2022-03-28 17:19,1,23.24,61.22
2022-03-28 17:19,8,24.98,48.16
2022-03-28 17:20,7,23.24,46.12
2022-03-28 17:22,2,23.24,46.94
2022-03-28 17:25,4,24.63,65.31
2022-03-28 17:26,3,24.98,48.98
2022-03-28 17:26,10,25.33,52.65
2022-03-28 17:27,2,23.24,47.35
2022-03-28 17:28,12,24.29,48.98
2022-03-28 17:30,5,23.24,53.88
2022-03-28 17:30,9,24.29,49.39
2022-03-28 17:32,2,23.24,46.94
2022-03-28 17:35,11,24.29,51.43
2022-03-28 17:36,6,23.59,47.76
2022-03-28 17:37,2,23.24,47.35
2022-03-28 17:39,1,23.24,61.22
2022-03-28 17:39,8,25.33,48.16
2022-03-28 17:40,7,23.59,45.71
2022-03-28 17:42,2,23.24,46.94
2022-03-28 17:45,4,24.63,65.31
2022-03-28 17:45,10,25.67,52.24
2022-03-28 17:47,12,24.29,48.98
2022-03-28 17:50,5,23.24,53.88
2022-03-28 17:50,9,24.29,49.39
2022-03-28 17:52,2,23.59,47.35
2022-03-28 17:55,11,24.29,51.02
2022-03-28 17:56,6,23.59,47.76
2022-03-28 17:57,2,23.59,47.35
2022-03-28 17:59,1,23.59,61.22
2022-03-28 17:59,8,25.33,47.76
2022-03-28 18:00,7,23.59,45.71
2022-03-28 18:02,2,23.59,47.35
2022-03-28 18:05,3,24.98,48.98
2022-03-28 18:05,4,24.98,65.31
2022-03-28 18:05,10,25.67,52.24
2022-03-28 18:07,2,23.59,46.94
2022-03-28 18:07,12,24.63,48.98
2022-03-28 18:10,5,23.59,53.47
2022-03-28 18:10,9,24.29,49.39
2022-03-28 18:12,2,23.59,46.94
2022-03-28 18:15,11,24.63,51.43
2022-03-28 18:16,6,23.94,47.35
2022-03-28 18:17,2,23.59,47.35
2022-03-28 18:18,1,23.59,61.22
2022-03-28 18:19,8,25.33,47.76
2022-03-28 18:20,7,23.59,45.71
2022-03-28 18:22,2,23.59,46.94
2022-03-28 18:25,3,24.98,48.98
2022-03-28 18:25,4,24.98,65.31
2022-03-28 18:25,10,26.02,52.24
2022-03-28 18:27,2,23.59,46.94
2022-03-28 18:27,12,24.98,48.98
2022-03-28 18:30,5,23.59,53.47
2022-03-28 18:30,9,24.63,49.39
2022-03-28 18:32,2,23.59,46.94
2022-03-28 18:34,11,24.63,51.02
2022-03-28 18:36,6,23.94,47.35
2022-03-28 18:37,2,23.59,46.94
2022-03-28 18:38,1,23.59,61.22
2022-03-28 18:39,8,25.33,47.76
2022-03-28 18:40,7,23.59,45.71
2022-03-28 18:42,2,23.59,47.35
2022-03-28 18:44,4,24.98,65.31
2022-03-28 18:45,10,26.02,52.24
2022-03-28 18:47,2,23.59,46.94
2022-03-28 18:47,12,24.98,48.57
2022-03-28 18:49,5,23.59,53.47
2022-03-28 18:50,9,24.63,49.39
2022-03-28 18:52,2,23.59,46.94
2022-03-28 18:54,11,24.63,51.43
2022-03-28 18:56,6,24.29,47.35
2022-03-28 18:57,2,23.59,46.94
2022-03-28 18:58,1,23.94,61.22
2022-03-28 18:59,7,23.94,46.12
2022-03-28 18:59,8,25.33,47.76
2022-03-28 19:02,2,23.59,46.94
2022-03-28 19:05,3,24.98,48.98
2022-03-28 19:05,10,26.02,52.24
2022-03-28 19:07,2,23.59,46.94
2022-03-28 19:07,12,25.33,48.57
2022-03-28 19:09,5,23.94,53.47
2022-03-28 19:10,9,24.98,48.98
2022-03-28 19:13,2,23.59,46.94
2022-03-28 19:14,11,24.63,51.02
2022-03-28 19:16,6,24.29,46.94
2022-03-28 19:18,1,23.94,61.22
2022-03-28 19:18,2,23.59,47.35
2022-03-28 19:18,8,25.33,47.76
2022-03-28 19:19,7,23.94,45.71
2022-03-28 19:23,2,23.59,46.94
2022-03-28 19:24,4,24.98,64.9
2022-03-28 19:25,3,24.98,48.98
2022-03-28 19:25,10,26.02,52.24
2022-03-28 19:27,12,25.67,48.57
2022-03-28 19:28,2,23.94,46.94
2022-03-28 19:29,5,23.94,53.47
2022-03-28 19:30,9,24.98,48.98
2022-03-28 19:33,2,23.94,46.94
2022-03-28 19:34,11,24.63,51.02
2022-03-28 19:36,6,24.63,46.94
2022-03-28 19:38,1,23.94,61.22
2022-03-28 19:38,2,23.94,46.94
2022-03-28 19:38,8,25.33,47.76
2022-03-28 19:39,7,23.94,45.71
2022-03-28 19:43,2,23.94,46.94
2022-03-28 19:45,3,25.33,48.98
2022-03-28 19:45,10,26.02,52.24
2022-03-28 19:47,12,25.67,48.98
2022-03-28 19:48,2,23.94,46.94
2022-03-28 19:49,5,23.94,53.88
2022-03-28 19:50,9,25.33,48.98
2022-03-28 19:53,2,23.94,46.94
2022-03-28 19:54,11,24.63,51.02
2022-03-28 19:56,6,24.63,46.94
2022-03-28 19:58,1,24.29,61.22
2022-03-28 19:58,2,23.94,46.94
2022-03-28 19:58,8,25.33,47.76
2022-03-28 19:59,7,24.29,45.31
2022-03-28 20:03,2,23.94,46.94
2022-03-28 20:04,4,25.33,65.31
2022-03-28 20:05,3,25.33,48.98
2022-03-28 20:07,12,25.67,48.98
2022-03-28 20:08,2,23.94,46.94
2022-03-28 20:09,5,24.29,53.88
2022-03-28 20:10,9,25.33,48.98
2022-03-28 20:13,2,23.94,46.94
2022-03-28 20:14,11,24.63,51.02
2022-03-28 20:16,6,24.63,46.94
2022-03-28 20:18,1,24.29,61.22
2022-03-28 20:18,2,23.94,46.94
2022-03-28 20:18,8,25.33,47.76
2022-03-28 20:19,7,24.29,45.31
2022-03-28 20:23,2,23.94,46.94
2022-03-28 20:24,4,25.33,65.71
2022-03-28 20:25,3,25.33,48.57
2022-03-28 20:25,10,26.02,52.24
2022-03-28 20:27,12,25.67,48.98
2022-03-28 20:28,2,23.94,46.94
2022-03-28 20:29,5,24.29,53.06
2022-03-28 20:30,9,25.33,48.98
2022-03-28 20:33,2,23.94,46.94
2022-03-28 20:34,11,24.63,50.61
2022-03-28 20:36,6,24.63,46.94
2022-03-28 20:38,1,24.29,61.22
2022-03-28 20:38,2,23.94,46.94
2022-03-28 20:38,8,25.33,47.35
2022-03-28 20:39,7,24.29,45.31
2022-03-28 20:43,2,23.94,46.94
2022-03-28 20:44,4,25.33,65.31
2022-03-28 20:45,3,25.33,48.57
2022-03-28 20:45,10,26.02,51.84
2022-03-28 20:47,12,25.67,48.98
2022-03-28 20:48,2,23.94,46.53
2022-03-28 20:49,5,24.29,53.06
2022-03-28 20:49,9,25.33,48.98
2022-03-28 20:53,2,23.94,46.94
2022-03-28 20:54,11,24.98,51.02
2022-03-28 20:56,6,24.63,46.53
2022-03-28 20:58,1,24.29,61.22
2022-03-28 20:58,2,23.94,46.53
2022-03-28 20:59,7,24.63,44.9
2022-03-28 21:03,2,23.94,46.53
2022-03-28 21:04,3,25.33,48.57
2022-03-28 21:04,4,25.33,65.31
2022-03-28 21:04,10,25.67,51.84
2022-03-28 21:06,12,25.67,48.57
2022-03-28 21:08,2,24.29,46.94
2022-03-28 21:09,5,24.29,53.47
2022-03-28 21:09,9,25.33,48.57
2022-03-28 21:13,2,24.29,46.53
2022-03-28 21:14,11,24.98,50.61
2022-03-28 21:15,6,24.63,46.53
2022-03-28 21:18,1,24.29,61.22
2022-03-28 21:18,2,24.29,46.53
2022-03-28 21:18,8,25.33,47.35
2022-03-28 21:19,7,24.63,44.9
2022-03-28 21:23,2,24.29,46.53
2022-03-28 21:24,3,25.33,48.57
2022-03-28 21:24,4,25.33,65.31
2022-03-28 21:24,10,25.67,51.84
2022-03-28 21:26,12,25.67,48.98
2022-03-28 21:28,2,24.29,46.53
2022-03-28 21:29,5,24.29,53.88
2022-03-28 21:29,9,25.33,48.57
2022-03-28 21:33,2,24.29,46.53
2022-03-28 21:35,6,24.63,46.53
2022-03-28 21:37,1,24.29,61.22
2022-03-28 21:38,2,24.29,46.94
2022-03-28 21:38,8,25.33,47.35
2022-03-28 21:39,7,24.63,44.9
2022-03-28 21:43,2,24.29,46.53
2022-03-28 21:44,3,25.33,48.57
2022-03-28 21:44,4,25.33,65.31
2022-03-28 21:44,10,25.67,51.84
2022-03-28 21:46,12,25.67,48.57
2022-03-28 21:48,2,24.29,46.53
2022-03-28 21:49,5,24.29,53.88
2022-03-28 21:49,9,25.33,48.57
2022-03-28 21:53,2,24.29,46.53
2022-03-28 21:53,11,24.98,50.61
2022-03-28 21:55,6,24.98,46.53
2022-03-28 21:57,1,24.29,60.82
2022-03-28 21:58,2,24.29,46.53
2022-03-28 21:58,7,24.63,44.9
2022-03-28 21:58,8,25.33,47.35
2022-03-28 22:03,2,24.29,46.53
2022-03-28 22:03,4,25.33,64.9
2022-03-28 22:04,3,25.33,48.57
2022-03-28 22:04,10,25.67,51.84
2022-03-28 22:08,2,24.29,46.53
2022-03-28 22:08,5,24.29,53.88
2022-03-28 22:09,9,25.33,48.57
2022-03-28 22:13,2,24.29,46.53
2022-03-28 22:13,11,24.98,50.61
2022-03-28 22:15,6,24.63,46.53
2022-03-28 22:17,1,24.29,60.82
2022-03-28 22:17,8,25.33,47.35
2022-03-28 22:18,2,24.29,46.53
2022-03-28 22:18,7,24.63,44.9
2022-03-28 22:23,2,24.29,46.53
2022-03-28 22:23,4,25.33,64.9
2022-03-28 22:24,3,25.33,48.57
2022-03-28 22:26,12,25.67,48.98
2022-03-28 22:28,2,24.29,46.53
2022-03-28 22:28,5,24.29,54.29
2022-03-28 22:29,9,25.33,48.16
2022-03-28 22:33,2,24.29,46.53
2022-03-28 22:33,11,24.98,50.61
2022-03-28 22:35,6,24.63,46.53
2022-03-28 22:37,1,24.29,60.82
2022-03-28 22:37,8,25.33,47.35
2022-03-28 22:38,2,24.29,46.53
2022-03-28 22:38,7,24.63,44.9
2022-03-28 22:43,2,24.29,46.53
2022-03-28 22:43,4,25.33,64.49
2022-03-28 22:44,3,24.98,48.57
2022-03-28 22:44,10,25.67,51.84
2022-03-28 22:46,12,25.33,48.98
2022-03-28 22:48,2,24.29,46.53
2022-03-28 22:48,5,24.29,54.29
2022-03-28 22:49,9,25.33,48.16
2022-03-28 22:53,2,24.29,46.53
2022-03-28 22:53,11,24.63,50.61
2022-03-28 22:55,6,24.63,46.12
2022-03-28 22:57,1,24.29,60.82
2022-03-28 22:57,8,25.33,47.35
2022-03-28 22:58,2,24.29,46.53
2022-03-28 22:58,7,24.63,44.9
2022-03-28 23:03,2,24.29,46.53
2022-03-28 23:04,10,25.33,51.84
2022-03-28 23:08,2,23.94,46.53
2022-03-28 23:08,5,24.29,54.29
2022-03-28 23:09,9,25.33,48.57
2022-03-28 23:13,2,24.29,46.53
2022-03-28 23:13,11,24.63,50.61
2022-03-28 23:15,6,24.63,46.53
2022-03-28 23:17,1,24.29,60.82
2022-03-28 23:17,8,24.98,47.35
2022-03-28 23:18,2,23.94,46.53
2022-03-28 23:18,7,24.63,44.9
2022-03-28 23:23,2,23.94,46.53
2022-03-28 23:23,4,24.98,64.49
2022-03-28 23:24,3,24.98,48.16
2022-03-28 23:24,10,25.33,51.84
2022-03-28 23:28,2,23.94,46.53
2022-03-28 23:28,5,24.29,54.29
2022-03-28 23:28,9,24.98,48.57
2022-03-28 23:33,2,23.94,46.53
2022-03-28 23:33,11,24.63,50.61
2022-03-28 23:35,6,24.63,46.53
2022-03-28 23:37,1,24.29,60.82
2022-03-28 23:37,8,24.98,47.35
2022-03-28 23:38,2,23.94,46.53
2022-03-28 23:38,7,24.63,44.9
2022-03-28 23:43,2,23.94,46.53
2022-03-28 23:43,4,24.98,64.9
2022-03-28 23:44,3,24.98,48.57
2022-03-28 23:46,12,25.33,49.39
2022-03-28 23:48,2,23.94,46.53
2022-03-28 23:48,5,24.29,53.88
2022-03-28 23:48,9,24.98,48.16
2022-03-28 23:53,2,23.94,46.53
2022-03-28 23:53,11,24.63,50.61
2022-03-28 23:55,6,24.63,46.53
2022-03-28 23:57,1,24.29,60.82
2022-03-28 23:57,8,24.98,47.35
2022-03-28 23:58,2,23.94,46.53
2022-03-28 23:58,7,24.63,44.9
2022-03-29 00:03,2,23.94,46.53
2022-03-29 00:03,4,24.98,64.9
2022-03-29 00:04,3,24.98,48.16
2022-03-29 00:05,12,24.98,49.39
2022-03-29 00:08,2,23.94,46.53
2022-03-29 00:08,5,24.29,53.88
2022-03-29 00:08,9,24.98,48.16
2022-03-29 00:13,2,23.94,46.53
2022-03-29 00:13,11,24.63,50.61
2022-03-29 00:15,6,24.63,46.53
2022-03-29 00:17,1,23.94,60.82
2022-03-29 00:17,8,24.98,47.35
2022-03-29 00:18,2,23.94,46.53
2022-03-29 00:18,7,24.63,44.9
2022-03-29 00:23,3,24.63,48.16
2022-03-29 00:23,4,24.98,65.31
2022-03-29 00:24,10,24.98,51.84
2022-03-29 00:25,12,24.98,49.39
2022-03-29 00:28,5,23.94,53.88
2022-03-29 00:33,2,23.94,46.53
2022-03-29 00:33,11,24.63,50.61
2022-03-29 00:35,6,24.63,46.53
2022-03-29 00:36,1,23.94,60.82
2022-03-29 00:37,8,24.98,47.35
2022-03-29 00:38,2,23.94,46.53
2022-03-29 00:38,7,24.63,44.9
2022-03-29 00:43,2,23.94,46.53
2022-03-29 00:43,3,24.63,48.16
2022-03-29 00:43,4,24.98,64.9
2022-03-29 00:43,10,24.98,51.84
2022-03-29 00:45,12,24.98,49.8
2022-03-29 00:48,2,23.94,46.53
2022-03-29 00:48,5,23.94,54.29
2022-03-29 00:48,9,24.98,48.16
2022-03-29 00:52,11,24.63,50.61
2022-03-29 00:53,2,23.94,46.53
2022-03-29 00:54,6,24.29,46.53
2022-03-29 00:56,1,23.94,60.82
2022-03-29 00:57,7,24.29,44.9
2022-03-29 00:57,8,24.63,47.35
2022-03-29 00:58,2,23.94,46.53
2022-03-29 01:03,2,23.94,46.53
2022-03-29 01:03,3,24.63,48.57
2022-03-29 01:03,4,24.63,64.9
2022-03-29 01:03,10,24.98,51.84
2022-03-29 01:05,12,24.98,49.8
2022-03-29 01:07,5,23.94,54.29
2022-03-29 01:08,2,23.94,46.53
2022-03-29 01:08,9,24.63,48.16
2022-03-29 01:12,11,24.63,50.61
2022-03-29 01:13,2,23.94,46.53
2022-03-29 01:14,6,24.29,46.12
2022-03-29 01:16,1,23.94,60.82
2022-03-29 01:17,7,24.29,44.9
2022-03-29 01:17,8,24.63,47.35
2022-03-29 01:18,2,23.94,46.53
2022-03-29 01:23,2,23.94,46.53
2022-03-29 01:23,4,24.63,65.31
2022-03-29 01:25,12,24.98,49.8
2022-03-29 01:27,5,23.94,54.29
2022-03-29 01:28,2,23.94,46.53
2022-03-29 01:28,9,24.63,48.57
2022-03-29 01:32,11,24.29,50.61
2022-03-29 01:33,2,23.94,46.53
2022-03-29 01:34,6,24.29,46.53
2022-03-29 01:37,7,24.29,44.9
2022-03-29 01:37,8,24.63,47.35
2022-03-29 01:38,2,23.94,46.53
2022-03-29 01:42,4,24.63,64.9
2022-03-29 01:43,2,23.94,46.53
2022-03-29 01:43,3,24.63,48.16
2022-03-29 01:43,10,24.63,51.84
2022-03-29 01:45,12,24.63,49.8
2022-03-29 01:47,5,23.94,54.29
2022-03-29 01:48,2,23.94,46.53
2022-03-29 01:48,9,24.63,48.16
2022-03-29 01:52,11,24.29,50.61
2022-03-29 01:53,2,23.94,46.53
2022-03-29 01:54,6,24.29,46.53
2022-03-29 01:56,1,23.94,60.82
2022-03-29 01:56,8,24.63,47.35
2022-03-29 01:57,7,24.29,45.31
2022-03-29 01:58,2,23.94,46.53
2022-03-29 02:02,4,24.63,64.9
2022-03-29 02:03,2,23.94,46.53
2022-03-29 02:03,3,24.63,48.16
2022-03-29 02:03,10,24.63,51.84
2022-03-29 02:05,12,24.63,49.8
2022-03-29 02:07,5,23.94,54.29
2022-03-29 02:08,2,23.94,46.53
2022-03-29 02:08,9,24.63,48.16
2022-03-29 02:12,11,24.29,50.61
2022-03-29 02:13,2,23.94,46.53
2022-03-29 02:14,6,24.29,46.53
2022-03-29 02:16,1,23.94,60.82
2022-03-29 02:17,7,24.29,44.9
2022-03-29 02:18,2,23.94,46.53
2022-03-29 02:22,4,24.63,64.9
2022-03-29 02:23,2,23.94,46.53
2022-03-29 02:23,3,24.29,48.57
2022-03-29 02:23,10,24.63,51.84
2022-03-29 02:25,12,24.63,49.8
2022-03-29 02:27,5,23.59,54.29
2022-03-29 02:28,2,23.94,46.53
2022-03-29 02:28,9,24.63,48.16
2022-03-29 02:32,11,24.29,50.61
2022-03-29 02:33,2,23.59,46.53
2022-03-29 02:34,6,24.29,46.53
2022-03-29 02:36,1,23.94,60.82
2022-03-29 02:36,8,24.29,47.35
2022-03-29 02:37,7,24.29,45.31
2022-03-29 02:38,2,23.59,46.53
2022-03-29 02:42,4,24.63,64.49
2022-03-29 02:43,2,23.59,46.53
2022-03-29 02:43,3,24.29,48.16
2022-03-29 02:43,10,24.63,51.84
2022-03-29 02:45,12,24.63,49.8
2022-03-29 02:47,5,23.59,53.88
2022-03-29 02:47,9,24.29,48.57
2022-03-29 02:48,2,23.59,46.53
2022-03-29 02:52,11,24.29,50.61
2022-03-29 02:53,2,23.59,46.53
2022-03-29 02:54,6,23.94,46.53
2022-03-29 02:56,1,23.94,60.82
2022-03-29 02:56,8,24.29,47.35
2022-03-29 02:57,7,24.29,45.31
2022-03-29 02:58,2,23.59,46.53
2022-03-29 03:02,4,24.63,64.49
2022-03-29 03:03,2,23.59,46.53
2022-03-29 03:03,3,24.29,48.57
2022-03-29 03:03,10,24.29,51.84
2022-03-29 03:05,12,24.29,49.8
2022-03-29 03:07,5,23.59,53.88
2022-03-29 03:07,9,24.29,48.16
2022-03-29 03:08,2,23.59,46.53
2022-03-29 03:12,11,24.29,50.61
2022-03-29 03:13,2,23.59,46.53
2022-03-29 03:14,6,23.94,46.53
2022-03-29 03:16,1,23.94,60.82
2022-03-29 03:16,8,24.29,47.35
2022-03-29 03:17,7,24.29,44.9
2022-03-29 03:19,2,23.59,46.53
2022-03-29 03:22,4,24.29,64.9
2022-03-29 03:23,3,24.29,48.16
2022-03-29 03:23,10,24.29,51.84
2022-03-29 03:24,2,23.59,46.53
2022-03-29 03:25,12,24.29,50.2
2022-03-29 03:27,5,23.59,54.29
2022-03-29 03:27,9,24.29,48.16
2022-03-29 03:29,2,23.59,46.53
2022-03-29 03:32,11,24.29,50.61
2022-03-29 03:34,2,23.59,46.53
2022-03-29 03:34,6,23.94,46.53
2022-03-29 03:36,1,23.59,60.82
2022-03-29 03:36,8,24.29,47.35
2022-03-29 03:37,7,23.94,45.31
2022-03-29 03:39,2,23.59,46.53
2022-03-29 03:42,4,24.29,64.9
2022-03-29 03:43,3,24.29,48.16
2022-03-29 03:43,10,24.29,51.84
2022-03-29 03:44,2,23.59,46.53
2022-03-29 03:44,12,24.29,50.2
2022-03-29 03:47,5,23.59,54.69
2022-03-29 03:47,9,24.29,48.16
2022-03-29 03:49,2,23.59,46.53
2022-03-29 03:52,11,23.94,50.61
2022-03-29 03:54,2,23.59,46.53
2022-03-29 03:54,6,23.94,46.53
2022-03-29 03:55,1,23.59,60.82
2022-03-29 03:56,8,24.29,47.35
2022-03-29 03:57,7,23.94,45.31
2022-03-29 03:59,2,23.59,46.53
2022-03-29 04:02,3,24.29,48.16
2022-03-29 04:02,4,24.29,64.49
2022-03-29 04:03,10,24.29,51.84
2022-03-29 04:04,2,23.59,46.53
2022-03-29 04:04,12,24.29,50.2
2022-03-29 04:07,5,23.59,54.29
2022-03-29 04:07,9,24.29,48.16
2022-03-29 04:09,2,23.59,46.53
2022-03-29 04:11,11,23.94,50.61
2022-03-29 04:14,2,23.59,46.53
2022-03-29 04:14,6,23.94,46.53
2022-03-29 04:15,1,23.59,60.82
2022-03-29 04:19,2,23.59,46.53
2022-03-29 04:22,3,24.29,48.57
2022-03-29 04:22,4,24.29,64.49
2022-03-29 04:23,10,24.29,51.84
2022-03-29 04:24,2,23.59,46.53
2022-03-29 04:24,12,24.29,50.2
2022-03-29 04:27,5,23.59,54.29
2022-03-29 04:27,9,24.29,48.16
2022-03-29 04:29,2,23.59,46.53
2022-03-29 04:31,11,23.94,51.02
2022-03-29 04:34,2,23.59,46.53
2022-03-29 04:34,6,23.94,46.53
2022-03-29 04:35,1,23.59,60.41
2022-03-29 04:36,7,23.94,45.31
2022-03-29 04:36,8,24.29,47.76
2022-03-29 04:39,2,23.59,46.53
2022-03-29 04:42,3,24.29,48.57
2022-03-29 04:43,10,24.29,51.84
2022-03-29 04:44,2,23.59,46.53
2022-03-29 04:47,9,24.29,48.16
2022-03-29 04:49,2,23.59,46.53
2022-03-29 04:51,11,23.94,50.61
2022-03-29 04:54,2,23.59,46.53
2022-03-29 04:54,6,23.94,46.53
2022-03-29 04:55,1,23.59,60.82
2022-03-29 04:56,7,23.94,45.31
2022-03-29 04:56,8,23.94,47.35
2022-03-29 04:59,2,23.59,46.53
2022-03-29 05:02,3,23.94,48.57
2022-03-29 05:02,4,24.29,64.49
2022-03-29 05:02,10,23.94,51.84
2022-03-29 05:04,2,23.59,46.53
2022-03-29 05:04,12,24.29,50.61
2022-03-29 05:06,5,23.59,54.29
2022-03-29 05:07,9,23.94,48.16
2022-03-29 05:09,2,23.59,46.53
2022-03-29 05:11,11,23.94,50.61
2022-03-29 05:13,6,23.94,46.53
2022-03-29 05:14,2,23.59,46.53
2022-03-29 05:15,1,23.59,60.41
2022-03-29 05:16,7,23.94,45.31
2022-03-29 05:16,8,23.94,47.35
2022-03-29 05:19,2,23.59,46.53
2022-03-29 05:22,3,23.94,48.57
2022-03-29 05:22,10,23.94,51.84
2022-03-29 05:24,2,23.59,46.53
2022-03-29 05:24,12,23.94,50.2
2022-03-29 05:26,5,23.59,54.29
2022-03-29 05:27,9,23.94,48.16
2022-03-29 05:29,2,23.59,46.53
2022-03-29 05:31,11,23.94,50.61
2022-03-29 05:33,6,23.94,46.94
2022-03-29 05:34,2,23.59,46.53
2022-03-29 05:36,7,23.94,45.31
2022-03-29 05:36,8,23.94,47.35
2022-03-29 05:41,4,24.29,64.08
2022-03-29 05:42,3,23.94,48.16
2022-03-29 05:42,10,23.94,51.84
2022-03-29 05:44,2,23.59,46.53
2022-03-29 05:44,12,23.94,50.61
2022-03-29 05:46,5,23.24,54.29
2022-03-29 05:47,9,23.94,48.16
2022-03-29 05:49,2,23.59,46.53
2022-03-29 05:51,11,23.94,51.02
2022-03-29 05:53,6,23.59,46.94
2022-03-29 05:54,2,23.59,46.53
2022-03-29 05:55,1,23.59,60.82
2022-03-29 05:55,8,23.94,47.35
2022-03-29 05:56,7,23.94,45.31
2022-03-29 05:59,2,23.59,46.53
2022-03-29 06:01,4,24.29,64.08
2022-03-29 06:02,3,23.94,48.16
2022-03-29 06:02,10,23.94,51.84
2022-03-29 06:04,2,23.59,46.53
2022-03-29 06:04,12,23.94,50.61
2022-03-29 06:06,5,23.24,54.29
2022-03-29 06:06,9,23.94,48.57
2022-03-29 06:09,2,23.59,46.53
2022-03-29 06:11,11,23.94,51.02
2022-03-29 06:13,6,23.59,46.94
2022-03-29 06:14,2,23.59,46.53
2022-03-29 06:15,1,23.59,60.82
2022-03-29 06:15,8,23.94,47.35
2022-03-29 06:16,7,23.94,45.31
2022-03-29 06:19,2,23.59,46.53
2022-03-29 06:21,4,23.94,64.49
2022-03-29 06:22,3,23.94,48.16
2022-03-29 06:22,10,23.94,51.84
2022-03-29 06:24,2,23.59,46.53
2022-03-29 06:24,12,23.94,50.61
2022-03-29 06:26,5,23.24,54.29
2022-03-29 06:26,9,23.94,48.57
2022-03-29 06:29,2,23.59,46.53
2022-03-29 06:31,11,23.94,51.02
2022-03-29 06:33,6,23.59,46.94
2022-03-29 06:34,2,23.59,46.53
2022-03-29 06:35,1,23.59,60.41
2022-03-29 06:35,8,23.94,47.35
2022-03-29 06:36,7,23.94,45.31
2022-03-29 06:39,2,23.59,46.53
2022-03-29 06:41,4,23.94,64.08
2022-03-29 06:42,3,23.94,48.16
2022-03-29 06:42,10,23.94,51.84
2022-03-29 06:44,2,23.59,46.53
2022-03-29 06:44,12,23.94,50.61
2022-03-29 06:46,5,23.24,54.29
2022-03-29 06:46,9,23.94,48.57
2022-03-29 06:49,2,23.59,46.53
2022-03-29 06:51,11,23.94,51.02
2022-03-29 06:53,6,23.59,46.53
2022-03-29 06:54,2,23.59,46.53
2022-03-29 06:55,1,23.59,60.41
2022-03-29 06:55,8,23.94,47.76
2022-03-29 06:56,7,23.59,45.31
2022-03-29 06:59,2,23.59,46.53
2022-03-29 07:01,4,23.94,64.08
2022-03-29 07:02,3,23.94,48.57
2022-03-29 07:02,10,23.94,51.84
2022-03-29 07:04,2,23.59,46.53
2022-03-29 07:04,12,23.94,50.61
2022-03-29 07:06,5,23.24,54.29
2022-03-29 07:06,9,23.94,48.57
2022-03-29 07:09,2,23.59,46.53
2022-03-29 07:11,11,23.59,50.61
2022-03-29 07:13,6,23.59,46.94
2022-03-29 07:14,1,23.59,60.41
2022-03-29 07:14,2,23.59,46.53
2022-03-29 07:15,8,23.94,47.35
2022-03-29 07:16,7,23.59,45.31
2022-03-29 07:19,2,23.24,46.53
2022-03-29 07:22,3,23.94,48.16
2022-03-29 07:22,10,23.94,51.84
2022-03-29 07:24,2,23.24,46.53
2022-03-29 07:26,5,23.24,54.29
2022-03-29 07:26,9,23.94,48.57
2022-03-29 07:29,2,23.24,46.53
2022-03-29 07:31,11,23.59,51.02
2022-03-29 07:33,6,23.59,46.53
2022-03-29 07:34,1,23.59,60.41
2022-03-29 07:34,2,23.24,46.53
2022-03-29 07:35,8,23.94,47.35
2022-03-29 07:36,7,23.59,45.31
2022-03-29 07:39,2,23.24,46.53
2022-03-29 07:41,4,23.94,64.49
2022-03-29 07:42,10,23.59,51.84
2022-03-29 07:43,12,23.94,50.61
2022-03-29 07:46,9,23.94,48.57
2022-03-29 07:49,2,23.24,46.53
2022-03-29 07:50,11,23.59,51.02
2022-03-29 07:53,6,23.59,46.94
2022-03-29 07:54,1,23.59,60.41
2022-03-29 07:54,2,23.24,46.53
2022-03-29 07:55,7,23.59,45.31
2022-03-29 07:55,8,23.94,47.35
2022-03-29 07:59,2,23.24,46.53
2022-03-29 08:01,3,23.94,48.16
2022-03-29 08:01,4,23.94,64.08
2022-03-29 08:02,10,23.59,51.84
2022-03-29 08:04,2,23.24,46.53
2022-03-29 08:05,5,23.24,54.69
2022-03-29 08:06,9,23.59,48.57
2022-03-29 08:09,2,23.24,46.53
2022-03-29 08:10,11,23.59,51.02
2022-03-29 08:13,6,23.59,46.53
2022-03-29 08:14,1,23.59,60.41
2022-03-29 08:14,2,23.24,46.53
2022-03-29 08:15,7,23.59,45.31
2022-03-29 08:15,8,23.94,47.35
2022-03-29 08:19,2,23.24,46.53
2022-03-29 08:21,3,23.94,48.16
2022-03-29 08:21,4,23.94,64.08
2022-03-29 08:23,12,23.59,50.61
2022-03-29 08:24,2,23.24,46.12
2022-03-29 08:25,5,23.24,54.69
2022-03-29 08:26,9,23.59,48.57
2022-03-29 08:29,2,23.24,46.53
2022-03-29 08:30,11,23.59,51.02
2022-03-29 08:33,6,23.59,46.94
2022-03-29 08:34,1,23.24,60.41
2022-03-29 08:34,2,23.24,46.53
2022-03-29 08:35,7,23.59,45.31
2022-03-29 08:35,8,23.59,47.35
2022-03-29 08:39,2,23.24,46.12
2022-03-29 08:41,4,23.94,64.49
2022-03-29 08:42,10,23.59,51.43
2022-03-29 08:43,12,23.59,51.02
2022-03-29 08:44,2,23.24,46.12
2022-03-29 08:45,5,23.24,54.69
2022-03-29 08:46,9,23.59,48.57
2022-03-29 08:49,2,23.24,46.53
2022-03-29 08:50,11,23.59,51.02
2022-03-29 08:53,6,23.59,46.53
2022-03-29 08:54,1,23.24,60.41
2022-03-29 08:54,2,23.24,46.53
2022-03-29 08:55,7,23.59,45.31
2022-03-29 08:55,8,23.59,47.76
2022-03-29 08:59,2,23.24,46.94
2022-03-29 09:01,3,23.94,48.57
2022-03-29 09:02,10,23.59,51.84
2022-03-29 09:03,12,23.59,51.02
2022-03-29 09:04,2,23.24,46.94
2022-03-29 09:05,5,23.24,54.69
2022-03-29 09:06,9,23.59,48.57
2022-03-29 09:09,2,23.24,46.53
2022-03-29 09:10,11,23.59,51.02
2022-03-29 09:13,6,23.59,46.94
2022-03-29 09:14,1,23.24,60.41
2022-03-29 09:14,2,23.24,46.53
2022-03-29 09:15,7,23.59,45.31
2022-03-29 09:15,8,23.59,47.35
2022-03-29 09:19,2,23.24,46.12
2022-03-29 09:20,4,23.94,64.08
2022-03-29 09:21,3,23.94,48.57
2022-03-29 09:21,10,23.59,51.43
2022-03-29 09:23,12,23.59,51.02
2022-03-29 09:26,9,23.59,48.57
2022-03-29 09:29,2,23.24,46.12
2022-03-29 09:30,11,23.59,51.02
2022-03-29 09:32,6,23.59,46.53
2022-03-29 09:34,1,23.24,60.41
2022-03-29 09:34,2,23.24,46.12
2022-03-29 09:34,8,23.59,47.35
2022-03-29 09:35,7,23.59,45.31
2022-03-29 09:39,2,23.24,46.12
2022-03-29 09:40,4,23.94,64.49
2022-03-29 09:41,3,23.59,48.16
2022-03-29 09:41,10,23.59,51.43
2022-03-29 09:43,12,23.59,51.02
2022-03-29 09:44,2,23.24,46.53
2022-03-29 09:45,5,23.24,54.69
2022-03-29 09:45,9,23.59,48.57
2022-03-29 09:49,2,23.24,46.53
2022-03-29 09:50,11,23.59,51.02
2022-03-29 09:52,6,23.59,46.94
2022-03-29 09:54,1,23.24,60.41
2022-03-29 09:54,2,23.24,46.12
2022-03-29 09:54,8,23.59,47.35
2022-03-29 09:55,7,23.59,45.31
2022-03-29 09:59,2,23.24,46.53
2022-03-29 10:00,4,23.94,64.08
2022-03-29 10:01,3,23.59,48.16
2022-03-29 10:03,12,23.59,51.02
2022-03-29 10:04,2,23.24,46.12
2022-03-29 10:05,5,23.24,54.69
2022-03-29 10:05,9,23.59,48.57
2022-03-29 10:09,2,23.24,46.12
2022-03-29 10:10,11,23.59,50.61
2022-03-29 10:12,6,23.59,46.53
2022-03-29 10:13,1,23.24,60.41
2022-03-29 10:14,2,23.24,46.53
2022-03-29 10:14,8,23.59,47.35
2022-03-29 10:15,7,23.59,45.71
2022-03-29 10:19,2,23.24,46.53
2022-03-29 10:20,4,23.94,64.08
2022-03-29 10:21,10,23.59,51.43
2022-03-29 10:23,12,23.59,51.02
2022-03-29 10:24,2,23.24,46.53
2022-03-29 10:25,5,23.24,54.29
2022-03-29 10:25,9,23.59,48.57
2022-03-29 10:29,2,23.24,46.53
2022-03-29 10:30,11,23.59,51.02
2022-03-29 10:32,6,23.24,46.53
2022-03-29 10:33,1,23.24,60.41
2022-03-29 10:34,2,23.24,46.12
2022-03-29 10:34,8,23.59,47.35
2022-03-29 10:35,7,23.59,45.31
2022-03-29 10:39,2,23.24,46.53
2022-03-29 10:40,4,23.94,64.08
2022-03-29 10:41,3,23.59,48.16
2022-03-29 10:43,12,23.59,51.02
2022-03-29 10:44,2,23.24,46.12
2022-03-29 10:45,5,23.24,54.29
2022-03-29 10:45,9,23.59,48.57
2022-03-29 10:49,2,23.24,46.12
2022-03-29 10:50,11,23.59,51.02
2022-03-29 10:52,6,23.24,46.94
2022-03-29 10:53,1,23.24,60.41
2022-03-29 10:55,2,23.24,46.12
2022-03-29 10:55,7,23.59,45.31
2022-03-29 11:00,2,23.24,46.53
2022-03-29 11:00,4,23.59,64.08
2022-03-29 11:01,3,23.59,48.16
2022-03-29 11:01,10,23.24,51.43
2022-03-29 11:02,12,23.59,51.02
2022-03-29 11:05,2,23.24,46.53
2022-03-29 11:05,5,23.24,54.29
2022-03-29 11:05,9,23.59,48.57
2022-03-29 11:10,2,23.24,46.53
2022-03-29 11:10,11,23.59,51.02
2022-03-29 11:12,6,23.24,46.94
2022-03-29 11:13,1,23.24,60.41
2022-03-29 11:15,2,23.24,46.53
2022-03-29 11:15,7,23.59,45.31
2022-03-29 11:20,2,23.24,46.53
2022-03-29 11:20,3,23.59,48.16
2022-03-29 11:20,4,23.59,63.67
2022-03-29 11:22,12,23.59,51.02
2022-03-29 11:25,2,23.24,46.53
2022-03-29 11:25,5,22.9,54.29
2022-03-29 11:25,9,23.59,48.57
2022-03-29 11:29,11,23.59,51.02
2022-03-29 11:30,2,23.24,46.12
2022-03-29 11:32,6,23.24,46.94
2022-03-29 11:33,1,23.24,60.41
2022-03-29 11:34,7,23.59,45.71
2022-03-29 11:34,8,23.59,47.35
2022-03-29 11:35,2,23.24,46.53
2022-03-29 11:40,2,23.24,46.53
2022-03-29 11:40,3,23.59,48.57
2022-03-29 11:40,4,23.59,64.08
2022-03-29 11:42,12,23.59,50.61
2022-03-29 11:45,2,23.24,46.53
2022-03-29 11:45,5,22.9,53.88
2022-03-29 11:45,9,23.59,48.57
2022-03-29 11:49,11,23.59,51.02
2022-03-29 11:50,2,23.24,46.53
2022-03-29 11:52,6,23.24,46.94
2022-03-29 11:53,1,23.24,60.41
2022-03-29 11:54,7,23.59,45.71
2022-03-29 11:54,8,23.59,47.35
2022-03-29 11:55,2,23.24,46.53
2022-03-29 12:00,2,23.24,46.53
2022-03-29 12:00,3,23.59,48.57
2022-03-29 12:00,4,23.59,64.08
2022-03-29 12:01,10,23.24,51.43
2022-03-29 12:02,12,23.59,50.61
2022-03-29 12:04,5,22.9,53.47
2022-03-29 12:05,2,23.24,46.53
2022-03-29 12:05,9,23.59,48.98
2022-03-29 12:09,11,23.59,51.02
2022-03-29 12:10,2,23.24,46.53
2022-03-29 12:12,6,23.24,46.94
2022-03-29 12:13,1,23.24,60.41
2022-03-29 12:14,7,23.59,45.31
2022-03-29 12:14,8,23.59,47.35
2022-03-29 12:15,2,23.24,46.53
2022-03-29 12:20,2,23.24,46.53
2022-03-29 12:20,3,23.59,48.57
2022-03-29 12:20,4,23.94,64.08
2022-03-29 12:21,10,23.59,51.84
2022-03-29 12:22,12,23.59,50.61
2022-03-29 12:24,5,22.9,53.47
2022-03-29 12:25,2,23.24,46.53
2022-03-29 12:25,9,23.59,48.57
2022-03-29 12:29,11,23.59,51.02
2022-03-29 12:30,2,23.24,46.53
2022-03-29 12:32,6,23.59,46.94
2022-03-29 12:33,1,23.24,60.41
2022-03-29 12:34,7,23.59,45.71
2022-03-29 12:34,8,23.59,47.76
2022-03-29 12:35,2,23.24,46.53
2022-03-29 12:40,2,23.24,46.53
2022-03-29 12:40,4,23.94,64.08
2022-03-29 12:41,10,23.59,51.84
2022-03-29 12:42,12,23.59,50.2
2022-03-29 12:44,5,23.24,53.47
2022-03-29 12:45,2,23.24,46.53
2022-03-29 12:45,9,23.59,48.57
2022-03-29 12:49,11,23.59,51.43
2022-03-29 12:50,2,23.24,46.53
2022-03-29 12:53,1,23.24,60.41
2022-03-29 12:54,7,23.59,45.71
2022-03-29 12:54,8,23.94,47.76
2022-03-29 12:55,2,23.24,46.53
2022-03-29 13:00,2,23.24,46.53
2022-03-29 13:00,3,23.94,48.57
2022-03-29 13:00,4,23.94,64.08
2022-03-29 13:01,10,23.59,51.84
2022-03-29 13:02,12,23.59,50.2
2022-03-29 13:04,5,23.24,53.47
2022-03-29 13:05,2,23.24,46.53
2022-03-29 13:05,9,23.59,48.98
2022-03-29 13:09,11,23.59,51.02
2022-03-29 13:10,2,23.24,46.53
2022-03-29 13:12,6,23.59,47.35
2022-03-29 13:13,1,23.24,60.41
2022-03-29 13:14,7,23.59,45.31
2022-03-29 13:14,8,23.94,47.35
2022-03-29 13:15,2,23.24,46.53
2022-03-29 13:20,2,23.24,46.53
2022-03-29 13:20,3,23.94,48.57
2022-03-29 13:21,10,23.59,51.84
2022-03-29 13:22,12,23.94,49.8
2022-03-29 13:24,5,23.24,55.1
2022-03-29 13:25,2,23.59,46.53
2022-03-29 13:25,9,23.94,48.98
2022-03-29 13:29,11,23.59,51.02
2022-03-29 13:30,2,23.59,46.53
2022-03-29 13:32,6,23.59,47.35
2022-03-29 13:33,1,23.59,60.41
2022-03-29 13:34,7,23.59,45.31
2022-03-29 13:34,8,23.94,47.35
2022-03-29 13:35,2,23.59,46.53
2022-03-29 13:40,2,23.59,46.53
2022-03-29 13:40,3,23.94,48.57
2022-03-29 13:40,4,24.29,63.67
2022-03-29 13:41,10,23.94,51.43
2022-03-29 13:42,12,23.94,49.8
2022-03-29 13:44,5,23.24,55.1
2022-03-29 13:45,2,23.59,46.53
2022-03-29 13:45,9,23.94,48.98
2022-03-29 13:49,11,23.94,51.02
2022-03-29 13:50,2,23.59,46.53
2022-03-29 13:52,6,23.59,46.94
2022-03-29 13:53,1,23.59,60.82
2022-03-29 13:54,7,23.59,45.31
2022-03-29 13:54,8,24.29,47.35
2022-03-29 13:55,2,23.59,46.53
2022-03-29 13:59,4,24.29,64.08
2022-03-29 14:00,2,23.59,46.53
2022-03-29 14:00,3,24.29,48.57
2022-03-29 14:01,10,23.94,51.84
2022-03-29 14:04,5,23.24,54.29
2022-03-29 14:04,9,23.94,48.98
2022-03-29 14:05,2,23.59,46.53
2022-03-29 14:09,11,23.94,51.43
2022-03-29 14:10,2,23.59,46.53
2022-03-29 14:12,6,23.94,46.94
2022-03-29 14:13,1,23.59,60.41
2022-03-29 14:14,8,24.29,47.35
2022-03-29 14:15,2,23.59,46.53
2022-03-29 14:19,4,24.29,64.08
2022-03-29 14:20,2,23.59,46.53
2022-03-29 14:20,3,24.29,48.57
2022-03-29 14:21,10,24.29,51.84
2022-03-29 14:24,5,23.59,53.88
2022-03-29 14:24,9,24.29,48.98
2022-03-29 14:25,2,23.59,46.53
2022-03-29 14:29,11,23.94,51.02
2022-03-29 14:30,2,23.59,46.53
2022-03-29 14:32,1,23.59,60.41
2022-03-29 14:32,6,23.94,46.94
2022-03-29 14:33,8,24.29,47.35
2022-03-29 14:34,7,23.94,45.31
2022-03-29 14:35,2,23.94,46.53
2022-03-29 14:39,4,24.63,64.08
2022-03-29 14:40,2,23.94,46.53
2022-03-29 14:40,3,24.63,48.57
2022-03-29 14:41,10,24.63,51.84
2022-03-29 14:44,5,23.59,53.06
2022-03-29 14:44,9,24.29,48.98
2022-03-29 14:45,2,23.94,46.53
2022-03-29 14:49,11,24.29,51.02
2022-03-29 14:50,2,23.94,46.53
2022-03-29 14:51,6,23.94,46.94
2022-03-29 14:52,1,23.94,60.41
2022-03-29 14:54,7,23.94,45.31
2022-03-29 14:55,2,23.94,46.53
2022-03-29 14:59,4,24.63,64.08
2022-03-29 15:00,2,23.94,46.53
2022-03-29 15:00,3,24.63,48.57
2022-03-29 15:02,12,24.63,49.39
2022-03-29 15:04,5,23.59,53.06
2022-03-29 15:04,9,24.63,48.98
2022-03-29 15:05,2,23.94,46.53
2022-03-29 15:09,11,24.29,51.02
2022-03-29 15:10,2,23.94,46.53
2022-03-29 15:11,6,24.29,46.53
2022-03-29 15:12,1,23.94,60.41
2022-03-29 15:13,8,24.63,46.94
2022-03-29 15:14,7,23.94,44.9
2022-03-29 15:15,2,23.94,46.53
2022-03-29 15:19,4,24.98,63.67
2022-03-29 15:20,2,23.94,46.53
2022-03-29 15:20,3,24.98,48.16
2022-03-29 15:20,10,24.98,51.43
2022-03-29 15:21,12,24.63,49.39
2022-03-29 15:24,5,23.94,52.65
2022-03-29 15:24,9,24.63,48.57
2022-03-29 15:25,2,23.94,46.94
2022-03-29 15:29,11,24.63,50.61
2022-03-29 15:30,2,24.29,46.94
2022-03-29 15:31,6,24.29,46.53
2022-03-29 15:32,1,23.94,60.41
2022-03-29 15:33,8,24.98,47.35
2022-03-29 15:34,7,24.29,44.9
2022-03-29 15:35,2,24.29,46.94
2022-03-29 15:39,4,25.33,63.67
2022-03-29 15:40,2,24.29,46.94
2022-03-29 15:40,3,25.33,48.16
2022-03-29 15:40,10,25.33,51.84
2022-03-29 15:41,12,24.63,49.39
2022-03-29 15:44,5,23.94,52.65
2022-03-29 15:44,9,24.98,48.57
2022-03-29 15:45,2,24.29,46.94
2022-03-29 15:49,11,24.63,50.61
2022-03-29 15:50,2,24.29,47.35
2022-03-29 15:51,6,24.29,46.53
2022-03-29 15:52,1,24.29,60.41
2022-03-29 15:53,7,24.29,44.9
2022-03-29 15:53,8,24.98,47.35
2022-03-29 15:55,2,24.29,46.53
2022-03-29 15:59,4,25.33,63.67
2022-03-29 16:00,2,24.29,46.53
2022-03-29 16:00,3,25.33,48.16
2022-03-29 16:00,10,25.33,51.84
2022-03-29 16:01,12,24.98,48.98
2022-03-29 16:04,5,24.29,52.65
2022-03-29 16:04,9,24.98,48.57
2022-03-29 16:05,2,24.29,46.12
2022-03-29 16:08,11,24.98,51.02
2022-03-29 16:10,2,24.29,46.53
2022-03-29 16:11,6,24.63,46.12
2022-03-29 16:12,1,24.29,60.41
2022-03-29 16:13,7,24.29,44.9
2022-03-29 16:13,8,25.33,47.35
2022-03-29 16:15,2,24.29,46.53
2022-03-29 16:19,3,25.33,48.16
2022-03-29 16:19,4,25.67,63.67
2022-03-29 16:20,2,24.29,46.53
2022-03-29 16:20,10,25.67,51.84
2022-03-29 16:23,5,24.29,52.24
2022-03-29 16:24,9,24.98,48.57
2022-03-29 16:25,2,24.63,46.53
2022-03-29 16:28,11,25.33,50.61
2022-03-29 16:30,2,24.63,46.53
2022-03-29 16:31,6,24.63,46.12
2022-03-29 16:32,1,24.29,60.41
2022-03-29 16:33,7,24.63,44.49
2022-03-29 16:33,8,25.33,47.35
2022-03-29 16:35,2,24.63,46.53
2022-03-29 16:39,3,25.67,48.16
2022-03-29 16:39,4,25.67,63.67
2022-03-29 16:40,2,24.63,46.53
2022-03-29 16:40,10,25.67,51.43
2022-03-29 16:41,12,24.98,48.98
2022-03-29 16:43,5,24.29,51.84
2022-03-29 16:44,9,25.33,48.57
2022-03-29 16:45,2,24.63,46.53
2022-03-29 16:48,11,25.33,51.02
2022-03-29 16:50,2,24.63,46.53
2022-03-29 16:51,6,24.63,46.12
2022-03-29 16:52,1,24.63,60.41
2022-03-29 16:53,7,24.63,44.49
2022-03-29 16:53,8,25.33,46.94
2022-03-29 16:55,2,24.63,46.53
2022-03-29 16:59,3,25.67,48.16
2022-03-29 16:59,4,26.02,63.67
2022-03-29 17:00,2,24.63,46.12
2022-03-29 17:00,10,26.02,51.43
2022-03-29 17:03,5,24.63,51.84
2022-03-29 17:04,9,25.33,48.57
2022-03-29 17:05,2,24.63,46.12
2022-03-29 17:08,11,25.67,50.61
2022-03-29 17:10,2,24.63,46.12
2022-03-29 17:11,6,24.98,46.12
2022-03-29 17:12,1,24.63,60.41
2022-03-29 17:13,7,24.63,44.08
2022-03-29 17:13,8,25.67,46.94
2022-03-29 17:15,2,24.63,46.12
2022-03-29 17:19,4,26.02,63.67
2022-03-29 17:20,2,24.98,46.12
2022-03-29 17:20,10,26.37,51.43
2022-03-29 17:21,12,25.33,48.98
2022-03-29 17:23,5,24.63,52.65
2022-03-29 17:24,9,25.33,48.57
2022-03-29 17:25,2,24.98,46.12
2022-03-29 17:28,11,25.67,50.61
2022-03-29 17:30,2,24.98,46.12
2022-03-29 17:32,1,24.63,60
2022-03-29 17:33,7,24.98,44.08
2022-03-29 17:33,8,25.67,46.94
2022-03-29 17:35,2,24.98,46.12
2022-03-29 17:39,3,26.02,47.76
2022-03-29 17:39,4,26.37,63.67
2022-03-29 17:40,2,24.98,46.12
2022-03-29 17:40,10,26.37,51.43
2022-03-29 17:41,12,25.33,48.98
2022-03-29 17:43,5,24.98,52.24
2022-03-29 17:43,9,25.67,48.57
2022-03-29 17:45,2,24.98,46.12
2022-03-29 17:48,11,26.02,50.61
2022-03-29 17:51,1,24.98,60
2022-03-29 17:51,2,24.98,46.12
2022-03-29 17:51,6,24.98,45.71
2022-03-29 17:53,7,24.98,44.08
2022-03-29 17:53,8,26.02,46.94
2022-03-29 17:58,4,26.37,63.27
2022-03-29 17:59,3,26.02,48.16
2022-03-29 18:00,10,26.37,51.43
2022-03-29 18:01,2,24.98,46.12
2022-03-29 18:01,12,21.86,48.98
2022-03-29 18:03,5,24.98,52.24
2022-03-29 18:03,9,25.67,48.57
2022-03-29 18:06,2,24.98,46.12
2022-03-29 18:08,11,26.02,50.61
2022-03-29 18:11,1,24.98,60
2022-03-29 18:11,2,24.98,46.12
2022-03-29 18:11,6,25.33,45.71
2022-03-29 18:13,7,24.98,44.08
2022-03-29 18:13,8,26.02,46.94
2022-03-29 18:16,2,24.98,46.12
2022-03-29 18:18,4,26.37,63.27
2022-03-29 18:19,3,26.02,48.16
2022-03-29 18:21,2,24.98,46.12
2022-03-29 18:23,5,24.98,51.84
2022-03-29 18:23,9,26.02,48.57
2022-03-29 18:26,2,24.98,46.12
2022-03-29 18:28,11,26.02,50.61
2022-03-29 18:31,1,24.98,60
2022-03-29 18:31,2,24.98,46.12
2022-03-29 18:31,6,25.33,45.71
2022-03-29 18:32,8,26.02,46.53
2022-03-29 18:33,7,24.98,43.67
2022-03-29 18:38,4,26.37,63.27
2022-03-29 18:39,3,26.02,48.16
2022-03-29 18:40,10,26.71,51.43
2022-03-29 18:41,2,24.98,46.12
2022-03-29 18:43,5,25.33,52.24
2022-03-29 18:43,9,26.02,48.57
2022-03-29 18:46,2,24.98,46.12
2022-03-29 18:48,11,26.02,50.61
2022-03-29 18:51,1,24.98,60
2022-03-29 18:51,2,25.33,46.12
2022-03-29 18:51,6,25.67,45.71
2022-03-29 18:52,8,26.02,46.94
2022-03-29 18:53,7,25.33,43.67
2022-03-29 18:56,2,25.33,46.12
2022-03-29 18:58,4,26.71,63.27
2022-03-29 18:59,3,26.02,48.16
2022-03-29 19:00,12,25.67,48.98
2022-03-29 19:01,2,25.33,46.12
2022-03-29 19:03,5,25.33,52.24
2022-03-29 19:03,9,26.02,48.57
2022-03-29 19:06,2,25.33,46.12
2022-03-29 19:08,11,26.02,50.61
2022-03-29 19:10,6,25.67,45.31
2022-03-29 19:11,1,25.33,60
2022-03-29 19:11,2,25.33,46.12
2022-03-29 19:12,8,26.37,46.53
2022-03-29 19:13,7,25.33,43.67
2022-03-29 19:16,2,25.33,46.12
2022-03-29 19:18,4,26.71,63.27
2022-03-29 19:19,3,26.02,48.16
2022-03-29 19:19,10,27.06,51.02
2022-03-29 19:21,2,25.33,46.12
2022-03-29 19:23,5,25.33,52.24
2022-03-29 19:23,9,26.37,48.57
2022-03-29 19:26,2,25.33,46.12
2022-03-29 19:28,11,26.37,50.61
2022-03-29 19:30,6,25.67,45.31
2022-03-29 19:31,1,25.33,60
2022-03-29 19:31,2,25.33,46.12
2022-03-29 19:32,7,25.33,43.67
2022-03-29 19:32,8,26.37,46.53
2022-03-29 19:36,2,25.33,46.12
2022-03-29 19:38,4,26.71,63.27
2022-03-29 19:39,3,26.37,47.76
2022-03-29 19:39,10,27.06,51.02
2022-03-29 19:40,12,26.02,48.57
2022-03-29 19:41,2,25.33,46.12
2022-03-29 19:42,5,25.33,52.24
2022-03-29 19:43,9,26.37,48.57
2022-03-29 19:46,2,25.33,46.12
2022-03-29 19:47,11,26.37,50.61
2022-03-29 19:50,6,25.67,45.71
2022-03-29 19:51,1,25.33,60
2022-03-29 19:51,2,25.33,46.12
2022-03-29 19:52,7,25.67,43.67
2022-03-29 19:52,8,26.37,46.53
2022-03-29 19:56,2,25.33,46.12
2022-03-29 19:58,3,26.37,48.16
2022-03-29 19:58,4,26.71,63.27
2022-03-29 19:59,10,27.06,51.43
2022-03-29 20:00,12,26.02,48.98
2022-03-29 20:01,2,25.67,46.12
2022-03-29 20:02,5,25.67,52.24
2022-03-29 20:03,9,26.37,48.16
2022-03-29 20:06,2,25.67,46.12
2022-03-29 20:07,11,26.37,50.2
2022-03-29 20:10,6,26.02,45.31
2022-03-29 20:11,1,25.33,60
2022-03-29 20:11,2,25.67,46.12
2022-03-29 20:12,7,25.67,43.27
2022-03-29 20:12,8,26.37,46.53
2022-03-29 20:18,3,26.37,48.16
2022-03-29 20:18,4,26.71,62.86
2022-03-29 20:19,10,27.06,51.02
2022-03-29 20:20,12,26.02,48.98
2022-03-29 20:21,2,25.67,46.12
2022-03-29 20:22,5,25.67,52.24
2022-03-29 20:23,9,26.71,48.16
2022-03-29 20:26,2,25.67,45.71
2022-03-29 20:27,11,26.37,50.61
2022-03-29 20:30,6,26.02,45.31
2022-03-29 20:31,1,25.67,60
2022-03-29 20:31,2,25.67,46.12
2022-03-29 20:32,7,25.67,43.27
2022-03-29 20:32,8,26.37,46.53
2022-03-29 20:36,2,25.67,46.12
2022-03-29 20:38,3,26.37,47.76
2022-03-29 20:38,4,26.71,62.86
2022-03-29 20:39,10,27.06,51.02
2022-03-29 20:40,12,26.37,48.98
2022-03-29 20:41,2,25.67,46.12
2022-03-29 20:42,5,25.67,52.24
2022-03-29 20:42,9,26.71,48.16
2022-03-29 20:46,2,25.67,46.12
2022-03-29 20:47,11,26.37,50.2
2022-03-29 20:50,1,25.67,60
2022-03-29 20:50,6,26.02,45.31
2022-03-29 20:51,2,25.67,46.12
2022-03-29 20:52,7,25.67,43.27
2022-03-29 20:52,8,26.37,46.53
2022-03-29 20:56,2,25.67,46.12
2022-03-29 20:58,3,26.37,48.16
2022-03-29 20:58,4,26.71,63.27
2022-03-29 21:00,12,26.37,49.39
2022-03-29 21:01,2,25.67,45.71
2022-03-29 21:02,5,25.67,52.65
2022-03-29 21:02,9,26.71,48.16
2022-03-29 21:06,2,25.67,45.71
2022-03-29 21:07,11,26.37,50.2
2022-03-29 21:10,1,25.67,60
2022-03-29 21:10,6,26.02,45.31
2022-03-29 21:11,2,25.67,46.12
2022-03-29 21:12,7,25.67,43.27
2022-03-29 21:12,8,26.37,46.53
2022-03-29 21:16,2,25.67,46.12
2022-03-29 21:18,3,26.37,47.76
2022-03-29 21:18,4,26.71,62.86
2022-03-29 21:19,10,27.06,51.02
2022-03-29 21:21,2,25.67,45.71
2022-03-29 21:22,5,25.67,52.65
2022-03-29 21:22,9,26.71,48.16
2022-03-29 21:26,2,25.67,46.12
2022-03-29 21:27,11,26.37,50.2
2022-03-29 21:30,1,25.67,60
2022-03-29 21:30,6,26.02,45.31
2022-03-29 21:31,2,25.67,45.71
2022-03-29 21:32,7,26.02,43.27
2022-03-29 21:32,8,26.37,46.53
2022-03-29 21:36,2,25.67,46.12
2022-03-29 21:37,4,26.71,63.27
2022-03-29 21:38,3,26.37,47.76
2022-03-29 21:40,12,26.37,49.39
2022-03-29 21:41,2,25.67,45.71
2022-03-29 21:42,5,25.67,53.06
2022-03-29 21:42,9,26.71,48.16
2022-03-29 21:46,2,25.67,46.12
2022-03-29 21:47,11,26.37,50.2
2022-03-29 21:50,1,25.67,60
2022-03-29 21:50,6,26.02,45.31
2022-03-29 21:51,2,25.67,46.12
2022-03-29 21:51,8,26.37,46.53
2022-03-29 21:52,7,26.02,43.27
2022-03-29 21:57,4,26.71,63.67
2022-03-29 21:58,3,26.37,48.16
2022-03-29 21:59,10,27.06,51.02
2022-03-29 21:59,12,26.37,49.39
2022-03-29 22:01,2,25.67,46.12
2022-03-29 22:02,5,25.67,52.65
2022-03-29 22:02,9,26.71,48.16
2022-03-29 22:06,2,25.67,46.12
2022-03-29 22:07,11,26.37,50.2
2022-03-29 22:10,1,25.33,60
2022-03-29 22:10,6,26.02,45.31
2022-03-29 22:11,2,25.67,46.12
2022-03-29 22:11,8,26.37,46.53
2022-03-29 22:12,7,26.02,43.27
2022-03-29 22:16,2,25.67,46.12
2022-03-29 22:17,4,26.71,63.27
2022-03-29 22:18,3,26.37,47.76
2022-03-29 22:19,10,27.06,51.02
2022-03-29 22:19,12,26.37,49.8
2022-03-29 22:21,2,25.67,45.71
2022-03-29 22:22,5,25.67,52.65
2022-03-29 22:22,9,26.37,48.16
2022-03-29 22:26,2,25.67,46.12
2022-03-29 22:27,11,26.37,50.2
2022-03-29 22:30,1,25.33,60
2022-03-29 22:30,6,26.02,45.31
2022-03-29 22:31,2,25.67,46.12
2022-03-29 22:31,7,26.02,43.27
2022-03-29 22:31,8,26.37,46.12
2022-03-29 22:36,2,25.67,46.12
2022-03-29 22:37,4,26.71,63.67
2022-03-29 22:38,3,26.37,47.76
2022-03-29 22:38,10,27.06,51.02
2022-03-29 22:39,12,26.37,49.8
2022-03-29 22:41,2,25.67,46.12
2022-03-29 22:42,5,25.67,52.65
2022-03-29 22:42,9,26.37,48.16
2022-03-29 22:46,2,25.67,46.12
2022-03-29 22:46,11,26.37,50.2
2022-03-29 22:49,6,26.02,45.31
2022-03-29 22:50,1,25.33,59.59
2022-03-29 22:51,2,25.67,46.12
2022-03-29 22:51,7,26.02,43.27
2022-03-29 22:51,8,26.37,46.12
2022-03-29 22:56,2,25.67,46.12
2022-03-29 22:57,4,26.71,63.67
2022-03-29 22:58,3,26.37,47.76
2022-03-29 22:58,10,27.06,51.02
2022-03-29 22:59,12,26.37,49.8
2022-03-29 23:01,2,25.67,46.12
2022-03-29 23:01,5,25.67,53.06
2022-03-29 23:02,9,26.37,48.16
2022-03-29 23:06,2,25.67,46.12
2022-03-29 23:06,11,26.37,50.2
2022-03-29 23:09,6,26.02,45.31
2022-03-29 23:10,1,25.33,59.59
2022-03-29 23:11,2,25.67,46.12
2022-03-29 23:11,7,26.02,43.27
2022-03-29 23:11,8,26.37,46.12
2022-03-29 23:16,2,25.67,46.12
2022-03-29 23:17,3,26.02,47.76
2022-03-29 23:17,4,26.71,63.67
2022-03-29 23:18,10,27.06,51.02
2022-03-29 23:19,12,26.37,49.8
2022-03-29 23:21,2,25.67,46.12
2022-03-29 23:21,5,25.67,53.06
2022-03-29 23:21,9,26.37,48.16
2022-03-29 23:26,2,25.67,46.12
2022-03-29 23:26,11,26.37,50.2
2022-03-29 23:29,6,26.02,45.31
2022-03-29 23:30,1,25.33,60
2022-03-29 23:31,2,25.67,46.53
2022-03-29 23:31,7,26.02,43.27
2022-03-29 23:31,8,26.37,46.12
2022-03-29 23:36,2,25.67,46.53
2022-03-29 23:37,3,26.02,47.76
2022-03-29 23:38,10,26.71,51.02
2022-03-29 23:41,2,25.67,46.53
2022-03-29 23:41,5,25.67,53.47
2022-03-29 23:41,9,26.37,47.76
2022-03-29 23:46,2,25.67,46.53
2022-03-29 23:46,11,26.02,50.2
2022-03-29 23:49,6,25.67,45.31
2022-03-29 23:50,1,25.33,59.59
2022-03-29 23:51,2,25.67,46.53
2022-03-29 23:51,7,25.67,43.27
2022-03-29 23:51,8,26.37,46.53
2022-03-29 23:56,2,25.67,46.53
2022-03-29 23:57,3,26.02,47.35
2022-03-29 23:57,4,26.37,63.67
2022-03-29 23:58,10,26.71,51.02
2022-03-29 23:59,12,26.37,49.8
2022-03-30 00:01,2,25.67,46.53
2022-03-30 00:01,5,25.33,53.88
2022-03-30 00:01,9,26.37,47.76
2022-03-30 00:06,2,25.67,46.53
2022-03-30 00:06,11,26.02,50.2
2022-03-30 00:09,1,25.33,59.59
2022-03-30 00:11,2,25.67,46.53
2022-03-30 00:11,7,25.67,43.67
2022-03-30 00:11,8,26.37,46.12
2022-03-30 00:16,2,25.67,46.53
2022-03-30 00:17,3,26.02,47.76
2022-03-30 00:17,4,26.37,63.27
2022-03-30 00:21,2,25.33,46.53
2022-03-30 00:21,5,25.33,53.47
2022-03-30 00:21,9,26.02,47.76
2022-03-30 00:26,2,25.33,46.53
2022-03-30 00:26,11,26.02,50.2
2022-03-30 00:29,1,25.33,59.59
2022-03-30 00:29,6,25.67,45.31
2022-03-30 00:31,2,25.33,46.94
2022-03-30 00:31,7,25.67,43.27
2022-03-30 00:31,8,26.02,46.12
2022-03-30 00:36,2,25.33,46.53
2022-03-30 00:37,3,26.02,47.35
2022-03-30 00:37,4,26.37,63.27
2022-03-30 00:38,10,26.71,51.02
2022-03-30 00:39,12,26.37,50.2
2022-03-30 00:41,2,25.33,46.53
2022-03-30 00:41,5,25.33,53.06
2022-03-30 00:41,9,26.02,47.76
2022-03-30 00:46,2,25.33,46.94
2022-03-30 00:46,11,26.02,50.2
2022-03-30 00:49,1,25.33,59.59
2022-03-30 00:49,6,25.67,45.31
2022-03-30 00:51,2,25.33,46.53
2022-03-30 00:51,7,25.67,43.27
2022-03-30 00:51,8,26.02,46.53
2022-03-30 00:56,2,25.33,46.53
2022-03-30 00:57,3,26.02,47.76
2022-03-30 00:57,4,26.37,63.27
2022-03-30 00:58,10,26.71,51.02
2022-03-30 00:59,12,26.02,50.2
2022-03-30 01:01,2,25.33,46.94
2022-03-30 01:01,5,25.33,53.47
2022-03-30 01:01,9,26.02,47.76
2022-03-30 01:06,2,25.33,46.53
2022-03-30 01:06,11,26.02,50.2
2022-03-30 01:09,1,25.33,59.59
2022-03-30 01:09,6,25.67,45.31
2022-03-30 01:11,2,25.33,46.53
2022-03-30 01:11,7,25.67,43.27
2022-03-30 01:11,8,26.02,46.12
2022-03-30 01:16,2,25.33,46.94
2022-03-30 01:16,4,26.37,63.27
2022-03-30 01:17,3,25.67,47.35
2022-03-30 01:18,10,26.71,51.02
2022-03-30 01:18,12,26.02,50.2
2022-03-30 01:21,2,25.33,46.53
2022-03-30 01:21,5,25.33,53.06
2022-03-30 01:21,9,26.02,47.76
2022-03-30 01:26,11,26.02,50.2
2022-03-30 01:27,2,25.33,46.94
2022-03-30 01:29,1,25.33,59.59
2022-03-30 01:29,6,25.67,45.31
2022-03-30 01:30,8,26.02,46.12
2022-03-30 01:31,7,25.67,43.27
2022-03-30 01:32,2,25.33,46.53
2022-03-30 01:36,4,26.02,62.86
2022-03-30 01:37,2,25.33,46.53
2022-03-30 01:37,3,25.67,47.35
2022-03-30 01:38,12,26.02,50.2
2022-03-30 01:41,5,25.33,53.06
2022-03-30 01:41,9,26.02,47.76
2022-03-30 01:42,2,25.33,46.53
2022-03-30 01:46,11,25.67,50.2
2022-03-30 01:47,2,25.33,46.94
2022-03-30 01:49,1,25.33,59.59
2022-03-30 01:49,6,25.67,45.31
2022-03-30 01:50,7,25.67,43.27
2022-03-30 01:50,8,26.02,46.12
2022-03-30 01:52,2,25.33,46.53
2022-03-30 01:56,4,26.02,63.27
2022-03-30 01:57,2,25.33,46.94
2022-03-30 01:57,3,25.67,47.76
2022-03-30 01:58,10,26.37,51.02
2022-03-30 01:58,12,26.02,50.2
2022-03-30 02:01,5,25.33,53.06
2022-03-30 02:01,9,26.02,47.76
2022-03-30 02:02,2,25.33,46.94
2022-03-30 02:06,11,25.67,50.2
2022-03-30 02:07,2,25.33,46.94
2022-03-30 02:09,1,25.33,59.59
2022-03-30 02:09,6,25.67,45.31
2022-03-30 02:10,7,25.67,43.27
2022-03-30 02:10,8,26.02,46.12
2022-03-30 02:12,2,25.33,46.94
2022-03-30 02:16,4,26.02,63.27
2022-03-30 02:17,3,25.67,47.35
2022-03-30 02:18,10,26.37,51.02
2022-03-30 02:20,5,25.33,53.06
2022-03-30 02:21,9,25.67,47.76
2022-03-30 02:22,2,25.33,46.94
2022-03-30 02:25,11,25.67,50.2
2022-03-30 02:27,2,25.33,46.94
2022-03-30 02:29,1,25.33,59.59
2022-03-30 02:29,6,25.33,45.31
2022-03-30 02:30,7,25.67,43.67
2022-03-30 02:30,8,26.02,46.12
2022-03-30 02:32,2,25.33,46.94
2022-03-30 02:36,3,25.67,47.35
2022-03-30 02:36,4,26.02,63.27
2022-03-30 02:37,2,25.33,46.53
2022-03-30 02:38,10,26.37,51.02
2022-03-30 02:38,12,26.02,50.61
2022-03-30 02:40,5,24.98,52.65
2022-03-30 02:41,9,25.67,47.76
2022-03-30 02:42,2,25.33,46.53
2022-03-30 02:45,11,25.67,50.2
2022-03-30 02:47,2,25.33,46.94
2022-03-30 02:48,6,25.33,45.31
2022-03-30 02:49,1,25.33,59.59
2022-03-30 02:50,7,25.67,43.67
2022-03-30 02:50,8,26.02,46.12
2022-03-30 02:52,2,25.33,46.53
2022-03-30 02:56,3,25.67,47.35
2022-03-30 02:56,4,26.02,63.27
2022-03-30 02:57,2,25.33,46.94
2022-03-30 02:57,10,26.37,51.02
2022-03-30 03:00,5,24.98,53.06
2022-03-30 03:00,9,25.67,47.76
2022-03-30 03:02,2,25.33,46.94
2022-03-30 03:05,11,25.67,50.2
2022-03-30 03:07,2,25.33,46.94
2022-03-30 03:08,6,25.33,45.31
2022-03-30 03:09,1,25.33,59.59
2022-03-30 03:10,7,25.33,43.27
2022-03-30 03:10,8,25.67,46.12
2022-03-30 03:12,2,25.33,46.94
2022-03-30 03:16,3,25.67,47.35
2022-03-30 03:16,4,26.02,63.67
2022-03-30 03:17,2,25.33,46.94
2022-03-30 03:17,10,26.37,51.02
2022-03-30 03:18,12,26.02,50.61
2022-03-30 03:20,5,24.98,52.65
2022-03-30 03:20,9,25.67,47.76
2022-03-30 03:22,2,25.33,46.94
2022-03-30 03:25,11,25.67,50.2
2022-03-30 03:27,2,25.33,46.53
2022-03-30 03:28,1,24.98,59.59
2022-03-30 03:28,6,25.33,45.31
2022-03-30 03:30,7,25.33,43.67
2022-03-30 03:30,8,25.67,46.53
2022-03-30 03:32,2,25.33,46.94
2022-03-30 03:36,3,25.67,47.76
2022-03-30 03:36,4,25.67,63.67
2022-03-30 03:37,2,25.33,46.94
2022-03-30 03:37,10,26.37,51.02
2022-03-30 03:38,12,25.67,50.61
2022-03-30 03:40,5,24.98,52.65
2022-03-30 03:40,9,25.67,47.76
2022-03-30 03:42,2,25.33,46.94
2022-03-30 03:45,11,25.67,50.2
2022-03-30 03:47,2,25.33,46.94
2022-03-30 03:48,1,24.98,59.59
2022-03-30 03:48,6,25.33,45.71
2022-03-30 03:50,7,25.33,43.27
2022-03-30 03:50,8,25.67,46.12
2022-03-30 03:52,2,25.33,46.94
2022-03-30 03:56,3,25.67,47.35
2022-03-30 03:56,4,25.67,63.27
2022-03-30 03:57,2,25.33,46.53
2022-03-30 03:57,10,26.02,51.02
2022-03-30 03:58,12,25.67,50.61
2022-03-30 04:00,5,24.98,52.65
2022-03-30 04:00,9,25.67,47.76
2022-03-30 04:02,2,25.33,46.53
2022-03-30 04:05,11,25.67,50.2
2022-03-30 04:08,1,24.98,59.59
2022-03-30 04:08,6,25.33,45.71
2022-03-30 04:10,7,25.33,43.27
2022-03-30 04:10,8,25.67,46.53
2022-03-30 04:12,2,25.33,46.94
2022-03-30 04:16,3,25.67,47.35
2022-03-30 04:16,4,25.67,63.27
2022-03-30 04:17,2,25.33,46.94
2022-03-30 04:17,10,26.02,51.02
2022-03-30 04:18,12,25.67,50.61
2022-03-30 04:20,5,24.98,52.65
2022-03-30 04:20,9,25.67,47.76
2022-03-30 04:22,2,25.33,46.94
2022-03-30 04:25,11,25.67,50.2
2022-03-30 04:27,2,24.98,46.94
2022-03-30 04:28,1,24.98,59.59
2022-03-30 04:28,6,25.33,45.71
2022-03-30 04:30,7,25.33,43.67
2022-03-30 04:30,8,25.67,46.12
2022-03-30 04:32,2,24.98,46.53
2022-03-30 04:36,3,25.33,47.35
2022-03-30 04:36,4,25.67,63.27
2022-03-30 04:37,2,24.98,46.94
2022-03-30 04:37,10,26.02,51.02
2022-03-30 04:40,5,24.98,53.06
2022-03-30 04:40,9,25.67,47.76
2022-03-30 04:42,2,24.98,46.94
2022-03-30 04:45,11,25.33,50.2
2022-03-30 04:47,2,24.98,46.94
2022-03-30 04:48,1,24.98,59.59
2022-03-30 04:48,6,25.33,45.71
2022-03-30 04:50,7,25.33,43.67
2022-03-30 04:50,8,25.67,46.12
2022-03-30 04:52,2,24.98,46.94
2022-03-30 04:56,3,25.33,47.76
2022-03-30 04:57,2,24.98,46.94
2022-03-30 04:57,10,26.02,51.02
2022-03-30 04:57,12,25.67,51.02
2022-03-30 05:00,5,24.98,52.65
2022-03-30 05:00,9,25.33,47.76
2022-03-30 05:02,2,24.98,46.94
2022-03-30 05:05,11,25.33,50.2
2022-03-30 05:07,2,24.98,46.94
2022-03-30 05:08,1,24.98,59.59
2022-03-30 05:08,6,25.33,45.71
2022-03-30 05:09,7,25.33,43.67
2022-03-30 05:09,8,25.67,46.12
2022-03-30 05:12,2,24.98,46.94
2022-03-30 05:16,3,25.33,47.35
2022-03-30 05:17,2,24.98,46.94
2022-03-30 05:17,12,25.67,50.61
2022-03-30 05:20,9,25.33,47.76
2022-03-30 05:22,2,24.98,46.94
2022-03-30 05:25,11,25.33,50.2
2022-03-30 05:27,2,24.98,46.94
2022-03-30 05:28,6,25.33,45.71
2022-03-30 05:29,7,25.33,43.67
2022-03-30 05:29,8,25.67,46.12
2022-03-30 05:32,2,24.98,46.94
2022-03-30 05:36,3,25.33,47.35
2022-03-30 05:37,2,24.98,46.94
2022-03-30 05:37,12,25.67,51.02
2022-03-30 05:40,5,24.98,53.06
2022-03-30 05:40,9,25.33,47.76
2022-03-30 05:42,2,24.98,46.94
2022-03-30 05:44,11,25.33,50.2
2022-03-30 05:47,2,24.98,46.94
2022-03-30 05:48,6,25.33,46.12
2022-03-30 05:49,7,25.33,43.27
2022-03-30 05:49,8,25.67,46.12
2022-03-30 05:52,2,24.98,46.94
2022-03-30 05:55,4,25.67,63.27
2022-03-30 05:56,3,25.33,47.35
2022-03-30 05:57,2,24.98,46.94
2022-03-30 05:57,10,25.67,51.02
2022-03-30 05:57,12,25.67,51.02
2022-03-30 05:59,5,24.98,53.06
2022-03-30 06:00,9,25.33,47.76
2022-03-30 06:02,2,24.98,46.94
2022-03-30 06:04,11,25.33,50.2
2022-03-30 06:07,2,24.98,46.94
2022-03-30 06:08,1,24.98,59.59
2022-03-30 06:08,6,24.98,46.12
2022-03-30 06:09,7,25.33,43.67
2022-03-30 06:09,8,25.67,46.12
2022-03-30 06:12,2,24.98,46.94
2022-03-30 06:15,3,25.33,47.35
2022-03-30 06:15,4,25.33,63.27
2022-03-30 06:17,2,24.98,46.94
2022-03-30 06:17,10,25.67,51.02
2022-03-30 06:17,12,25.67,51.02
2022-03-30 06:19,5,24.63,53.06
2022-03-30 06:19,9,25.33,47.76
2022-03-30 06:22,2,24.98,46.94
2022-03-30 06:24,11,25.33,50.2
2022-03-30 06:27,2,24.98,46.53
2022-03-30 06:28,1,24.98,59.59
2022-03-30 06:28,6,24.98,45.71
2022-03-30 06:29,7,25.33,43.67
2022-03-30 06:29,8,25.33,46.12
2022-03-30 06:32,2,24.98,46.94
2022-03-30 06:35,3,25.33,47.35
2022-03-30 06:35,4,25.33,63.27
2022-03-30 06:37,2,24.98,46.94
2022-03-30 06:37,10,25.67,51.02
2022-03-30 06:39,5,24.63,53.06
2022-03-30 06:39,9,25.33,47.35
2022-03-30 06:42,2,24.98,46.94
2022-03-30 06:44,11,25.33,50.2
2022-03-30 06:47,1,24.98,59.59
2022-03-30 06:47,2,24.98,46.94
2022-03-30 06:48,6,24.98,46.12
2022-03-30 06:49,7,24.98,43.67
2022-03-30 06:49,8,25.33,46.12
2022-03-30 06:52,2,24.98,46.94
2022-03-30 06:55,3,25.33,47.35
2022-03-30 06:55,4,25.33,63.27
2022-03-30 06:56,10,25.67,51.02
2022-03-30 06:57,2,24.98,46.94
2022-03-30 06:57,12,25.33,51.02
2022-03-30 06:59,5,24.63,53.06
2022-03-30 06:59,9,25.33,47.76
2022-03-30 07:02,2,24.98,46.94
2022-03-30 07:04,11,25.33,50.2
2022-03-30 07:07,1,24.98,59.59
2022-03-30 07:07,2,24.98,46.94
2022-03-30 07:07,6,24.98,46.12
2022-03-30 07:09,7,24.98,43.67
2022-03-30 07:09,8,25.33,46.12
2022-03-30 07:12,2,24.98,46.94
2022-03-30 07:15,3,25.33,47.35
2022-03-30 07:15,4,25.33,63.27
2022-03-30 07:17,2,24.98,46.94
2022-03-30 07:17,12,25.33,51.02
2022-03-30 07:19,5,24.63,53.06
2022-03-30 07:19,9,25.33,47.76
2022-03-30 07:22,2,24.98,46.94
2022-03-30 07:24,11,25.33,50.2
2022-03-30 07:27,1,24.98,59.18
2022-03-30 07:27,2,24.98,46.94
2022-03-30 07:27,6,24.98,46.12
2022-03-30 07:29,7,24.98,43.67
2022-03-30 07:29,8,25.33,46.12
2022-03-30 07:32,2,24.98,46.94
2022-03-30 07:35,3,25.33,47.35
2022-03-30 07:35,4,25.33,62.86
2022-03-30 07:37,2,24.98,46.94
2022-03-30 07:37,12,25.33,51.02
2022-03-30 07:39,5,24.63,53.06
2022-03-30 07:39,9,25.33,47.76
2022-03-30 07:42,2,24.98,46.94
2022-03-30 07:44,11,24.98,50.2
2022-03-30 07:47,1,24.98,59.18
2022-03-30 07:47,2,24.98,46.94
2022-03-30 07:49,7,24.98,43.67
2022-03-30 07:55,3,24.98,47.35
2022-03-30 07:55,4,25.33,63.27
2022-03-30 07:56,10,25.33,51.02
2022-03-30 07:57,2,24.98,46.53
2022-03-30 07:59,5,24.63,53.06
2022-03-30 07:59,9,24.98,47.76
2022-03-30 08:02,2,24.98,46.53
2022-03-30 08:04,11,24.98,50.2
2022-03-30 08:07,1,24.63,59.18
2022-03-30 08:07,2,24.98,46.53
2022-03-30 08:07,6,24.98,46.12
2022-03-30 08:09,7,24.98,43.67
2022-03-30 08:09,8,25.33,45.71
2022-03-30 08:12,2,24.63,46.53
2022-03-30 08:15,3,24.98,47.35
2022-03-30 08:15,4,25.33,63.27
2022-03-30 08:16,10,25.33,51.02
2022-03-30 08:17,2,24.63,46.53
2022-03-30 08:17,12,25.33,51.43
2022-03-30 08:19,5,24.63,53.06
2022-03-30 08:19,9,24.98,47.76
2022-03-30 08:22,2,24.63,46.53
2022-03-30 08:24,11,24.98,50.2
2022-03-30 08:27,2,24.63,46.53
2022-03-30 08:27,6,24.98,46.12
2022-03-30 08:29,7,24.98,43.67
2022-03-30 08:29,8,25.33,46.12
2022-03-30 08:32,2,24.63,46.53
2022-03-30 08:34,4,25.33,63.27
2022-03-30 08:35,3,24.98,47.35
2022-03-30 08:36,10,25.33,51.02
2022-03-30 08:36,12,25.33,51.43
2022-03-30 08:37,2,24.63,46.53
2022-03-30 08:39,5,24.63,53.88
2022-03-30 08:39,9,24.98,47.35
2022-03-30 08:42,2,24.63,46.53
2022-03-30 08:44,11,24.98,50.2
2022-03-30 08:47,1,24.63,59.59
2022-03-30 08:47,2,24.63,46.53
2022-03-30 08:47,6,24.98,46.12
2022-03-30 08:48,7,24.98,43.67
2022-03-30 08:48,8,25.33,46.12
2022-03-30 08:52,2,24.63,46.53
2022-03-30 08:54,4,25.33,63.27
2022-03-30 08:55,3,24.98,47.76
2022-03-30 08:56,10,25.33,51.02
2022-03-30 08:56,12,25.33,51.43
2022-03-30 08:57,2,24.63,46.12
2022-03-30 08:59,5,24.63,53.88
2022-03-30 08:59,9,24.98,47.35
2022-03-30 09:02,2,24.63,46.53
2022-03-30 09:03,11,24.98,50.2
2022-03-30 09:07,1,24.63,59.18
2022-03-30 09:07,2,24.63,46.53
2022-03-30 09:07,6,24.98,46.12
2022-03-30 09:08,7,24.98,43.67
2022-03-30 09:08,8,25.33,46.12
2022-03-30 09:13,2,24.63,46.12
2022-03-30 09:14,4,24.98,62.86
2022-03-30 09:15,3,24.98,47.35
2022-03-30 09:16,10,25.33,51.02
2022-03-30 09:16,12,25.33,51.43
2022-03-30 09:18,2,24.63,46.53
2022-03-30 09:19,5,24.63,53.88
2022-03-30 09:19,9,24.98,47.76
2022-03-30 09:23,2,24.63,46.53
2022-03-30 09:23,11,24.98,50.61
2022-03-30 09:27,1,24.63,59.18
2022-03-30 09:27,6,24.63,46.12
2022-03-30 09:28,2,24.63,46.53
2022-03-30 09:28,7,24.98,43.67
2022-03-30 09:28,8,24.98,46.12
2022-03-30 09:33,2,24.63,46.53
2022-03-30 09:34,4,24.98,63.27
2022-03-30 09:36,10,25.33,51.02
2022-03-30 09:38,2,24.63,46.53
2022-03-30 09:38,5,24.63,53.88
2022-03-30 09:38,9,24.98,47.76
2022-03-30 09:43,2,24.63,46.53
2022-03-30 09:43,11,24.98,50.2
2022-03-30 09:46,1,24.63,59.18
2022-03-30 09:47,6,24.63,46.12
2022-03-30 09:48,2,24.63,46.53
2022-03-30 09:48,7,24.98,43.67
2022-03-30 09:48,8,24.98,46.12
2022-03-30 09:53,2,24.63,46.53
2022-03-30 09:54,3,24.98,47.76
2022-03-30 09:54,4,24.98,62.86
2022-03-30 09:56,10,25.33,51.02
2022-03-30 09:56,12,25.33,51.43
2022-03-30 09:58,2,24.63,46.53
2022-03-30 09:58,5,24.29,53.88
2022-03-30 09:58,9,24.98,47.76
2022-03-30 10:03,2,24.63,46.53
2022-03-30 10:03,11,24.98,50.61
2022-03-30 10:06,1,24.63,59.18
2022-03-30 10:07,6,24.63,46.12
2022-03-30 10:08,2,24.63,46.53
2022-03-30 10:08,7,24.98,43.67
2022-03-30 10:08,8,24.98,46.12
2022-03-30 10:13,2,24.63,46.53
2022-03-30 10:14,3,24.98,47.76
2022-03-30 10:14,4,24.98,62.86
2022-03-30 10:16,10,25.33,51.02
2022-03-30 10:16,12,24.98,51.43
2022-03-30 10:18,2,24.63,46.53
2022-03-30 10:18,5,24.29,53.88
2022-03-30 10:18,9,24.98,47.76
2022-03-30 10:23,2,24.63,46.53
2022-03-30 10:23,11,24.98,50.61
2022-03-30 10:26,1,24.63,59.18
2022-03-30 10:27,6,24.63,46.12
2022-03-30 10:28,2,24.63,46.53
2022-03-30 10:28,7,24.98,44.08
2022-03-30 10:28,8,24.98,46.12
2022-03-30 10:33,2,24.63,46.53
2022-03-30 10:34,3,24.98,47.35
2022-03-30 10:34,4,24.98,63.27
2022-03-30 10:36,12,24.98,51.43
2022-03-30 10:38,2,24.63,46.53
2022-03-30 10:38,5,24.29,53.88
2022-03-30 10:38,9,24.98,47.76
2022-03-30 10:43,2,24.63,46.53
2022-03-30 10:43,11,24.98,50.61
2022-03-30 10:46,1,24.63,59.59
2022-03-30 10:47,6,24.63,46.12
2022-03-30 10:48,2,24.63,46.53
2022-03-30 10:48,7,24.98,43.67
2022-03-30 10:48,8,24.98,46.12
2022-03-30 10:53,2,24.63,46.53
2022-03-30 10:54,3,24.98,47.76
2022-03-30 10:54,4,24.98,62.86
2022-03-30 10:56,10,25.33,51.02
2022-03-30 10:56,12,24.98,51.43
2022-03-30 10:58,2,24.63,46.53
2022-03-30 10:58,5,24.29,53.88
2022-03-30 10:58,9,24.98,47.35
2022-03-30 11:03,2,24.63,46.53
2022-03-30 11:03,11,24.98,50.61
2022-03-30 11:06,1,24.63,59.59
2022-03-30 11:07,6,24.63,46.12
2022-03-30 11:08,2,24.63,46.53
2022-03-30 11:08,7,24.63,43.67
2022-03-30 11:08,8,24.98,46.12
2022-03-30 11:13,2,24.63,46.53
2022-03-30 11:14,3,24.98,47.35
2022-03-30 11:14,4,24.98,62.86
2022-03-30 11:16,10,24.98,51.02
2022-03-30 11:16,12,24.98,51.43
2022-03-30 11:18,2,24.63,46.12
2022-03-30 11:18,5,24.29,53.47
2022-03-30 11:18,9,24.98,47.76
2022-03-30 11:23,2,24.63,46.53
2022-03-30 11:23,11,24.98,50.61
2022-03-30 11:26,1,24.63,59.59
2022-03-30 11:26,6,24.63,46.12
2022-03-30 11:28,2,24.63,46.53
2022-03-30 11:28,7,24.63,43.67
2022-03-30 11:34,3,24.98,47.35
2022-03-30 11:34,4,24.98,62.86
2022-03-30 11:35,10,24.98,51.02
2022-03-30 11:38,2,24.63,46.53
2022-03-30 11:38,5,24.29,53.88
2022-03-30 11:38,9,24.98,47.35
2022-03-30 11:43,11,24.98,50.61
2022-03-30 11:46,1,24.63,66.12
2022-03-30 11:46,6,24.63,46.12
2022-03-30 11:48,2,24.63,46.53
2022-03-30 11:48,7,24.63,43.67
2022-03-30 11:48,8,24.98,46.12
2022-03-30 11:53,2,24.63,46.53
2022-03-30 11:54,3,24.98,47.35
2022-03-30 11:54,4,24.98,62.86
2022-03-30 11:58,2,24.63,46.53
2022-03-30 11:58,5,24.29,54.29
2022-03-30 11:58,9,24.98,47.35
2022-03-30 12:03,2,24.63,46.53
2022-03-30 12:03,11,24.98,50.2
2022-03-30 12:06,1,24.63,66.53
2022-03-30 12:07,7,24.63,43.67
2022-03-30 12:08,2,24.63,46.53
2022-03-30 12:08,8,24.98,46.12
2022-03-30 12:13,2,24.63,46.53
2022-03-30 12:14,3,24.98,47.35
2022-03-30 12:14,4,24.98,62.86
2022-03-30 12:15,10,24.98,51.02
2022-03-30 12:15,12,24.98,51.84
2022-03-30 12:18,2,24.63,46.53
2022-03-30 12:18,5,24.29,54.69
2022-03-30 12:18,9,24.98,47.35
2022-03-30 12:23,2,24.63,46.53
2022-03-30 12:26,1,24.63,66.53
2022-03-30 12:26,6,24.63,46.12
2022-03-30 12:27,7,24.63,43.67
2022-03-30 12:28,2,24.63,46.53
2022-03-30 12:28,8,24.98,46.12
2022-03-30 12:33,2,24.63,48.16
2022-03-30 12:33,4,24.98,64.9
2022-03-30 12:34,3,24.98,47.35
2022-03-30 12:35,10,24.98,51.02
2022-03-30 12:35,12,24.98,51.84
2022-03-30 12:38,2,24.63,49.8
2022-03-30 12:38,5,24.29,54.29
2022-03-30 12:38,9,24.63,48.98
2022-03-30 12:42,11,24.63,50.2
2022-03-30 12:46,1,24.63,66.94
2022-03-30 12:46,6,24.63,46.53
2022-03-30 12:47,7,24.63,43.67
2022-03-30 12:47,8,24.98,46.12
2022-03-30 12:48,2,24.63,51.43
2022-03-30 12:53,2,24.29,52.24
2022-03-30 12:53,4,24.98,65.71
2022-03-30 12:55,10,24.98,51.43
2022-03-30 12:55,12,24.98,52.24
2022-03-30 12:58,2,24.29,52.65
2022-03-30 12:58,5,24.29,54.29
2022-03-30 12:58,9,24.63,49.39
2022-03-30 13:02,11,24.63,51.02
2022-03-30 13:03,2,24.29,53.47
2022-03-30 13:05,1,24.63,68.16
2022-03-30 13:06,6,24.63,46.12
2022-03-30 13:07,7,24.63,43.67
2022-03-30 13:08,2,24.29,53.88
2022-03-30 13:13,2,24.29,54.69
2022-03-30 13:13,3,24.98,47.76
2022-03-30 13:13,4,24.98,67.76
2022-03-30 13:15,10,24.98,52.24
2022-03-30 13:17,5,24.29,54.29
2022-03-30 13:17,9,24.63,49.8
2022-03-30 13:18,2,24.29,55.1
2022-03-30 13:22,11,24.63,51.02
2022-03-30 13:23,2,24.29,55.51
2022-03-30 13:26,6,24.63,46.53
2022-03-30 13:27,7,24.63,44.08
2022-03-30 13:27,8,24.98,46.12
2022-03-30 13:28,2,24.29,55.51
2022-03-30 13:33,2,24.29,55.92
2022-03-30 13:33,3,24.63,48.16
2022-03-30 13:33,4,24.63,69.8
2022-03-30 13:35,10,24.98,52.65
2022-03-30 13:35,12,24.98,53.88
2022-03-30 13:37,5,24.29,54.69
2022-03-30 13:37,9,24.63,50.2
2022-03-30 13:38,2,24.29,56.33
2022-03-30 13:42,11,24.63,51.02
2022-03-30 13:45,1,24.29,69.8
2022-03-30 13:46,6,24.29,46.53
2022-03-30 13:47,7,24.63,43.67
2022-03-30 13:47,8,24.98,46.12
2022-03-30 13:48,2,24.29,56.73
2022-03-30 13:53,2,24.29,56.73
2022-03-30 13:53,3,24.63,48.98
2022-03-30 13:53,4,24.63,71.43
2022-03-30 13:55,10,24.98,53.06
2022-03-30 13:57,5,24.29,55.1
2022-03-30 13:57,9,24.63,51.02
2022-03-30 13:58,2,24.29,57.14
2022-03-30 14:02,11,24.63,51.02
2022-03-30 14:03,2,24.29,57.14
2022-03-30 14:05,1,24.29,70.2
2022-03-30 14:06,6,24.29,46.53
2022-03-30 14:07,7,24.63,43.67
2022-03-30 14:07,8,24.63,46.12
2022-03-30 14:08,2,24.29,57.14
2022-03-30 14:13,2,24.29,57.55
2022-03-30 14:13,3,24.63,48.98
2022-03-30 14:13,4,24.63,72.24
2022-03-30 14:15,10,24.98,53.47
2022-03-30 14:17,5,23.94,55.51
2022-03-30 14:17,9,24.63,51.02
2022-03-30 14:18,2,24.29,57.55
2022-03-30 14:22,11,24.63,51.02
2022-03-30 14:23,2,24.29,57.55
2022-03-30 14:26,6,24.29,46.94
2022-03-30 14:27,7,24.63,43.67
2022-03-30 14:27,8,24.63,46.12
2022-03-30 14:28,2,24.29,57.55
2022-03-30 14:33,2,24.29,57.55
2022-03-30 14:33,3,24.63,48.98
2022-03-30 14:33,4,24.63,72.65
2022-03-30 14:35,10,24.63,53.47
2022-03-30 14:35,12,24.63,55.92
2022-03-30 14:37,5,23.94,55.51
2022-03-30 14:37,9,24.29,51.43
2022-03-30 14:42,11,24.63,51.02
2022-03-30 14:43,2,24.29,57.55
2022-03-30 14:45,1,24.29,70.61
2022-03-30 14:46,6,24.29,47.35
2022-03-30 14:47,7,24.63,43.67
2022-03-30 14:47,8,24.63,46.12
2022-03-30 14:48,2,24.29,57.55
2022-03-30 14:53,2,24.29,57.14
2022-03-30 14:53,3,24.63,49.39
2022-03-30 14:53,4,24.29,73.06
2022-03-30 14:55,10,24.63,53.88
2022-03-30 14:55,12,24.63,56.33
2022-03-30 14:57,9,24.29,51.43
2022-03-30 14:58,2,24.29,57.55
2022-03-30 15:03,2,24.29,57.14
2022-03-30 15:05,1,24.29,70.61
2022-03-30 15:05,6,24.29,47.76
2022-03-30 15:07,7,24.29,44.08
2022-03-30 15:07,8,24.63,46.12
2022-03-30 15:08,2,23.94,57.14
2022-03-30 15:13,2,23.94,57.14
2022-03-30 15:13,3,24.63,49.39
2022-03-30 15:13,4,24.29,73.06
2022-03-30 15:15,10,24.63,53.88
2022-03-30 15:15,12,24.63,56.33
2022-03-30 15:17,5,23.94,55.51
2022-03-30 15:17,9,24.29,51.43
2022-03-30 15:18,2,23.94,57.14
2022-03-30 15:22,11,24.29,51.02
2022-03-30 15:23,2,23.94,57.14
2022-03-30 15:25,1,23.94,70.61
2022-03-30 15:25,6,23.94,47.76
2022-03-30 15:26,7,24.29,43.67
2022-03-30 15:27,8,24.29,46.12
2022-03-30 15:33,2,23.94,57.14
2022-03-30 15:33,3,24.29,49.39
2022-03-30 15:33,4,24.29,73.06
2022-03-30 15:34,10,24.63,53.88
2022-03-30 15:34,12,24.29,56.73
2022-03-30 15:37,5,23.94,55.92
2022-03-30 15:37,9,24.29,51.43
2022-03-30 15:38,2,23.94,57.14
2022-03-30 15:42,11,24.29,51.43
2022-03-30 15:43,2,23.94,57.14
2022-03-30 15:45,1,23.94,70.61
2022-03-30 15:45,6,23.94,48.16
2022-03-30 15:46,7,24.29,44.08
2022-03-30 15:47,8,24.29,46.12
2022-03-30 15:48,2,23.94,56.73
2022-03-30 15:53,2,23.94,56.73
2022-03-30 15:53,3,24.29,49.39
2022-03-30 15:53,4,24.29,73.06
2022-03-30 15:54,12,24.29,56.73
2022-03-30 15:57,5,23.94,55.92
2022-03-30 15:57,9,24.29,51.43
2022-03-30 15:58,2,23.94,56.73
2022-03-30 16:01,11,24.29,51.43
2022-03-30 16:03,2,23.94,56.73
2022-03-30 16:04,1,23.94,70.61
2022-03-30 16:05,6,23.94,48.16
2022-03-30 16:06,7,24.29,44.08
2022-03-30 16:07,8,24.29,46.53
2022-03-30 16:08,2,23.94,56.73
2022-03-30 16:12,4,24.29,73.06
2022-03-30 16:13,2,23.94,56.73
2022-03-30 16:14,10,24.29,53.88
2022-03-30 16:14,12,24.29,56.73
2022-03-30 16:16,9,24.29,51.43
2022-03-30 16:17,5,23.59,55.92
2022-03-30 16:21,11,24.29,51.84
2022-03-30 16:23,2,23.94,56.73
2022-03-30 16:24,1,23.94,71.02
2022-03-30 16:25,6,23.94,48.16
2022-03-30 16:26,7,24.29,44.08
2022-03-30 16:26,8,24.29,46.53
2022-03-30 16:28,2,23.94,56.73
2022-03-30 16:32,3,24.29,49.8
2022-03-30 16:32,4,23.94,73.06
2022-03-30 16:33,2,23.94,56.73
2022-03-30 16:34,10,24.29,53.88
2022-03-30 16:34,12,24.29,57.14
2022-03-30 16:36,5,23.59,55.92
2022-03-30 16:36,9,24.29,51.43
2022-03-30 16:38,2,23.94,56.73
2022-03-30 16:41,11,23.94,51.84
2022-03-30 16:43,2,23.94,56.73
2022-03-30 16:44,1,23.94,71.02
2022-03-30 16:45,6,23.94,48.16
2022-03-30 16:46,8,24.29,46.53
2022-03-30 16:48,2,23.94,56.33
2022-03-30 16:52,3,24.29,49.8
2022-03-30 16:52,4,23.94,73.47
2022-03-30 16:53,2,23.94,56.33
2022-03-30 16:54,10,24.29,54.29
2022-03-30 16:54,12,23.94,57.14
2022-03-30 16:56,5,23.59,56.33
2022-03-30 16:56,9,23.94,51.84
2022-03-30 16:58,2,23.94,56.33
2022-03-30 17:01,11,23.94,51.84
2022-03-30 17:03,2,23.94,56.33
2022-03-30 17:04,1,23.59,71.02
2022-03-30 17:05,6,23.94,48.16
2022-03-30 17:06,7,23.94,44.08
2022-03-30 17:06,8,23.94,46.53
2022-03-30 17:08,2,23.94,56.33
2022-03-30 17:12,3,24.29,49.39
2022-03-30 17:12,4,23.94,73.47
2022-03-30 17:13,2,23.94,56.33
2022-03-30 17:14,10,24.29,54.29
2022-03-30 17:14,12,23.94,57.14
2022-03-30 17:16,9,23.94,51.84
2022-03-30 17:18,2,23.94,56.33
2022-03-30 17:21,11,23.94,51.84
2022-03-30 17:23,2,23.59,55.92
2022-03-30 17:24,1,23.59,71.02
2022-03-30 17:25,6,23.59,48.16
2022-03-30 17:26,7,23.94,44.08
2022-03-30 17:26,8,23.94,46.53
2022-03-30 17:29,2,23.59,55.92
2022-03-30 17:32,3,24.29,49.8
2022-03-30 17:32,4,23.94,73.06
2022-03-30 17:36,5,23.59,56.33
2022-03-30 17:36,9,23.94,51.84
2022-03-30 17:39,2,23.59,55.92
2022-03-30 17:41,11,23.94,52.24
2022-03-30 17:44,2,23.59,55.92
2022-03-30 17:45,6,23.59,48.57
2022-03-30 17:46,7,23.94,44.08
2022-03-30 17:46,8,23.94,46.53
2022-03-30 17:49,2,23.59,55.92
2022-03-30 17:52,3,24.29,49.8
2022-03-30 17:52,4,23.94,73.06
2022-03-30 17:54,2,23.59,55.92
2022-03-30 17:54,10,24.29,54.69
2022-03-30 17:54,12,23.94,56.73
2022-03-30 17:56,5,23.59,56.33
2022-03-30 17:56,9,23.94,51.43
2022-03-30 17:59,2,23.59,55.92
2022-03-30 18:04,2,23.59,55.92
2022-03-30 18:05,6,23.59,48.57
2022-03-30 18:06,7,23.94,44.08
2022-03-30 18:09,2,23.59,55.92
2022-03-30 18:12,3,24.29,49.8
2022-03-30 18:12,4,23.94,73.06
2022-03-30 18:14,2,23.59,55.51
2022-03-30 18:14,10,24.29,54.69
2022-03-30 18:14,12,23.94,57.14
2022-03-30 18:16,5,23.59,56.33
2022-03-30 18:16,9,23.94,51.84
2022-03-30 18:19,2,23.59,55.51
2022-03-30 18:21,11,23.94,52.24
2022-03-30 18:24,1,23.59,71.43
2022-03-30 18:24,2,23.59,55.92
2022-03-30 18:26,7,23.94,44.08
2022-03-30 18:26,8,23.94,46.12
2022-03-30 18:29,2,23.59,55.51
2022-03-30 18:32,3,23.94,49.39
2022-03-30 18:32,4,23.94,72.65
2022-03-30 18:34,2,23.59,55.51
2022-03-30 18:34,10,24.29,54.69
2022-03-30 18:34,12,23.94,57.14
2022-03-30 18:36,9,23.94,51.84
2022-03-30 18:39,2,23.59,55.51
2022-03-30 18:41,11,23.94,52.24
2022-03-30 18:44,1,23.59,71.02
2022-03-30 18:44,2,23.59,55.51
2022-03-30 18:45,6,23.59,48.16
2022-03-30 18:46,7,23.94,44.08
2022-03-30 18:46,8,23.94,46.53
2022-03-30 18:52,3,23.94,49.39
2022-03-30 18:52,4,23.94,72.65
2022-03-30 18:54,2,23.59,55.51
2022-03-30 18:54,12,23.94,57.14
2022-03-30 18:56,9,23.94,51.84
2022-03-30 18:59,2,23.59,55.51
2022-03-30 19:01,11,23.94,52.24
2022-03-30 19:04,1,23.59,71.02
2022-03-30 19:04,2,23.59,55.51
2022-03-30 19:05,6,23.59,48.16
2022-03-30 19:05,7,23.94,43.67
2022-03-30 19:06,8,23.94,46.53
2022-03-30 19:09,2,23.59,55.51
2022-03-30 19:12,3,23.94,49.39
2022-03-30 19:12,4,23.59,73.06
2022-03-30 19:13,12,23.94,57.14
2022-03-30 19:14,2,23.59,55.51
2022-03-30 19:16,5,23.24,56.73
2022-03-30 19:16,9,23.94,51.84
2022-03-30 19:21,11,23.94,52.24
2022-03-30 19:24,2,23.59,55.1
2022-03-30 19:24,6,23.59,48.16
2022-03-30 19:25,7,23.94,43.67
2022-03-30 19:26,8,23.94,46.53
2022-03-30 19:29,2,23.59,55.1
2022-03-30 19:32,3,23.94,49.8
2022-03-30 19:32,4,23.59,72.65
2022-03-30 19:33,12,23.59,57.14
2022-03-30 19:34,2,23.59,55.1
2022-03-30 19:34,10,24.29,55.1
2022-03-30 19:36,5,23.24,57.14
2022-03-30 19:36,9,23.94,51.84
2022-03-30 19:39,2,23.59,55.1
2022-03-30 19:40,11,23.94,52.24
2022-03-30 19:43,1,23.59,71.43
2022-03-30 19:44,2,23.59,55.1
2022-03-30 19:45,7,23.94,44.08
2022-03-30 19:46,8,23.59,46.53
2022-03-30 19:49,2,23.59,55.1
2022-03-30 19:52,3,23.94,49.8
2022-03-30 19:52,4,23.59,72.24
2022-03-30 19:53,10,23.94,55.1
2022-03-30 19:53,12,23.59,57.14
2022-03-30 19:54,2,23.59,55.1
2022-03-30 19:55,5,23.24,57.14
2022-03-30 19:56,9,23.94,51.84
2022-03-30 19:59,2,23.59,55.1
2022-03-30 20:00,11,23.94,52.24
2022-03-30 20:04,2,23.59,55.1
2022-03-30 20:04,6,23.59,48.16
2022-03-30 20:05,7,23.94,44.08
2022-03-30 20:06,8,23.59,46.53
2022-03-30 20:09,2,23.59,55.1
2022-03-30 20:12,3,23.94,49.39
2022-03-30 20:13,10,23.94,55.1
2022-03-30 20:13,12,23.59,57.14
2022-03-30 20:14,2,23.59,55.1
2022-03-30 20:15,5,23.24,56.73
2022-03-30 20:15,9,23.94,51.84
2022-03-30 20:19,2,23.59,54.69
2022-03-30 20:20,11,23.59,52.24
2022-03-30 20:23,1,23.24,71.84
2022-03-30 20:24,2,23.59,54.69
2022-03-30 20:24,6,23.59,48.16
2022-03-30 20:25,7,23.94,44.08
2022-03-30 20:26,8,23.59,46.12
2022-03-30 20:29,2,23.59,54.69
2022-03-30 20:31,3,23.94,49.39
2022-03-30 20:31,4,23.59,72.24
2022-03-30 20:33,10,23.94,55.1
2022-03-30 20:33,12,23.59,57.55
2022-03-30 20:34,2,23.59,54.69
2022-03-30 20:35,5,23.24,56.73
2022-03-30 20:35,9,23.94,51.84
2022-03-30 20:40,11,23.59,52.24
2022-03-30 20:43,1,23.24,71.43
2022-03-30 20:44,2,23.59,54.69
2022-03-30 20:44,6,23.24,48.16
2022-03-30 20:45,7,23.94,43.67
2022-03-30 20:45,8,23.59,46.53
2022-03-30 20:49,2,23.59,54.69
2022-03-30 20:51,4,23.59,72.65
2022-03-30 20:53,10,23.94,55.1
2022-03-30 20:54,2,23.24,54.69
2022-03-30 20:55,5,23.24,56.73
2022-03-30 20:55,9,23.94,51.43
2022-03-30 20:59,2,23.24,54.69
2022-03-30 21:00,11,23.59,52.65
2022-03-30 21:03,1,23.24,71.43
2022-03-30 21:04,2,23.24,54.69
2022-03-30 21:04,6,23.24,48.16
2022-03-30 21:05,7,23.94,43.67
2022-03-30 21:05,8,23.59,46.12
2022-03-30 21:09,2,23.24,54.69
2022-03-30 21:11,3,23.94,49.39
2022-03-30 21:11,4,23.59,72.24
2022-03-30 21:13,10,23.94,55.1
2022-03-30 21:13,12,23.59,57.96
2022-03-30 21:14,2,23.24,54.29
2022-03-30 21:15,5,23.24,57.14
2022-03-30 21:15,9,23.94,51.43
2022-03-30 21:19,2,23.24,54.29
2022-03-30 21:20,11,23.59,52.65
2022-03-30 21:23,1,23.24,71.84
2022-03-30 21:24,2,23.24,54.29
2022-03-30 21:24,6,23.24,48.57
2022-03-30 21:25,7,23.59,43.67
2022-03-30 21:25,8,23.59,46.12
2022-03-30 21:29,2,23.24,54.29
2022-03-30 21:31,3,23.94,49.39
2022-03-30 21:31,4,23.24,72.24
2022-03-30 21:33,10,23.94,55.1
2022-03-30 21:34,2,23.24,54.29
2022-03-30 21:35,5,23.24,57.14
2022-03-30 21:35,9,23.94,51.84
2022-03-30 21:39,2,23.24,54.29
2022-03-30 21:40,11,23.59,53.06
2022-03-30 21:44,2,23.24,54.29
2022-03-30 21:44,6,23.24,48.57
2022-03-30 21:45,7,23.59,43.67
2022-03-30 21:45,8,23.24,46.12
2022-03-30 21:49,2,23.24,54.29
2022-03-30 21:51,3,23.59,49.39
2022-03-30 21:51,4,23.24,71.84
2022-03-30 21:53,10,23.94,55.1
2022-03-30 21:53,12,23.59,57.96
2022-03-30 21:54,2,23.24,54.29
2022-03-30 21:55,5,23.24,57.14
2022-03-30 21:55,9,23.94,51.43
2022-03-30 21:59,2,23.24,53.88
2022-03-30 22:00,11,23.59,53.06
2022-03-30 22:02,1,22.9,72.24
2022-03-30 22:04,2,23.24,54.29
2022-03-30 22:04,6,23.24,48.57
2022-03-30 22:05,7,23.59,44.08
2022-03-30 22:09,2,23.24,54.29
2022-03-30 22:11,3,23.59,49.39
2022-03-30 22:11,4,23.24,71.84
2022-03-30 22:13,12,23.24,54.69
2022-03-30 22:14,2,23.24,54.29
2022-03-30 22:15,5,22.9,57.14
2022-03-30 22:15,9,23.59,51.43
2022-03-30 22:19,2,23.24,54.29
2022-03-30 22:20,11,23.24,53.06
2022-03-30 22:22,1,22.9,72.24
2022-03-30 22:24,2,23.24,54.29
2022-03-30 22:24,6,22.9,48.57
2022-03-30 22:24,7,23.59,44.08
2022-03-30 22:25,8,23.24,46.53
2022-03-30 22:29,2,23.24,54.29
2022-03-30 22:31,3,23.59,49.39
2022-03-30 22:31,4,23.24,71.84
2022-03-30 22:32,12,23.24,54.29
2022-03-30 22:34,2,22.9,54.29
2022-03-30 22:35,9,23.59,51.43
2022-03-30 22:39,2,22.9,54.29
2022-03-30 22:39,11,23.24,53.06
2022-03-30 22:42,1,22.9,72.24
2022-03-30 22:44,2,22.9,53.88
2022-03-30 22:44,6,22.9,48.57
2022-03-30 22:45,8,23.24,46.12
2022-03-30 22:49,2,22.9,53.88
2022-03-30 22:51,3,23.59,49.39
2022-03-30 22:51,4,22.9,71.43
2022-03-30 22:52,12,23.24,54.29
2022-03-30 22:53,10,23.59,55.1
2022-03-30 22:54,2,22.9,53.88
2022-03-30 22:55,5,22.9,53.88
2022-03-30 22:55,9,23.59,51.43
2022-03-30 22:59,2,22.9,53.88
2022-03-30 22:59,11,23.24,53.06
2022-03-30 23:02,1,22.9,72.24
2022-03-30 23:04,2,22.9,53.88
2022-03-30 23:04,6,22.9,48.57
2022-03-30 23:04,7,23.24,50.2
2022-03-30 23:05,8,22.9,46.12
2022-03-30 23:09,2,22.9,53.88
2022-03-30 23:11,3,23.24,49.39
2022-03-30 23:11,4,22.9,71.43
2022-03-30 23:12,12,23.24,54.29
2022-03-30 23:13,10,23.59,55.51
2022-03-30 23:14,2,22.9,53.88
2022-03-30 23:14,9,23.24,51.43
2022-03-30 23:15,5,22.9,57.55
2022-03-30 23:19,2,22.9,53.88
2022-03-30 23:19,11,22.9,53.06
2022-03-30 23:23,6,22.9,48.57
2022-03-30 23:24,2,22.9,53.88
2022-03-30 23:24,7,23.24,48.57
2022-03-30 23:25,8,22.9,46.53
2022-03-30 23:29,2,22.9,53.88
2022-03-30 23:30,4,22.9,71.43
2022-03-30 23:31,3,23.24,49.39
2022-03-30 23:32,12,22.9,54.29
2022-03-30 23:34,2,22.9,53.47
2022-03-30 23:34,5,22.55,57.55
2022-03-30 23:34,9,23.24,51.43
2022-03-30 23:39,2,22.9,53.47
2022-03-30 23:39,11,22.9,53.06
2022-03-30 23:42,1,22.55,72.65
2022-03-30 23:43,6,22.55,48.98
2022-03-30 23:44,2,22.9,53.47
2022-03-30 23:44,7,23.24,50.2
2022-03-30 23:45,8,22.9,46.12
2022-03-30 23:49,2,22.9,53.47
2022-03-30 23:50,3,23.24,49.39
2022-03-30 23:50,4,22.55,71.84
2022-03-30 23:52,10,23.24,55.1
2022-03-30 23:52,12,22.9,54.69
2022-03-30 23:54,2,22.9,53.47
2022-03-30 23:54,5,22.55,58.37
2022-03-30 23:54,9,23.24,51.43
2022-03-30 23:59,2,22.55,53.47
2022-03-30 23:59,11,22.9,53.06
2022-03-31 00:02,1,22.55,72.24
2022-03-31 00:03,6,22.55,48.98
2022-03-31 00:04,2,22.55,53.47
2022-03-31 00:04,7,23.24,51.43
2022-03-31 00:05,8,22.9,46.12
2022-03-31 00:09,2,22.55,53.88
2022-03-31 00:10,3,23.24,49.39
2022-03-31 00:10,4,22.55,71.02
2022-03-31 00:12,10,23.24,55.1
2022-03-31 00:14,2,22.55,53.47
2022-03-31 00:14,5,22.55,54.29
2022-03-31 00:14,9,22.9,51.43
2022-03-31 00:19,2,22.55,53.47
2022-03-31 00:19,11,22.9,53.06
2022-03-31 00:22,1,22.55,72.65
2022-03-31 00:23,6,22.55,48.57
2022-03-31 00:24,2,22.55,53.06
2022-03-31 00:24,7,23.24,53.06
2022-03-31 00:24,8,22.55,46.12
2022-03-31 00:29,2,22.55,53.47
2022-03-31 00:30,3,22.9,49.39
2022-03-31 00:30,4,22.55,71.43
2022-03-31 00:32,10,22.9,55.1
2022-03-31 00:32,12,22.55,54.69
2022-03-31 00:34,2,22.55,53.06
2022-03-31 00:34,5,22.55,53.47
2022-03-31 00:34,9,22.9,51.43
2022-03-31 00:39,2,22.55,53.06
2022-03-31 00:39,11,22.55,53.06
2022-03-31 00:43,6,22.55,48.57
2022-03-31 00:44,2,22.55,53.06
2022-03-31 00:44,7,22.9,54.29
2022-03-31 00:50,3,22.9,49.39
2022-03-31 00:50,4,22.55,71.43
2022-03-31 00:52,10,22.9,55.1
2022-03-31 00:52,12,22.55,54.69
2022-03-31 00:54,2,22.55,53.06
2022-03-31 00:54,5,22.2,53.88
2022-03-31 00:54,9,22.9,51.43
2022-03-31 00:59,2,22.55,53.06
2022-03-31 01:02,1,22.2,72.65
2022-03-31 01:03,6,22.2,48.57
2022-03-31 01:04,2,22.55,53.06
2022-03-31 01:04,7,22.9,55.1
2022-03-31 01:09,2,22.55,53.06
2022-03-31 01:10,3,22.9,49.39
2022-03-31 01:10,4,22.2,71.43
2022-03-31 01:12,10,22.9,55.1
2022-03-31 01:12,12,22.55,55.1
2022-03-31 01:14,2,22.55,53.06
2022-03-31 01:14,5,22.2,57.55
2022-03-31 01:14,9,22.9,51.02
2022-03-31 01:19,2,22.55,53.06
2022-03-31 01:19,11,22.55,52.65
2022-03-31 01:21,1,22.2,72.65
2022-03-31 01:23,6,22.2,48.98
2022-03-31 01:24,2,22.2,53.06
2022-03-31 01:24,7,22.9,55.51
2022-03-31 01:24,8,22.55,46.12
2022-03-31 01:29,2,22.2,53.06
2022-03-31 01:30,3,22.9,48.98
2022-03-31 01:30,4,22.2,71.43
2022-03-31 01:32,10,22.9,55.1
2022-03-31 01:32,12,22.55,55.1
2022-03-31 01:34,2,22.2,53.06
2022-03-31 01:34,5,22.2,54.69
2022-03-31 01:34,9,22.55,51.02
2022-03-31 01:39,2,22.2,53.06
2022-03-31 01:39,11,22.55,52.65
2022-03-31 01:41,1,22.2,72.65
2022-03-31 01:43,6,22.2,48.98
2022-03-31 01:43,7,22.9,56.33
2022-03-31 01:44,8,22.2,46.12
2022-03-31 01:45,2,22.2,53.06
2022-03-31 01:50,2,22.2,53.06
2022-03-31 01:50,3,22.55,49.39
2022-03-31 01:50,4,22.2,70.61
2022-03-31 01:52,10,22.55,55.1
2022-03-31 01:52,12,22.2,55.1
2022-03-31 01:54,5,22.2,58.37
2022-03-31 01:54,9,22.55,51.43
2022-03-31 01:55,2,22.2,53.06
2022-03-31 01:58,11,22.2,52.65
2022-03-31 02:00,2,22.2,53.06
2022-03-31 02:01,1,22.2,73.06
2022-03-31 02:03,6,22.2,48.57
2022-03-31 02:03,7,22.55,57.14
2022-03-31 02:04,8,22.2,46.12
2022-03-31 02:05,2,22.2,52.65
2022-03-31 02:10,2,22.2,52.65
2022-03-31 02:10,3,22.55,49.39
2022-03-31 02:10,4,22.2,71.02
2022-03-31 02:11,12,22.2,55.1
2022-03-31 02:12,10,22.55,55.1
2022-03-31 02:13,9,22.55,51.43
2022-03-31 02:14,5,21.86,57.96
2022-03-31 02:15,2,22.2,52.65
2022-03-31 02:18,11,22.2,52.65
2022-03-31 02:20,2,22.2,52.65
2022-03-31 02:21,1,21.86,72.65
2022-03-31 02:23,6,21.86,48.98
2022-03-31 02:23,7,22.55,57.55
2022-03-31 02:24,8,22.2,46.12
2022-03-31 02:25,2,22.2,52.65
2022-03-31 02:30,2,22.2,52.65
2022-03-31 02:30,3,22.55,48.98
2022-03-31 02:30,4,21.86,71.02
2022-03-31 02:31,12,22.2,55.51
2022-03-31 02:32,10,22.55,55.1
2022-03-31 02:33,9,22.55,51.43
2022-03-31 02:34,5,21.86,57.96
2022-03-31 02:35,2,22.2,52.65
2022-03-31 02:38,11,22.2,52.65
2022-03-31 02:40,2,22.2,52.65
2022-03-31 02:41,1,21.86,72.65
2022-03-31 02:43,6,21.86,48.98
2022-03-31 02:43,7,22.55,57.96
2022-03-31 02:44,8,22.2,46.12
2022-03-31 02:45,2,22.2,52.65
2022-03-31 02:50,2,22.2,52.65
2022-03-31 02:50,3,22.55,49.39
2022-03-31 02:50,4,21.86,70.61
2022-03-31 02:52,10,22.2,55.1
2022-03-31 02:53,5,21.86,54.29
2022-03-31 02:53,9,22.2,51.43
2022-03-31 02:55,2,21.86,52.65
